{"type":"FeatureCollection","features":[{"type":"Feature","properties":{"id":"way/86581371","sourceUrl":"https://www.openstreetmap.org/way/86581371","name":null,"asOf":"2026-09-04T11:18:21Z","kind":"green","greenType":"wood"},"geometry":{"type":"Polygon","coordinates":[[[48.7334685,55.7558102],[48.7342489,55.7552515],[48.7346756,55.7546539],[48.7355608,55.7541649],[48.7357056,55.7538751],[48.7364083,55.7536094],[48.7363332,55.7534856],[48.7363762,55.7533317],[48.7365532,55.7531506],[48.7368536,55.7530509],[48.7373738,55.7525136],[48.7378244,55.7524412],[48.7387256,55.7517891],[48.739352,55.7517342],[48.7394157,55.7520655],[48.7398115,55.7519895],[48.7400909,55.7516846],[48.7407856,55.7515234],[48.740571,55.7512336],[48.7402666,55.7510639],[48.7397985,55.7509679],[48.7398674,55.7508655],[48.7395427,55.7506903],[48.7390046,55.7508351],[48.7390034,55.7507363],[48.7389428,55.7506589],[48.738948,55.7505718],[48.7388728,55.7505117],[48.7388371,55.750262],[48.7386933,55.7498708],[48.7383394,55.7495067],[48.7379317,55.7488545],[48.7376527,55.748927],[48.7373309,55.7493859],[48.7370948,55.7492531],[48.7368374,55.7485768],[48.7373953,55.7483111],[48.7373953,55.748142],[48.7360434,55.7482869],[48.7365837,55.7477992],[48.7356371,55.7475532],[48.7342684,55.7474772],[48.7334136,55.7480607],[48.733726,55.7495791],[48.7337475,55.7537333],[48.7332754,55.7545423],[48.733,55.7547319998393],[48.733,55.75605466239885],[48.7334685,55.7558102]]]}},{"type":"Feature","properties":{"id":"way/86584213","sourceUrl":"https://www.openstreetmap.org/way/86584213","name":null,"asOf":"2026-09-04T11:18:21Z","kind":"green","greenType":"wood"},"geometry":{"type":"Polygon","coordinates":[[[48.7436785,55.7451283],[48.74406019156732,55.745],[48.743674210739655,55.745],[48.7436785,55.7451283]]]}},{"type":"Feature","properties":{"id":"way/86584877","sourceUrl":"https://www.openstreetmap.org/way/86584877","name":null,"asOf":"2026-09-04T11:18:21Z","kind":"green","greenType":"wood"},"geometry":{"type":"Polygon","coordinates":[[[48.740952,55.7619737],[48.7405817,55.7617988],[48.7401955,55.7618893],[48.7398844,55.7615754],[48.7402117,55.7614184],[48.7400775,55.7605673],[48.7407212,55.7600844],[48.7422232,55.7596497],[48.7423091,55.7594807],[48.7401418,55.7588529],[48.7394337,55.758877],[48.7395839,55.75936],[48.7386613,55.7612072],[48.7378673,55.7613641],[48.7373953,55.761678],[48.73729990019115,55.762],[48.74094515864968,55.762],[48.740952,55.7619737]]]}},{"type":"Feature","properties":{"id":"way/253692008","sourceUrl":"https://www.openstreetmap.org/way/253692008","name":"Спортивная улица","asOf":"2026-09-04T11:18:21Z","kind":"road","roadClass":"tertiary","oneway":true,"simulationOnly":true},"geometry":{"type":"LineString","coordinates":[[48.7391553,55.7471755],[48.7369984,55.7458004],[48.73561030542299,55.745]]}},{"type":"Feature","properties":{"id":"way/253692009","sourceUrl":"https://www.openstreetmap.org/way/253692009","name":"Центральная улица","asOf":"2026-09-04T11:18:21Z","kind":"road","roadClass":"tertiary","oneway":true,"simulationOnly":true},"geometry":{"type":"LineString","coordinates":[[48.751433346722386,55.745],[48.7518947,55.745504],[48.7525163,55.7462967],[48.7532561,55.7474932],[48.7541699,55.7493737],[48.7542923,55.7495807],[48.7544338,55.7497526],[48.7546746,55.7499679]]}},{"type":"Feature","properties":{"id":"way/308285793","sourceUrl":"https://www.openstreetmap.org/way/308285793","name":"Спортивная","asOf":"2026-09-04T11:18:21Z","kind":"road","roadClass":"residential","oneway":false,"simulationOnly":true},"geometry":{"type":"LineString","coordinates":[[48.7445892,55.7493529],[48.7434894,55.7481664]]}},{"type":"Feature","properties":{"id":"way/308285796","sourceUrl":"https://www.openstreetmap.org/way/308285796","name":"Спортивная","asOf":"2026-09-04T11:18:21Z","kind":"road","roadClass":"residential","oneway":false,"simulationOnly":true},"geometry":{"type":"LineString","coordinates":[[48.7434894,55.7481664],[48.7414293,55.7487908]]}},{"type":"Feature","properties":{"id":"way/308285802","sourceUrl":"https://www.openstreetmap.org/way/308285802","name":null,"asOf":"2026-09-04T11:18:21Z","kind":"road","roadClass":"residential","oneway":true,"simulationOnly":true},"geometry":{"type":"LineString","coordinates":[[48.7399256,55.7477522],[48.7400773,55.7476978]]}},{"type":"Feature","properties":{"id":"way/351520482","sourceUrl":"https://www.openstreetmap.org/way/351520482","name":"Квантовый бульвар","asOf":"2026-09-04T11:18:21Z","kind":"road","roadClass":"residential","oneway":false,"simulationOnly":true},"geometry":{"type":"LineString","coordinates":[[48.7439128,55.7464155],[48.7440118,55.7464494],[48.745147,55.747664]]}},{"type":"Feature","properties":{"id":"way/351523047","sourceUrl":"https://www.openstreetmap.org/way/351523047","name":null,"asOf":"2026-09-04T11:18:21Z","kind":"road","roadClass":"secondary","oneway":true,"simulationOnly":true},"geometry":{"type":"LineString","coordinates":[[48.7540281,55.7500228],[48.75431,55.7499488],[48.754552,55.7499463],[48.7546746,55.7499679]]}},{"type":"Feature","properties":{"id":"way/351523048","sourceUrl":"https://www.openstreetmap.org/way/351523048","name":"Университетская улица","asOf":"2026-09-04T11:18:21Z","kind":"road","roadClass":"tertiary","oneway":true,"simulationOnly":true},"geometry":{"type":"LineString","coordinates":[[48.7449282,55.7518876],[48.7452979,55.7518526],[48.7483872,55.7510913],[48.7494734,55.7508698],[48.7506413,55.7506765],[48.7525955,55.750428],[48.7529909,55.7503448],[48.7539514,55.7500828]]}},{"type":"Feature","properties":{"id":"way/351523500","sourceUrl":"https://www.openstreetmap.org/way/351523500","name":"Университетская улица","asOf":"2026-09-04T11:18:21Z","kind":"road","roadClass":"residential","oneway":true,"simulationOnly":true},"geometry":{"type":"LineString","coordinates":[[48.7416733,55.7526719],[48.7432178,55.7523524],[48.7436356,55.752205],[48.7439575,55.7520433]]}},{"type":"Feature","properties":{"id":"way/351523502","sourceUrl":"https://www.openstreetmap.org/way/351523502","name":"Университетская улица","asOf":"2026-09-04T11:18:21Z","kind":"road","roadClass":"tertiary","oneway":true,"simulationOnly":true},"geometry":{"type":"LineString","coordinates":[[48.7496457,55.7509712],[48.7485113,55.7511794],[48.7467831,55.7515973],[48.7457949,55.7518709],[48.7455045,55.7519666],[48.745106,55.7521468]]}},{"type":"Feature","properties":{"id":"way/351523740","sourceUrl":"https://www.openstreetmap.org/way/351523740","name":"Университетская улица","asOf":"2026-09-04T11:18:21Z","kind":"road","roadClass":"tertiary","oneway":true,"simulationOnly":true},"geometry":{"type":"LineString","coordinates":[[48.7439927,55.7519873],[48.7440929,55.7519024],[48.7442346,55.7518388],[48.7444041,55.7518028],[48.744585,55.7517977]]}},{"type":"Feature","properties":{"id":"way/351523741","sourceUrl":"https://www.openstreetmap.org/way/351523741","name":"Спортивная улица","asOf":"2026-09-04T11:18:21Z","kind":"road","roadClass":"tertiary","oneway":false,"simulationOnly":true},"geometry":{"type":"LineString","coordinates":[[48.7457753,55.7542302],[48.7449283,55.7528541]]}},{"type":"Feature","properties":{"id":"way/351523742","sourceUrl":"https://www.openstreetmap.org/way/351523742","name":"Университетская улица","asOf":"2026-09-04T11:18:21Z","kind":"road","roadClass":"residential","oneway":true,"simulationOnly":true},"geometry":{"type":"LineString","coordinates":[[48.7440541,55.7523202],[48.7434813,55.7524004],[48.7417277,55.7527746]]}},{"type":"Feature","properties":{"id":"way/352673387","sourceUrl":"https://www.openstreetmap.org/way/352673387","name":null,"asOf":"2026-09-04T11:18:21Z","kind":"road","roadClass":"service","oneway":false,"simulationOnly":true},"geometry":{"type":"LineString","coordinates":[[48.7417972,55.7529843],[48.742001,55.7534725]]}},{"type":"Feature","properties":{"id":"way/352673388","sourceUrl":"https://www.openstreetmap.org/way/352673388","name":null,"asOf":"2026-09-04T11:18:21Z","kind":"road","roadClass":"service","oneway":false,"simulationOnly":true},"geometry":{"type":"LineString","coordinates":[[48.7422855,55.754154],[48.7399657,55.7544872]]}},{"type":"Feature","properties":{"id":"way/352673389","sourceUrl":"https://www.openstreetmap.org/way/352673389","name":null,"asOf":"2026-09-04T11:18:21Z","kind":"road","roadClass":"service","oneway":false,"simulationOnly":true},"geometry":{"type":"LineString","coordinates":[[48.7457753,55.7542302],[48.7454379,55.7543053],[48.7431103,55.7546389],[48.7429188,55.7542196],[48.7423381,55.7542801]]}},{"type":"Feature","properties":{"id":"way/352673391","sourceUrl":"https://www.openstreetmap.org/way/352673391","name":null,"asOf":"2026-09-04T11:18:21Z","kind":"road","roadClass":"service","oneway":false,"simulationOnly":true},"geometry":{"type":"LineString","coordinates":[[48.7418395,55.7530856],[48.742132,55.7530461],[48.7422285,55.753258]]}},{"type":"Feature","properties":{"id":"way/352673393","sourceUrl":"https://www.openstreetmap.org/way/352673393","name":null,"asOf":"2026-09-04T11:18:21Z","kind":"road","roadClass":"service","oneway":false,"simulationOnly":true},"geometry":{"type":"LineString","coordinates":[[48.7451653,55.7543428],[48.7449491,55.7539178]]}},{"type":"Feature","properties":{"id":"way/352673836","sourceUrl":"https://www.openstreetmap.org/way/352673836","name":"Спортивная улица","asOf":"2026-09-04T11:18:21Z","kind":"road","roadClass":"residential","oneway":false,"simulationOnly":true},"geometry":{"type":"LineString","coordinates":[[48.7463697,55.7556228],[48.7464237,55.7560214],[48.7464076,55.7564591],[48.7463111,55.7570749]]}},{"type":"Feature","properties":{"id":"way/352674655","sourceUrl":"https://www.openstreetmap.org/way/352674655","name":"Спортивная улица","asOf":"2026-09-04T11:18:21Z","kind":"road","roadClass":"tertiary","oneway":true,"simulationOnly":true},"geometry":{"type":"LineString","coordinates":[[48.7439927,55.7519873],[48.7440352,55.7518381],[48.7440237,55.7517331],[48.7439829,55.7516501],[48.7436354,55.7512105],[48.7430412,55.7505345],[48.74207,55.7495852],[48.7399256,55.7477522]]}},{"type":"Feature","properties":{"id":"way/352674656","sourceUrl":"https://www.openstreetmap.org/way/352674656","name":"Спортивная","asOf":"2026-09-04T11:18:21Z","kind":"road","roadClass":"residential","oneway":false,"simulationOnly":true},"geometry":{"type":"LineString","coordinates":[[48.7434894,55.7481664],[48.7428433,55.7475032]]}},{"type":"Feature","properties":{"id":"way/352674657","sourceUrl":"https://www.openstreetmap.org/way/352674657","name":"Спортивная","asOf":"2026-09-04T11:18:21Z","kind":"road","roadClass":"residential","oneway":false,"simulationOnly":true},"geometry":{"type":"LineString","coordinates":[[48.7434894,55.7481664],[48.745147,55.747664]]}},{"type":"Feature","properties":{"id":"way/352675659","sourceUrl":"https://www.openstreetmap.org/way/352675659","name":"Спортивная улица","asOf":"2026-09-04T11:18:21Z","kind":"road","roadClass":"tertiary","oneway":true,"simulationOnly":true},"geometry":{"type":"LineString","coordinates":[[48.7419096,55.7492198],[48.7422799,55.7495629],[48.7431525,55.750432],[48.743641,55.7509673],[48.7441675,55.7514981],[48.744585,55.7517977]]}},{"type":"Feature","properties":{"id":"way/352675660","sourceUrl":"https://www.openstreetmap.org/way/352675660","name":"Спортивная улица","asOf":"2026-09-04T11:18:21Z","kind":"road","roadClass":"tertiary","oneway":true,"simulationOnly":true},"geometry":{"type":"LineString","coordinates":[[48.735845256440335,55.745],[48.7372157,55.7457868],[48.7393641,55.74714]]}},{"type":"Feature","properties":{"id":"way/352763745","sourceUrl":"https://www.openstreetmap.org/way/352763745","name":null,"asOf":"2026-09-04T11:18:21Z","kind":"road","roadClass":"service","oneway":false,"simulationOnly":true},"geometry":{"type":"LineString","coordinates":[[48.7433203,55.7466173],[48.7441906,55.7475419]]}},{"type":"Feature","properties":{"id":"way/352763746","sourceUrl":"https://www.openstreetmap.org/way/352763746","name":null,"asOf":"2026-09-04T11:18:21Z","kind":"road","roadClass":"service","oneway":false,"simulationOnly":true},"geometry":{"type":"LineString","coordinates":[[48.743651,55.7469668],[48.7439868,55.7468701]]}},{"type":"Feature","properties":{"id":"way/352763747","sourceUrl":"https://www.openstreetmap.org/way/352763747","name":null,"asOf":"2026-09-04T11:18:21Z","kind":"road","roadClass":"service","oneway":false,"simulationOnly":true},"geometry":{"type":"LineString","coordinates":[[48.7441077,55.747979],[48.7432526,55.747081],[48.7434473,55.7470178],[48.7431122,55.7466935]]}},{"type":"Feature","properties":{"id":"way/352763748","sourceUrl":"https://www.openstreetmap.org/way/352763748","name":null,"asOf":"2026-09-04T11:18:21Z","kind":"road","roadClass":"service","oneway":false,"simulationOnly":true},"geometry":{"type":"LineString","coordinates":[[48.7437338,55.7475864],[48.7433433,55.7477016]]}},{"type":"Feature","properties":{"id":"way/352771795","sourceUrl":"https://www.openstreetmap.org/way/352771795","name":null,"asOf":"2026-09-04T11:18:21Z","kind":"road","roadClass":"service","oneway":false,"simulationOnly":true},"geometry":{"type":"LineString","coordinates":[[48.7423506,55.7485116],[48.7414964,55.7476261],[48.7417368,55.7475411],[48.7414526,55.7472577]]}},{"type":"Feature","properties":{"id":"way/352771796","sourceUrl":"https://www.openstreetmap.org/way/352771796","name":null,"asOf":"2026-09-04T11:18:21Z","kind":"road","roadClass":"service","oneway":false,"simulationOnly":true},"geometry":{"type":"LineString","coordinates":[[48.7419967,55.7481449],[48.7417591,55.7482245]]}},{"type":"Feature","properties":{"id":"way/352771797","sourceUrl":"https://www.openstreetmap.org/way/352771797","name":null,"asOf":"2026-09-04T11:18:21Z","kind":"road","roadClass":"service","oneway":false,"simulationOnly":true},"geometry":{"type":"LineString","coordinates":[[48.7417,55.7471728],[48.7424661,55.7480096],[48.7423121,55.7480542],[48.7426481,55.7484214]]}},{"type":"Feature","properties":{"id":"way/352771798","sourceUrl":"https://www.openstreetmap.org/way/352771798","name":null,"asOf":"2026-09-04T11:18:21Z","kind":"road","roadClass":"service","oneway":false,"simulationOnly":true},"geometry":{"type":"LineString","coordinates":[[48.7419632,55.7474603],[48.7424515,55.7473219]]}},{"type":"Feature","properties":{"id":"way/352771799","sourceUrl":"https://www.openstreetmap.org/way/352771799","name":null,"asOf":"2026-09-04T11:18:21Z","kind":"road","roadClass":"residential","oneway":false,"simulationOnly":true},"geometry":{"type":"LineString","coordinates":[[48.7407351,55.7474926],[48.741827,55.7486703]]}},{"type":"Feature","properties":{"id":"way/353920142","sourceUrl":"https://www.openstreetmap.org/way/353920142","name":null,"asOf":"2026-09-04T11:18:21Z","kind":"road","roadClass":"service","oneway":false,"simulationOnly":true},"geometry":{"type":"LineString","coordinates":[[48.7434387,55.7467405],[48.7437805,55.7466343]]}},{"type":"Feature","properties":{"id":"way/354067285","sourceUrl":"https://www.openstreetmap.org/way/354067285","name":null,"asOf":"2026-09-04T11:18:21Z","kind":"road","roadClass":"service","oneway":false,"simulationOnly":true},"geometry":{"type":"LineString","coordinates":[[48.7417277,55.7527746],[48.7417972,55.7529843],[48.7394383,55.7533532],[48.7399657,55.7544872]]}},{"type":"Feature","properties":{"id":"way/354067286","sourceUrl":"https://www.openstreetmap.org/way/354067286","name":null,"asOf":"2026-09-04T11:18:21Z","kind":"road","roadClass":"service","oneway":false,"simulationOnly":true},"geometry":{"type":"LineString","coordinates":[[48.7399932,55.7532638],[48.7402129,55.7537169]]}},{"type":"Feature","properties":{"id":"way/354067287","sourceUrl":"https://www.openstreetmap.org/way/354067287","name":null,"asOf":"2026-09-04T11:18:21Z","kind":"road","roadClass":"service","oneway":false,"simulationOnly":true},"geometry":{"type":"LineString","coordinates":[[48.7405838,55.7531753],[48.7408056,55.7536323]]}},{"type":"Feature","properties":{"id":"way/354067288","sourceUrl":"https://www.openstreetmap.org/way/354067288","name":null,"asOf":"2026-09-04T11:18:21Z","kind":"road","roadClass":"service","oneway":false,"simulationOnly":true},"geometry":{"type":"LineString","coordinates":[[48.7411942,55.7530809],[48.7414177,55.7535492]]}},{"type":"Feature","properties":{"id":"way/354069801","sourceUrl":"https://www.openstreetmap.org/way/354069801","name":null,"asOf":"2026-09-04T11:18:21Z","kind":"road","roadClass":"service","oneway":false,"simulationOnly":true},"geometry":{"type":"LineString","coordinates":[[48.7496457,55.7509712],[48.7501634,55.7518187],[48.7506704,55.7525263],[48.7510638,55.752832],[48.7511667,55.7528765],[48.7514154,55.7529629],[48.7517778,55.7530537],[48.7524009,55.7531116],[48.7533886,55.7530586],[48.7547366,55.7530542]]}},{"type":"Feature","properties":{"id":"way/354073366","sourceUrl":"https://www.openstreetmap.org/way/354073366","name":null,"asOf":"2026-09-04T11:18:21Z","kind":"road","roadClass":"service","oneway":false,"simulationOnly":true},"geometry":{"type":"LineString","coordinates":[[48.7423381,55.7542801],[48.7395787,55.7546811]]}},{"type":"Feature","properties":{"id":"way/354073367","sourceUrl":"https://www.openstreetmap.org/way/354073367","name":null,"asOf":"2026-09-04T11:18:21Z","kind":"road","roadClass":"service","oneway":false,"simulationOnly":true},"geometry":{"type":"LineString","coordinates":[[48.741735,55.7543672],[48.7416885,55.7542392]]}},{"type":"Feature","properties":{"id":"way/354081455","sourceUrl":"https://www.openstreetmap.org/way/354081455","name":null,"asOf":"2026-09-04T11:18:21Z","kind":"road","roadClass":"service","oneway":false,"simulationOnly":true},"geometry":{"type":"LineString","coordinates":[[48.7422536,55.7507156],[48.7423513,55.7507859],[48.742599,55.7508136],[48.7428458,55.7512283]]}},{"type":"Feature","properties":{"id":"way/354081668","sourceUrl":"https://www.openstreetmap.org/way/354081668","name":null,"asOf":"2026-09-04T11:18:21Z","kind":"road","roadClass":"service","oneway":false,"simulationOnly":true},"geometry":{"type":"LineString","coordinates":[[48.7422545,55.7520407],[48.7429682,55.751942]]}},{"type":"Feature","properties":{"id":"way/354144774","sourceUrl":"https://www.openstreetmap.org/way/354144774","name":null,"asOf":"2026-09-04T11:18:21Z","kind":"green","greenType":"grass"},"geometry":{"type":"Polygon","coordinates":[[[48.7447785,55.7539094],[48.7436169,55.7540774],[48.7438079,55.7544957],[48.7450761,55.7543123],[48.7450047,55.7541559],[48.7448981,55.7541714],[48.7447785,55.7539094]]]}},{"type":"Feature","properties":{"id":"way/354307885","sourceUrl":"https://www.openstreetmap.org/way/354307885","name":null,"asOf":"2026-09-04T11:18:21Z","kind":"road","roadClass":"service","oneway":false,"simulationOnly":true},"geometry":{"type":"LineString","coordinates":[[48.7430412,55.7505345],[48.7427333,55.7506286],[48.7422536,55.7507156]]}},{"type":"Feature","properties":{"id":"way/354337108","sourceUrl":"https://www.openstreetmap.org/way/354337108","name":null,"asOf":"2026-09-04T11:18:21Z","kind":"road","roadClass":"service","oneway":false,"simulationOnly":true},"geometry":{"type":"LineString","coordinates":[[48.7429618,55.7504545],[48.7422597,55.7506705]]}},{"type":"Feature","properties":{"id":"way/354337109","sourceUrl":"https://www.openstreetmap.org/way/354337109","name":null,"asOf":"2026-09-04T11:18:21Z","kind":"road","roadClass":"service","oneway":false,"simulationOnly":true},"geometry":{"type":"LineString","coordinates":[[48.7422536,55.7507156],[48.7422597,55.7506705],[48.7419163,55.7500057],[48.7417476,55.7498463],[48.7407636,55.7500852],[48.7409613,55.7504517],[48.741167,55.7508877],[48.7417072,55.7508107]]}},{"type":"Feature","properties":{"id":"way/354337110","sourceUrl":"https://www.openstreetmap.org/way/354337110","name":null,"asOf":"2026-09-04T11:18:21Z","kind":"road","roadClass":"service","oneway":false,"simulationOnly":true},"geometry":{"type":"LineString","coordinates":[[48.7420682,55.750291],[48.7409613,55.7504517]]}},{"type":"Feature","properties":{"id":"way/354337111","sourceUrl":"https://www.openstreetmap.org/way/354337111","name":null,"asOf":"2026-09-04T11:18:21Z","kind":"road","roadClass":"service","oneway":false,"simulationOnly":true},"geometry":{"type":"LineString","coordinates":[[48.7414604,55.7508404],[48.7410534,55.7500149]]}},{"type":"Feature","properties":{"id":"way/354337112","sourceUrl":"https://www.openstreetmap.org/way/354337112","name":null,"asOf":"2026-09-04T11:18:21Z","kind":"road","roadClass":"service","oneway":false,"simulationOnly":true},"geometry":{"type":"LineString","coordinates":[[48.7417072,55.7508107],[48.741322,55.7499501]]}},{"type":"Feature","properties":{"id":"way/354337113","sourceUrl":"https://www.openstreetmap.org/way/354337113","name":null,"asOf":"2026-09-04T11:18:21Z","kind":"road","roadClass":"service","oneway":false,"simulationOnly":true},"geometry":{"type":"LineString","coordinates":[[48.7420015,55.7507642],[48.7416081,55.7498837]]}},{"type":"Feature","properties":{"id":"way/354506524","sourceUrl":"https://www.openstreetmap.org/way/354506524","name":null,"asOf":"2026-09-04T11:18:21Z","kind":"road","roadClass":"service","oneway":false,"simulationOnly":true},"geometry":{"type":"LineString","coordinates":[[48.7399657,55.7544872],[48.740029,55.7546136]]}},{"type":"Feature","properties":{"id":"way/356720467","sourceUrl":"https://www.openstreetmap.org/way/356720467","name":null,"asOf":"2026-09-04T11:18:21Z","kind":"road","roadClass":"service","oneway":false,"simulationOnly":true},"geometry":{"type":"LineString","coordinates":[[48.7520157,55.7526078],[48.7525217,55.7526249],[48.752755,55.7526041],[48.7529752,55.7529553],[48.7530161,55.7530706]]}},{"type":"Feature","properties":{"id":"way/356720471","sourceUrl":"https://www.openstreetmap.org/way/356720471","name":null,"asOf":"2026-09-04T11:18:21Z","kind":"road","roadClass":"service","oneway":false,"simulationOnly":true},"geometry":{"type":"LineString","coordinates":[[48.7506164,55.751862],[48.7509443,55.7524204]]}},{"type":"Feature","properties":{"id":"way/356720473","sourceUrl":"https://www.openstreetmap.org/way/356720473","name":null,"asOf":"2026-09-04T11:18:21Z","kind":"road","roadClass":"service","oneway":false,"simulationOnly":true},"geometry":{"type":"LineString","coordinates":[[48.7530891,55.7526177],[48.7540023,55.752606]]}},{"type":"Feature","properties":{"id":"way/356720474","sourceUrl":"https://www.openstreetmap.org/way/356720474","name":null,"asOf":"2026-09-04T11:18:21Z","kind":"road","roadClass":"service","oneway":false,"simulationOnly":true},"geometry":{"type":"LineString","coordinates":[[48.7535366,55.7521022],[48.7539806,55.7520989]]}},{"type":"Feature","properties":{"id":"way/356720477","sourceUrl":"https://www.openstreetmap.org/way/356720477","name":null,"asOf":"2026-09-04T11:18:21Z","kind":"road","roadClass":"service","oneway":false,"simulationOnly":true},"geometry":{"type":"LineString","coordinates":[[48.7535856,55.751763],[48.7539488,55.7517339]]}},{"type":"Feature","properties":{"id":"way/356720478","sourceUrl":"https://www.openstreetmap.org/way/356720478","name":null,"asOf":"2026-09-04T11:18:21Z","kind":"road","roadClass":"service","oneway":false,"simulationOnly":true},"geometry":{"type":"LineString","coordinates":[[48.7531587,55.7524396],[48.7539984,55.7524335]]}},{"type":"Feature","properties":{"id":"way/356720479","sourceUrl":"https://www.openstreetmap.org/way/356720479","name":null,"asOf":"2026-09-04T11:18:21Z","kind":"road","roadClass":"service","oneway":false,"simulationOnly":true},"geometry":{"type":"LineString","coordinates":[[48.7510219,55.7510413],[48.7512258,55.7513866]]}},{"type":"Feature","properties":{"id":"way/356720481","sourceUrl":"https://www.openstreetmap.org/way/356720481","name":null,"asOf":"2026-09-04T11:18:21Z","kind":"road","roadClass":"service","oneway":false,"simulationOnly":true},"geometry":{"type":"LineString","coordinates":[[48.7523061,55.7509105],[48.7523093,55.7511346]]}},{"type":"Feature","properties":{"id":"way/356720482","sourceUrl":"https://www.openstreetmap.org/way/356720482","name":null,"asOf":"2026-09-04T11:18:21Z","kind":"road","roadClass":"service","oneway":false,"simulationOnly":true},"geometry":{"type":"LineString","coordinates":[[48.7512774,55.7510049],[48.7514603,55.7512674]]}},{"type":"Feature","properties":{"id":"way/356720483","sourceUrl":"https://www.openstreetmap.org/way/356720483","name":null,"asOf":"2026-09-04T11:18:21Z","kind":"road","roadClass":"service","oneway":false,"simulationOnly":true},"geometry":{"type":"LineString","coordinates":[[48.7535963,55.751929],[48.7539699,55.7519074]]}},{"type":"Feature","properties":{"id":"way/356720484","sourceUrl":"https://www.openstreetmap.org/way/356720484","name":null,"asOf":"2026-09-04T11:18:21Z","kind":"road","roadClass":"service","oneway":false,"simulationOnly":true},"geometry":{"type":"LineString","coordinates":[[48.7519334,55.7509229],[48.7520297,55.7511303]]}},{"type":"Feature","properties":{"id":"way/356720485","sourceUrl":"https://www.openstreetmap.org/way/356720485","name":null,"asOf":"2026-09-04T11:18:21Z","kind":"road","roadClass":"service","oneway":false,"simulationOnly":true},"geometry":{"type":"LineString","coordinates":[[48.7535091,55.7516129],[48.7538618,55.7515374]]}},{"type":"Feature","properties":{"id":"way/356720486","sourceUrl":"https://www.openstreetmap.org/way/356720486","name":null,"asOf":"2026-09-04T11:18:21Z","kind":"road","roadClass":"service","oneway":false,"simulationOnly":true},"geometry":{"type":"LineString","coordinates":[[48.7532074,55.7527988],[48.7540023,55.7527844]]}},{"type":"Feature","properties":{"id":"way/356720487","sourceUrl":"https://www.openstreetmap.org/way/356720487","name":null,"asOf":"2026-09-04T11:18:21Z","kind":"road","roadClass":"service","oneway":false,"simulationOnly":true},"geometry":{"type":"LineString","coordinates":[[48.7533887,55.7522716],[48.7539882,55.7522605]]}},{"type":"Feature","properties":{"id":"way/356720489","sourceUrl":"https://www.openstreetmap.org/way/356720489","name":null,"asOf":"2026-09-04T11:18:21Z","kind":"road","roadClass":"service","oneway":false,"simulationOnly":true},"geometry":{"type":"LineString","coordinates":[[48.7504003,55.7511419],[48.7507147,55.7516659]]}},{"type":"Feature","properties":{"id":"way/356720490","sourceUrl":"https://www.openstreetmap.org/way/356720490","name":null,"asOf":"2026-09-04T11:18:21Z","kind":"road","roadClass":"service","oneway":false,"simulationOnly":true},"geometry":{"type":"LineString","coordinates":[[48.7507104,55.7510821],[48.7510277,55.7516125]]}},{"type":"Feature","properties":{"id":"way/356720491","sourceUrl":"https://www.openstreetmap.org/way/356720491","name":null,"asOf":"2026-09-04T11:18:21Z","kind":"road","roadClass":"service","oneway":false,"simulationOnly":true},"geometry":{"type":"LineString","coordinates":[[48.7533344,55.7529565],[48.754006,55.7529444]]}},{"type":"Feature","properties":{"id":"way/356720493","sourceUrl":"https://www.openstreetmap.org/way/356720493","name":null,"asOf":"2026-09-04T11:18:21Z","kind":"road","roadClass":"service","oneway":false,"simulationOnly":true},"geometry":{"type":"LineString","coordinates":[[48.7516026,55.750958],[48.75173,55.7511961]]}},{"type":"Feature","properties":{"id":"way/356720494","sourceUrl":"https://www.openstreetmap.org/way/356720494","name":null,"asOf":"2026-09-04T11:18:21Z","kind":"road","roadClass":"service","oneway":false,"simulationOnly":true},"geometry":{"type":"LineString","coordinates":[[48.7501346,55.7511856],[48.7503813,55.7516478]]}},{"type":"Feature","properties":{"id":"way/356720495","sourceUrl":"https://www.openstreetmap.org/way/356720495","name":null,"asOf":"2026-09-04T11:18:21Z","kind":"road","roadClass":"service","oneway":false,"simulationOnly":true},"geometry":{"type":"LineString","coordinates":[[48.7533886,55.7530586],[48.7530143,55.7524907],[48.7531587,55.7524396],[48.7533887,55.7522716],[48.7535366,55.7521022],[48.7535963,55.751929],[48.7535856,55.751763],[48.7535091,55.7516129],[48.7533746,55.7514823],[48.7536759,55.751357],[48.7537461,55.7513874],[48.7538618,55.7515374],[48.7539228,55.7516433],[48.7539488,55.7517339],[48.7539984,55.7524335],[48.7540078,55.7530559]]}},{"type":"Feature","properties":{"id":"way/356720497","sourceUrl":"https://www.openstreetmap.org/way/356720497","name":null,"asOf":"2026-09-04T11:18:21Z","kind":"road","roadClass":"service","oneway":false,"simulationOnly":true},"geometry":{"type":"LineString","coordinates":[[48.7498155,55.7512448],[48.7507104,55.7510821],[48.7516026,55.750958],[48.7521367,55.7509093],[48.7524686,55.7509132],[48.7526703,55.7509399],[48.7525654,55.7511479],[48.7520297,55.7511303],[48.7514603,55.7512674],[48.7512258,55.7513866],[48.751093,55.7515639],[48.7510277,55.7516125],[48.7507147,55.7516659],[48.7500454,55.7516283]]}},{"type":"Feature","properties":{"id":"way/356720502","sourceUrl":"https://www.openstreetmap.org/way/356720502","name":null,"asOf":"2026-09-04T11:18:21Z","kind":"road","roadClass":"service","oneway":false,"simulationOnly":true},"geometry":{"type":"LineString","coordinates":[[48.751919,55.7527772],[48.7521906,55.7527937],[48.7528681,55.7527915]]}},{"type":"Feature","properties":{"id":"way/356720507","sourceUrl":"https://www.openstreetmap.org/way/356720507","name":null,"asOf":"2026-09-04T11:18:21Z","kind":"road","roadClass":"service","oneway":false,"simulationOnly":true},"geometry":{"type":"LineString","coordinates":[[48.7518229,55.7529409],[48.7526478,55.7529689],[48.7529752,55.7529553]]}},{"type":"Feature","properties":{"id":"way/356720522","sourceUrl":"https://www.openstreetmap.org/way/356720522","name":null,"asOf":"2026-09-04T11:18:21Z","kind":"road","roadClass":"service","oneway":false,"simulationOnly":true},"geometry":{"type":"LineString","coordinates":[[48.7501634,55.7518187],[48.7506164,55.751862],[48.7509733,55.7518736],[48.7510774,55.7520864],[48.7512108,55.7522981]]}},{"type":"Feature","properties":{"id":"way/356742645","sourceUrl":"https://www.openstreetmap.org/way/356742645","name":"Спортивная улица","asOf":"2026-09-04T11:18:21Z","kind":"road","roadClass":"tertiary","oneway":true,"simulationOnly":true},"geometry":{"type":"LineString","coordinates":[[48.7449283,55.7528541],[48.7446818,55.7526255],[48.7444378,55.7524496]]}},{"type":"Feature","properties":{"id":"way/361305471","sourceUrl":"https://www.openstreetmap.org/way/361305471","name":"Центральная улица","asOf":"2026-09-04T11:18:21Z","kind":"road","roadClass":"tertiary","oneway":true,"simulationOnly":true},"geometry":{"type":"LineString","coordinates":[[48.7542298,55.7555658],[48.7543195,55.7555157],[48.7543765,55.7554524],[48.754473,55.7552048],[48.754642,55.7543053],[48.7546983,55.7538207],[48.7547366,55.7530542],[48.7547304,55.7525072],[48.7546608,55.7518751],[48.754538,55.7511016],[48.7545025,55.7509905],[48.7544272,55.7508512],[48.7543074,55.7506969],[48.7541384,55.7505479]]}},{"type":"Feature","properties":{"id":"way/361305992","sourceUrl":"https://www.openstreetmap.org/way/361305992","name":"Парковая улица","asOf":"2026-09-04T11:18:21Z","kind":"road","roadClass":"tertiary","oneway":true,"simulationOnly":true},"geometry":{"type":"LineString","coordinates":[[48.745384305825134,55.745],[48.7437736,55.7455691]]}},{"type":"Feature","properties":{"id":"way/361305993","sourceUrl":"https://www.openstreetmap.org/way/361305993","name":"Парковая улица","asOf":"2026-09-04T11:18:21Z","kind":"road","roadClass":"tertiary","oneway":true,"simulationOnly":true},"geometry":{"type":"LineString","coordinates":[[48.739231,55.7470551],[48.7402143,55.7466701],[48.743672,55.7454816]]}},{"type":"Feature","properties":{"id":"way/362615121","sourceUrl":"https://www.openstreetmap.org/way/362615121","name":null,"asOf":"2026-09-04T11:18:21Z","kind":"road","roadClass":"secondary","oneway":true,"simulationOnly":true},"geometry":{"type":"LineString","coordinates":[[48.7546746,55.7499679],[48.7548974,55.7500658],[48.7549759,55.7501419],[48.7550153,55.750227],[48.7550127,55.750315],[48.7549621,55.7504068],[48.7548662,55.7504862],[48.7547464,55.7505407],[48.754613,55.7505745],[48.7542839,55.7505833],[48.7541384,55.7505479]]}},{"type":"Feature","properties":{"id":"way/362615122","sourceUrl":"https://www.openstreetmap.org/way/362615122","name":null,"asOf":"2026-09-04T11:18:21Z","kind":"road","roadClass":"secondary","oneway":true,"simulationOnly":true},"geometry":{"type":"LineString","coordinates":[[48.7541384,55.7505479],[48.7540215,55.7504937]]}},{"type":"Feature","properties":{"id":"way/362615124","sourceUrl":"https://www.openstreetmap.org/way/362615124","name":null,"asOf":"2026-09-04T11:18:21Z","kind":"road","roadClass":"secondary","oneway":true,"simulationOnly":true},"geometry":{"type":"LineString","coordinates":[[48.7540215,55.7504937],[48.7539422,55.7504309],[48.7538907,55.750349],[48.7538716,55.7502514],[48.7538908,55.7501666],[48.7539514,55.7500828]]}},{"type":"Feature","properties":{"id":"way/362615125","sourceUrl":"https://www.openstreetmap.org/way/362615125","name":null,"asOf":"2026-09-04T11:18:21Z","kind":"road","roadClass":"secondary","oneway":true,"simulationOnly":true},"geometry":{"type":"LineString","coordinates":[[48.7539514,55.7500828],[48.7540281,55.7500228]]}},{"type":"Feature","properties":{"id":"way/362615205","sourceUrl":"https://www.openstreetmap.org/way/362615205","name":null,"asOf":"2026-09-04T11:18:21Z","kind":"road","roadClass":"residential","oneway":false,"simulationOnly":true},"geometry":{"type":"LineString","coordinates":[[48.7400773,55.7476978],[48.7403739,55.7476148],[48.7423243,55.7469658]]}},{"type":"Feature","properties":{"id":"way/363709670","sourceUrl":"https://www.openstreetmap.org/way/363709670","name":null,"asOf":"2026-09-04T11:18:21Z","kind":"road","roadClass":"service","oneway":false,"simulationOnly":true},"geometry":{"type":"LineString","coordinates":[[48.7441906,55.7475419],[48.7440753,55.7475797],[48.7443819,55.7478959]]}},{"type":"Feature","properties":{"id":"way/410891186","sourceUrl":"https://www.openstreetmap.org/way/410891186","name":"Университетская улица","asOf":"2026-09-04T11:18:21Z","kind":"road","roadClass":"secondary","oneway":true,"simulationOnly":true},"geometry":{"type":"LineString","coordinates":[[48.762,55.74803997331197],[48.7587071,55.7490293]]}},{"type":"Feature","properties":{"id":"way/410891189","sourceUrl":"https://www.openstreetmap.org/way/410891189","name":"Университетская улица","asOf":"2026-09-04T11:18:21Z","kind":"road","roadClass":"secondary","oneway":true,"simulationOnly":true},"geometry":{"type":"LineString","coordinates":[[48.7586036,55.7489456],[48.7600203,55.748497],[48.762,55.74790187269415]]}},{"type":"Feature","properties":{"id":"way/415553446","sourceUrl":"https://www.openstreetmap.org/way/415553446","name":null,"asOf":"2026-09-04T11:18:21Z","kind":"road","roadClass":"tertiary","oneway":false,"simulationOnly":true},"geometry":{"type":"LineString","coordinates":[[48.7468555,55.7556323],[48.7499455,55.755795],[48.7525606,55.7558524]]}},{"type":"Feature","properties":{"id":"way/415553448","sourceUrl":"https://www.openstreetmap.org/way/415553448","name":null,"asOf":"2026-09-04T11:18:21Z","kind":"road","roadClass":"service","oneway":false,"simulationOnly":true},"geometry":{"type":"LineString","coordinates":[[48.7611427,55.7619981],[48.76114102278761,55.762]]}},{"type":"Feature","properties":{"id":"way/415554029","sourceUrl":"https://www.openstreetmap.org/way/415554029","name":"Шишкин парк","asOf":"2026-09-04T11:18:21Z","kind":"green","greenType":"park"},"geometry":{"type":"Polygon","coordinates":[[[48.7416717,55.7529687],[48.741464,55.7525185],[48.7387993,55.752908],[48.739007,55.7533581],[48.7416717,55.7529687]]]}},{"type":"Feature","properties":{"id":"way/437949782","sourceUrl":"https://www.openstreetmap.org/way/437949782","name":"Квантовый переулок","asOf":"2026-09-04T11:18:21Z","kind":"road","roadClass":"residential","oneway":false,"simulationOnly":true},"geometry":{"type":"LineString","coordinates":[[48.745147,55.747664],[48.7462928,55.7488466],[48.7474061,55.7500604]]}},{"type":"Feature","properties":{"id":"way/437949786","sourceUrl":"https://www.openstreetmap.org/way/437949786","name":"Городской парк","asOf":"2026-09-04T11:18:21Z","kind":"green","greenType":"park"},"geometry":{"type":"Polygon","coordinates":[[[48.7397169,55.7472867],[48.7400588,55.7475879],[48.7401071,55.747609],[48.740205,55.747609],[48.7439991,55.7463019],[48.7440287,55.7462626],[48.7442989,55.7461682],[48.7458094,55.74568],[48.7453627,55.7452414],[48.7397101,55.7471923],[48.7397169,55.7472867]]]}},{"type":"Feature","properties":{"id":"way/440293336","sourceUrl":"https://www.openstreetmap.org/way/440293336","name":null,"asOf":"2026-09-04T11:18:21Z","kind":"road","roadClass":"residential","oneway":false,"simulationOnly":true},"geometry":{"type":"LineString","coordinates":[[48.7462928,55.7488466],[48.7426481,55.7499297]]}},{"type":"Feature","properties":{"id":"way/440709120","sourceUrl":"https://www.openstreetmap.org/way/440709120","name":"Центральная улица","asOf":"2026-09-04T11:18:21Z","kind":"road","roadClass":"tertiary","oneway":true,"simulationOnly":true},"geometry":{"type":"LineString","coordinates":[[48.7548662,55.7504862],[48.7548056,55.7506765],[48.7547841,55.7508562],[48.7549531,55.751878],[48.7550121,55.7530268],[48.7549344,55.7541875],[48.754752,55.7551626],[48.7547573,55.7553543],[48.7548029,55.7554992],[48.7548139,55.755643]]}},{"type":"Feature","properties":{"id":"way/440709121","sourceUrl":"https://www.openstreetmap.org/way/440709121","name":"Техническая улица","asOf":"2026-09-04T11:18:21Z","kind":"road","roadClass":"unclassified","oneway":true,"simulationOnly":true},"geometry":{"type":"LineString","coordinates":[[48.7548458,55.7556665],[48.7554548,55.7556863],[48.7567232,55.7555667]]}},{"type":"Feature","properties":{"id":"way/440709123","sourceUrl":"https://www.openstreetmap.org/way/440709123","name":"Центральная улица","asOf":"2026-09-04T11:18:21Z","kind":"road","roadClass":"tertiary","oneway":true,"simulationOnly":true},"geometry":{"type":"LineString","coordinates":[[48.7539212,55.7567707],[48.7540479,55.7563565],[48.7539894,55.7560703]]}},{"type":"Feature","properties":{"id":"way/441472168","sourceUrl":"https://www.openstreetmap.org/way/441472168","name":"Спортивная улица","asOf":"2026-09-04T11:18:21Z","kind":"road","roadClass":"tertiary","oneway":true,"simulationOnly":true},"geometry":{"type":"LineString","coordinates":[[48.744931,55.7523598],[48.7449078,55.7526208],[48.7449283,55.7528541]]}},{"type":"Feature","properties":{"id":"way/442725832","sourceUrl":"https://www.openstreetmap.org/way/442725832","name":null,"asOf":"2026-09-04T11:18:21Z","kind":"road","roadClass":"residential","oneway":false,"simulationOnly":true},"geometry":{"type":"LineString","coordinates":[[48.7488347,55.748524],[48.7522386,55.7475035]]}},{"type":"Feature","properties":{"id":"way/451029010","sourceUrl":"https://www.openstreetmap.org/way/451029010","name":null,"asOf":"2026-09-04T11:18:21Z","kind":"green","greenType":"wood"},"geometry":{"type":"Polygon","coordinates":[[[48.7436785,55.7451283],[48.743674210739655,55.745],[48.741040724546515,55.745],[48.7421137,55.7456911],[48.7436785,55.7451283]]]}},{"type":"Feature","properties":{"id":"way/456737397","sourceUrl":"https://www.openstreetmap.org/way/456737397","name":null,"asOf":"2026-09-04T11:18:21Z","kind":"road","roadClass":"service","oneway":false,"simulationOnly":true},"geometry":{"type":"LineString","coordinates":[[48.7417752,55.7472549],[48.7422443,55.7471018]]}},{"type":"Feature","properties":{"id":"way/456737398","sourceUrl":"https://www.openstreetmap.org/way/456737398","name":null,"asOf":"2026-09-04T11:18:21Z","kind":"road","roadClass":"service","oneway":false,"simulationOnly":true},"geometry":{"type":"LineString","coordinates":[[48.7422237,55.7483722],[48.7418769,55.7484639]]}},{"type":"Feature","properties":{"id":"way/456737399","sourceUrl":"https://www.openstreetmap.org/way/456737399","name":null,"asOf":"2026-09-04T11:18:21Z","kind":"road","roadClass":"service","oneway":false,"simulationOnly":true},"geometry":{"type":"LineString","coordinates":[[48.7440007,55.7478667],[48.7435531,55.7479929]]}},{"type":"Feature","properties":{"id":"way/469618765","sourceUrl":"https://www.openstreetmap.org/way/469618765","name":null,"asOf":"2026-09-04T11:18:21Z","kind":"road","roadClass":"service","oneway":false,"simulationOnly":true},"geometry":{"type":"LineString","coordinates":[[48.7444413,55.7478774],[48.7445819,55.7480176]]}},{"type":"Feature","properties":{"id":"way/469618766","sourceUrl":"https://www.openstreetmap.org/way/469618766","name":null,"asOf":"2026-09-04T11:18:21Z","kind":"road","roadClass":"service","oneway":false,"simulationOnly":true},"geometry":{"type":"LineString","coordinates":[[48.7445443,55.7479801],[48.7452399,55.7477623]]}},{"type":"Feature","properties":{"id":"way/469618767","sourceUrl":"https://www.openstreetmap.org/way/469618767","name":null,"asOf":"2026-09-04T11:18:21Z","kind":"road","roadClass":"service","oneway":false,"simulationOnly":true},"geometry":{"type":"LineString","coordinates":[[48.7446081,55.7479576],[48.7448515,55.7481866],[48.7453273,55.7487213],[48.7451789,55.7487818],[48.7454114,55.7490321],[48.7454911,55.7490849]]}},{"type":"Feature","properties":{"id":"way/469618768","sourceUrl":"https://www.openstreetmap.org/way/469618768","name":null,"asOf":"2026-09-04T11:18:21Z","kind":"road","roadClass":"service","oneway":false,"simulationOnly":true},"geometry":{"type":"LineString","coordinates":[[48.7448515,55.7481866],[48.7451566,55.7480949]]}},{"type":"Feature","properties":{"id":"way/469618769","sourceUrl":"https://www.openstreetmap.org/way/469618769","name":null,"asOf":"2026-09-04T11:18:21Z","kind":"road","roadClass":"service","oneway":false,"simulationOnly":true},"geometry":{"type":"LineString","coordinates":[[48.74427,55.7479298],[48.7445592,55.7482244],[48.7443747,55.7482851],[48.7449006,55.7488416],[48.7450916,55.7490712],[48.7451966,55.7490394],[48.7452969,55.7491426]]}},{"type":"Feature","properties":{"id":"way/469618770","sourceUrl":"https://www.openstreetmap.org/way/469618770","name":null,"asOf":"2026-09-04T11:18:21Z","kind":"road","roadClass":"service","oneway":false,"simulationOnly":true},"geometry":{"type":"LineString","coordinates":[[48.7442805,55.7490198],[48.7444163,55.7489787]]}},{"type":"Feature","properties":{"id":"way/478608692","sourceUrl":"https://www.openstreetmap.org/way/478608692","name":null,"asOf":"2026-09-04T11:18:21Z","kind":"road","roadClass":"service","oneway":false,"simulationOnly":true},"geometry":{"type":"LineString","coordinates":[[48.7402129,55.7537169],[48.7402388,55.7537768]]}},{"type":"Feature","properties":{"id":"way/478608695","sourceUrl":"https://www.openstreetmap.org/way/478608695","name":null,"asOf":"2026-09-04T11:18:21Z","kind":"road","roadClass":"service","oneway":false,"simulationOnly":true},"geometry":{"type":"LineString","coordinates":[[48.7402388,55.7537768],[48.7404905,55.7544131]]}},{"type":"Feature","properties":{"id":"way/478608698","sourceUrl":"https://www.openstreetmap.org/way/478608698","name":null,"asOf":"2026-09-04T11:18:21Z","kind":"road","roadClass":"service","oneway":false,"simulationOnly":true},"geometry":{"type":"LineString","coordinates":[[48.7408325,55.7536943],[48.7410902,55.7543275]]}},{"type":"Feature","properties":{"id":"way/478608700","sourceUrl":"https://www.openstreetmap.org/way/478608700","name":null,"asOf":"2026-09-04T11:18:21Z","kind":"road","roadClass":"service","oneway":false,"simulationOnly":true},"geometry":{"type":"LineString","coordinates":[[48.7408056,55.7536323],[48.7408325,55.7536943]]}},{"type":"Feature","properties":{"id":"way/478608703","sourceUrl":"https://www.openstreetmap.org/way/478608703","name":null,"asOf":"2026-09-04T11:18:21Z","kind":"road","roadClass":"service","oneway":false,"simulationOnly":true},"geometry":{"type":"LineString","coordinates":[[48.7414451,55.7536132],[48.7416885,55.7542392]]}},{"type":"Feature","properties":{"id":"way/478608705","sourceUrl":"https://www.openstreetmap.org/way/478608705","name":null,"asOf":"2026-09-04T11:18:21Z","kind":"road","roadClass":"service","oneway":false,"simulationOnly":true},"geometry":{"type":"LineString","coordinates":[[48.7414177,55.7535492],[48.7414451,55.7536132]]}},{"type":"Feature","properties":{"id":"way/478608707","sourceUrl":"https://www.openstreetmap.org/way/478608707","name":null,"asOf":"2026-09-04T11:18:21Z","kind":"road","roadClass":"service","oneway":false,"simulationOnly":true},"geometry":{"type":"LineString","coordinates":[[48.742001,55.7534725],[48.7420285,55.7535385]]}},{"type":"Feature","properties":{"id":"way/478608708","sourceUrl":"https://www.openstreetmap.org/way/478608708","name":null,"asOf":"2026-09-04T11:18:21Z","kind":"road","roadClass":"service","oneway":false,"simulationOnly":true},"geometry":{"type":"LineString","coordinates":[[48.7420285,55.7535385],[48.7423381,55.7542801]]}},{"type":"Feature","properties":{"id":"way/484308930","sourceUrl":"https://www.openstreetmap.org/way/484308930","name":null,"asOf":"2026-09-04T11:18:21Z","kind":"green","greenType":"wood"},"geometry":{"type":"Polygon","coordinates":[[[48.7345025,55.7565181],[48.734637,55.7563309],[48.734998,55.7561118],[48.7350758,55.7559366],[48.7352386,55.7558689],[48.7352528,55.7558012],[48.7351962,55.7557852],[48.733646,55.7568885],[48.7337168,55.7569921],[48.7345025,55.7565181]]]}},{"type":"Feature","properties":{"id":"way/484308931","sourceUrl":"https://www.openstreetmap.org/way/484308931","name":null,"asOf":"2026-09-04T11:18:21Z","kind":"green","greenType":"wood"},"geometry":{"type":"Polygon","coordinates":[[[48.7335257,55.7571235],[48.733646,55.7570359],[48.7334266,55.7569762],[48.7332284,55.7571156],[48.7335257,55.7571235]]]}},{"type":"Feature","properties":{"id":"way/484308932","sourceUrl":"https://www.openstreetmap.org/way/484308932","name":null,"asOf":"2026-09-04T11:18:21Z","kind":"green","greenType":"wood"},"geometry":{"type":"Polygon","coordinates":[[[48.7332447,55.754532],[48.733729,55.7537295],[48.7336683,55.7517637],[48.7337196,55.7510173],[48.733697,55.7501205],[48.7336487,55.7501205],[48.7336273,55.7510051],[48.7336917,55.7510172],[48.7336326,55.7510625],[48.733638,55.751144],[48.7335629,55.7512738],[48.7334181,55.7513523],[48.733,55.75138267070355],[48.733,55.75470075251608],[48.7332447,55.754532]]]}},{"type":"Feature","properties":{"id":"way/484308933","sourceUrl":"https://www.openstreetmap.org/way/484308933","name":null,"asOf":"2026-09-04T11:18:21Z","kind":"green","greenType":"wood"},"geometry":{"type":"Polygon","coordinates":[[[48.7333529,55.7513126],[48.733479,55.7512653],[48.7335537,55.7511129],[48.733465,55.7510708],[48.7335537,55.7510235],[48.7335921,55.7493503],[48.733407,55.7482208],[48.7331574,55.748713],[48.733,55.74874667263682],[48.733,55.75133235532874],[48.7333529,55.7513126]]]}},{"type":"Feature","properties":{"id":"way/484308954","sourceUrl":"https://www.openstreetmap.org/way/484308954","name":null,"asOf":"2026-09-04T11:18:21Z","kind":"green","greenType":"wood"},"geometry":{"type":"Polygon","coordinates":[[[48.7552177,55.7607179],[48.7551543,55.7606729],[48.7548995,55.7606487],[48.7548069,55.7606946],[48.75463196808485,55.762],[48.75505205325817,55.762],[48.7552177,55.7607179]]]}},{"type":"Feature","properties":{"id":"way/484308955","sourceUrl":"https://www.openstreetmap.org/way/484308955","name":null,"asOf":"2026-09-04T11:18:21Z","kind":"green","greenType":"wood"},"geometry":{"type":"Polygon","coordinates":[[[48.7554784,55.7587708],[48.7555057,55.7583215],[48.7555754,55.7581314],[48.7556315,55.7574881],[48.7555701,55.7574492],[48.7552294,55.7574492],[48.7551216,55.7574981],[48.7550068,55.7581072],[48.7551087,55.7583034],[48.7550693,55.7587128],[48.7554784,55.7587708]]]}},{"type":"Feature","properties":{"id":"way/484308956","sourceUrl":"https://www.openstreetmap.org/way/484308956","name":null,"asOf":"2026-09-04T11:18:21Z","kind":"green","greenType":"wood"},"geometry":{"type":"Polygon","coordinates":[[[48.7552294,55.7573707],[48.755562,55.7573722],[48.7556435,55.7573514],[48.7558223,55.7561981],[48.755672,55.756118],[48.7555271,55.756118],[48.7553768,55.7562103],[48.7551442,55.7573348],[48.7552294,55.7573707]]]}},{"type":"Feature","properties":{"id":"way/484308957","sourceUrl":"https://www.openstreetmap.org/way/484308957","name":null,"asOf":"2026-09-04T11:18:21Z","kind":"green","greenType":"wood"},"geometry":{"type":"Polygon","coordinates":[[[48.7557577,55.7554461],[48.7560531,55.7551604],[48.7561493,55.7544227],[48.7556511,55.7543721],[48.7555248,55.755399],[48.7557577,55.7554461]]]}},{"type":"Feature","properties":{"id":"way/484308958","sourceUrl":"https://www.openstreetmap.org/way/484308958","name":null,"asOf":"2026-09-04T11:18:21Z","kind":"green","greenType":"wood"},"geometry":{"type":"Polygon","coordinates":[[[48.7561145,55.7543731],[48.7561634,55.7541178],[48.755922,55.7539762],[48.7557445,55.75402],[48.7557352,55.7542407],[48.7561145,55.7543731]]]}},{"type":"Feature","properties":{"id":"way/484327052","sourceUrl":"https://www.openstreetmap.org/way/484327052","name":null,"asOf":"2026-09-04T11:18:21Z","kind":"road","roadClass":"unclassified","oneway":false,"simulationOnly":true},"geometry":{"type":"LineString","coordinates":[[48.762,55.75493996985133],[48.7617773,55.7549854],[48.7615406,55.7550086],[48.7612697,55.7550101]]}},{"type":"Feature","properties":{"id":"way/484672734","sourceUrl":"https://www.openstreetmap.org/way/484672734","name":"Университетская улица","asOf":"2026-09-04T11:18:21Z","kind":"road","roadClass":"tertiary","oneway":true,"simulationOnly":true},"geometry":{"type":"LineString","coordinates":[[48.744931,55.7523598],[48.7447031,55.7524372],[48.7444378,55.7524496]]}},{"type":"Feature","properties":{"id":"way/484672735","sourceUrl":"https://www.openstreetmap.org/way/484672735","name":null,"asOf":"2026-09-04T11:18:21Z","kind":"road","roadClass":"residential","oneway":false,"simulationOnly":true},"geometry":{"type":"LineString","coordinates":[[48.7423243,55.7469658],[48.7439128,55.7464155]]}},{"type":"Feature","properties":{"id":"way/484689885","sourceUrl":"https://www.openstreetmap.org/way/484689885","name":null,"asOf":"2026-09-04T11:18:21Z","kind":"road","roadClass":"tertiary","oneway":true,"simulationOnly":true},"geometry":{"type":"LineString","coordinates":[[48.7440541,55.7523202],[48.7439732,55.7522347],[48.74394,55.7521396],[48.7439575,55.7520433]]}},{"type":"Feature","properties":{"id":"way/484689886","sourceUrl":"https://www.openstreetmap.org/way/484689886","name":null,"asOf":"2026-09-04T11:18:21Z","kind":"road","roadClass":"residential","oneway":true,"simulationOnly":true},"geometry":{"type":"LineString","coordinates":[[48.7417277,55.7527746],[48.7416733,55.7526719]]}},{"type":"Feature","properties":{"id":"way/484691083","sourceUrl":"https://www.openstreetmap.org/way/484691083","name":"Спортивная","asOf":"2026-09-04T11:18:21Z","kind":"road","roadClass":"residential","oneway":false,"simulationOnly":true},"geometry":{"type":"LineString","coordinates":[[48.7428433,55.7475032],[48.7423243,55.7469658]]}},{"type":"Feature","properties":{"id":"way/484703850","sourceUrl":"https://www.openstreetmap.org/way/484703850","name":"Университетская улица","asOf":"2026-09-04T11:18:21Z","kind":"road","roadClass":"tertiary","oneway":true,"simulationOnly":true},"geometry":{"type":"LineString","coordinates":[[48.744585,55.7517977],[48.7448007,55.7518353],[48.7449282,55.7518876]]}},{"type":"Feature","properties":{"id":"way/484703851","sourceUrl":"https://www.openstreetmap.org/way/484703851","name":"Университетская улица","asOf":"2026-09-04T11:18:21Z","kind":"road","roadClass":"tertiary","oneway":true,"simulationOnly":true},"geometry":{"type":"LineString","coordinates":[[48.7439575,55.7520433],[48.7439927,55.7519873]]}},{"type":"Feature","properties":{"id":"way/498312580","sourceUrl":"https://www.openstreetmap.org/way/498312580","name":null,"asOf":"2026-09-04T11:18:21Z","kind":"road","roadClass":"service","oneway":false,"simulationOnly":true},"geometry":{"type":"LineString","coordinates":[[48.7425023,55.7484656],[48.742775,55.7487528],[48.7426182,55.7487964],[48.7431416,55.7493769],[48.7433045,55.7495459],[48.7434659,55.7494984],[48.7435993,55.7496471]]}},{"type":"Feature","properties":{"id":"way/498312581","sourceUrl":"https://www.openstreetmap.org/way/498312581","name":null,"asOf":"2026-09-04T11:18:21Z","kind":"road","roadClass":"service","oneway":false,"simulationOnly":true},"geometry":{"type":"LineString","coordinates":[[48.7428716,55.7494311],[48.7431416,55.7493769]]}},{"type":"Feature","properties":{"id":"way/498312582","sourceUrl":"https://www.openstreetmap.org/way/498312582","name":null,"asOf":"2026-09-04T11:18:21Z","kind":"road","roadClass":"service","oneway":false,"simulationOnly":true},"geometry":{"type":"LineString","coordinates":[[48.7427645,55.7483861],[48.7429673,55.7486172],[48.7430844,55.7486547],[48.7436372,55.7492373],[48.7434751,55.7492833],[48.7437484,55.7496028]]}},{"type":"Feature","properties":{"id":"way/498312985","sourceUrl":"https://www.openstreetmap.org/way/498312985","name":null,"asOf":"2026-09-04T11:18:21Z","kind":"road","roadClass":"service","oneway":false,"simulationOnly":true},"geometry":{"type":"MultiLineString","coordinates":[[[48.7463111,55.7570749],[48.7456316,55.7570042]],[[48.7456316,55.7570042],[48.7448232,55.7569305],[48.7442806,55.7568538],[48.7442243,55.7567987],[48.7439517,55.7562822],[48.7439735,55.7562455],[48.744023,55.7562298],[48.7441233,55.7562303],[48.7457272,55.7564034],[48.7457827,55.756435],[48.7458041,55.7564734],[48.7457979,55.7565152],[48.7456316,55.7570042]]]}},{"type":"Feature","properties":{"id":"way/498312986","sourceUrl":"https://www.openstreetmap.org/way/498312986","name":null,"asOf":"2026-09-04T11:18:21Z","kind":"road","roadClass":"service","oneway":false,"simulationOnly":true},"geometry":{"type":"LineString","coordinates":[[48.7457173,55.7570139],[48.7454268,55.7578832],[48.7453321,55.7579367],[48.7451953,55.7579186],[48.7451372,55.7578491],[48.7454066,55.756985]]}},{"type":"Feature","properties":{"id":"way/504034013","sourceUrl":"https://www.openstreetmap.org/way/504034013","name":null,"asOf":"2026-09-04T11:18:21Z","kind":"green","greenType":"grass"},"geometry":{"type":"Polygon","coordinates":[[[48.7448798,55.7519307],[48.7447199,55.7518697],[48.7445307,55.7518478],[48.744341,55.7518683],[48.7441797,55.7519281],[48.7440713,55.752018],[48.7440323,55.7521245],[48.7440687,55.7522313],[48.744175,55.7523221],[48.7443349,55.7523831],[48.7445241,55.752405],[48.7447138,55.7523845],[48.7448751,55.7523247],[48.7449835,55.7522347],[48.7450225,55.7521282],[48.7449861,55.7520215],[48.7448798,55.7519307]]]}},{"type":"Feature","properties":{"id":"way/504034015","sourceUrl":"https://www.openstreetmap.org/way/504034015","name":null,"asOf":"2026-09-04T11:18:21Z","kind":"green","greenType":"grass"},"geometry":{"type":"Polygon","coordinates":[[[48.7546405,55.7500371],[48.754504,55.7500142],[48.7543616,55.7500161],[48.7542272,55.7500427],[48.754114,55.7500913],[48.754033,55.7501573],[48.7539922,55.7502341],[48.7539956,55.7503143],[48.7540506,55.7503977],[48.7541531,55.7504655],[48.7542905,55.7505095],[48.7544464,55.7505244],[48.754602,55.7505084],[48.7547384,55.7504634],[48.7548393,55.7503949],[48.7548924,55.7503111],[48.7548914,55.7502221],[48.7548442,55.7501464],[48.7547578,55.7500827],[48.7546405,55.7500371]]]}},{"type":"Feature","properties":{"id":"way/515438452","sourceUrl":"https://www.openstreetmap.org/way/515438452","name":null,"asOf":"2026-09-04T11:18:21Z","kind":"road","roadClass":"service","oneway":false,"simulationOnly":true},"geometry":{"type":"LineString","coordinates":[[48.7460187,55.7578815],[48.7457263,55.7580301],[48.7444925,55.7583849],[48.7444335,55.7583759],[48.7434075,55.7579599],[48.7411277,55.7569003],[48.7410063,55.7569772]]}},{"type":"Feature","properties":{"id":"way/517195970","sourceUrl":"https://www.openstreetmap.org/way/517195970","name":null,"asOf":"2026-09-04T11:18:21Z","kind":"road","roadClass":"service","oneway":false,"simulationOnly":true},"geometry":{"type":"LineString","coordinates":[[48.762,55.757755758398574],[48.7618024,55.7577566],[48.7617881,55.758707]]}},{"type":"Feature","properties":{"id":"way/517195972","sourceUrl":"https://www.openstreetmap.org/way/517195972","name":null,"asOf":"2026-09-04T11:18:21Z","kind":"road","roadClass":"service","oneway":false,"simulationOnly":true},"geometry":{"type":"MultiLineString","coordinates":[[[48.7614981,55.7616784],[48.7615018,55.7611777]],[[48.7615018,55.7611777],[48.7615119,55.75974],[48.762,55.75973500718406]],[[48.762,55.76117762228375],[48.7615018,55.7611777]]]}},{"type":"Feature","properties":{"id":"way/517195974","sourceUrl":"https://www.openstreetmap.org/way/517195974","name":null,"asOf":"2026-09-04T11:18:21Z","kind":"road","roadClass":"service","oneway":false,"simulationOnly":true},"geometry":{"type":"LineString","coordinates":[[48.762,55.76168106175223],[48.7614981,55.7616784]]}},{"type":"Feature","properties":{"id":"way/517195977","sourceUrl":"https://www.openstreetmap.org/way/517195977","name":null,"asOf":"2026-09-04T11:18:21Z","kind":"road","roadClass":"service","oneway":false,"simulationOnly":true},"geometry":{"type":"LineString","coordinates":[[48.7615062,55.7605468],[48.762,55.76054788992874]]}},{"type":"Feature","properties":{"id":"way/517195978","sourceUrl":"https://www.openstreetmap.org/way/517195978","name":null,"asOf":"2026-09-04T11:18:21Z","kind":"road","roadClass":"service","oneway":false,"simulationOnly":true},"geometry":{"type":"LineString","coordinates":[[48.7617881,55.758707],[48.7617928,55.7597348]]}},{"type":"Feature","properties":{"id":"way/518248247","sourceUrl":"https://www.openstreetmap.org/way/518248247","name":null,"asOf":"2026-09-04T11:18:21Z","kind":"road","roadClass":"residential","oneway":false,"simulationOnly":true},"geometry":{"type":"LineString","coordinates":[[48.7488347,55.748524],[48.748096,55.7477495],[48.7516345,55.7466884],[48.7517077,55.7467092],[48.7519725,55.7470182],[48.7522625,55.747548],[48.7526824,55.7482348],[48.7526616,55.7482733],[48.7525884,55.7483066],[48.7495865,55.7492044],[48.7494832,55.7491766],[48.7488347,55.748524]]}},{"type":"Feature","properties":{"id":"way/518260190","sourceUrl":"https://www.openstreetmap.org/way/518260190","name":null,"asOf":"2026-09-04T11:18:21Z","kind":"road","roadClass":"service","oneway":false,"simulationOnly":true},"geometry":{"type":"LineString","coordinates":[[48.7592946,55.7610274],[48.7591884,55.7613339]]}},{"type":"Feature","properties":{"id":"way/518260192","sourceUrl":"https://www.openstreetmap.org/way/518260192","name":null,"asOf":"2026-09-04T11:18:21Z","kind":"road","roadClass":"service","oneway":false,"simulationOnly":true},"geometry":{"type":"LineString","coordinates":[[48.758617,55.7609593],[48.7583917,55.7615919],[48.7587994,55.7616447],[48.7586734,55.7619632]]}},{"type":"Feature","properties":{"id":"way/518268956","sourceUrl":"https://www.openstreetmap.org/way/518268956","name":null,"asOf":"2026-09-04T11:18:21Z","kind":"road","roadClass":"service","oneway":false,"simulationOnly":true},"geometry":{"type":"LineString","coordinates":[[48.744727,55.7491697],[48.7450916,55.7490712]]}},{"type":"Feature","properties":{"id":"way/518271087","sourceUrl":"https://www.openstreetmap.org/way/518271087","name":null,"asOf":"2026-09-04T11:18:21Z","kind":"road","roadClass":"service","oneway":false,"simulationOnly":true},"geometry":{"type":"LineString","coordinates":[[48.7434659,55.7494984],[48.743419,55.7494563]]}},{"type":"Feature","properties":{"id":"way/518271088","sourceUrl":"https://www.openstreetmap.org/way/518271088","name":null,"asOf":"2026-09-04T11:18:21Z","kind":"road","roadClass":"service","oneway":false,"simulationOnly":true},"geometry":{"type":"LineString","coordinates":[[48.7451966,55.7490394],[48.7451611,55.7490011]]}},{"type":"Feature","properties":{"id":"way/518271089","sourceUrl":"https://www.openstreetmap.org/way/518271089","name":null,"asOf":"2026-09-04T11:18:21Z","kind":"road","roadClass":"service","oneway":false,"simulationOnly":true},"geometry":{"type":"LineString","coordinates":[[48.7426481,55.7484214],[48.7427568,55.7485214]]}},{"type":"Feature","properties":{"id":"way/518271090","sourceUrl":"https://www.openstreetmap.org/way/518271090","name":null,"asOf":"2026-09-04T11:18:21Z","kind":"road","roadClass":"service","oneway":false,"simulationOnly":true},"geometry":{"type":"LineString","coordinates":[[48.7423044,55.7483027],[48.7423363,55.7483457],[48.7422237,55.7483722]]}},{"type":"Feature","properties":{"id":"way/518271091","sourceUrl":"https://www.openstreetmap.org/way/518271091","name":null,"asOf":"2026-09-04T11:18:21Z","kind":"road","roadClass":"service","oneway":false,"simulationOnly":true},"geometry":{"type":"LineString","coordinates":[[48.7415588,55.7472173],[48.7416356,55.7472956]]}},{"type":"Feature","properties":{"id":"way/518271092","sourceUrl":"https://www.openstreetmap.org/way/518271092","name":null,"asOf":"2026-09-04T11:18:21Z","kind":"road","roadClass":"residential","oneway":false,"simulationOnly":true},"geometry":{"type":"LineString","coordinates":[[48.7432207,55.7466527],[48.7432932,55.7467098]]}},{"type":"Feature","properties":{"id":"way/533306701","sourceUrl":"https://www.openstreetmap.org/way/533306701","name":null,"asOf":"2026-09-04T11:18:21Z","kind":"road","roadClass":"service","oneway":false,"simulationOnly":true},"geometry":{"type":"LineString","coordinates":[[48.750666,55.7469788],[48.7515472,55.7477105]]}},{"type":"Feature","properties":{"id":"way/533306702","sourceUrl":"https://www.openstreetmap.org/way/533306702","name":null,"asOf":"2026-09-04T11:18:21Z","kind":"road","roadClass":"service","oneway":false,"simulationOnly":true},"geometry":{"type":"LineString","coordinates":[[48.7520786,55.7471879],[48.7512257,55.7474436]]}},{"type":"Feature","properties":{"id":"way/533306703","sourceUrl":"https://www.openstreetmap.org/way/533306703","name":null,"asOf":"2026-09-04T11:18:21Z","kind":"road","roadClass":"service","oneway":false,"simulationOnly":true},"geometry":{"type":"LineString","coordinates":[[48.7516237,55.7482134],[48.7519048,55.7485113]]}},{"type":"Feature","properties":{"id":"way/535644982","sourceUrl":"https://www.openstreetmap.org/way/535644982","name":null,"asOf":"2026-09-04T11:18:21Z","kind":"road","roadClass":"service","oneway":false,"simulationOnly":true},"geometry":{"type":"LineString","coordinates":[[48.7501285,55.7474615],[48.7509504,55.747215]]}},{"type":"Feature","properties":{"id":"way/535647377","sourceUrl":"https://www.openstreetmap.org/way/535647377","name":null,"asOf":"2026-09-04T11:18:21Z","kind":"road","roadClass":"service","oneway":false,"simulationOnly":true},"geometry":{"type":"LineString","coordinates":[[48.7517623,55.747646],[48.7519027,55.7477879],[48.7519593,55.7477922],[48.7520421,55.7477641],[48.7520426,55.747735],[48.7519154,55.7476001]]}},{"type":"Feature","properties":{"id":"way/535647379","sourceUrl":"https://www.openstreetmap.org/way/535647379","name":null,"asOf":"2026-09-04T11:18:21Z","kind":"road","roadClass":"service","oneway":false,"simulationOnly":true},"geometry":{"type":"LineString","coordinates":[[48.7510241,55.7478674],[48.7511632,55.7480081],[48.7512209,55.7480137],[48.7513174,55.7479805],[48.7513191,55.747952],[48.7511915,55.7478172]]}},{"type":"Feature","properties":{"id":"way/539562036","sourceUrl":"https://www.openstreetmap.org/way/539562036","name":null,"asOf":"2026-09-04T11:18:21Z","kind":"green","greenType":"wood"},"geometry":{"type":"Polygon","coordinates":[[[48.7351438,55.7606817],[48.7362068,55.7606715],[48.7362068,55.7605955],[48.733,55.76060803455122],[48.733,55.760707764645055],[48.7348578,55.7606957],[48.73487103154958,55.762],[48.735066673382924,55.762],[48.7351438,55.7606817]]]}},{"type":"Feature","properties":{"id":"way/612621081","sourceUrl":"https://www.openstreetmap.org/way/612621081","name":null,"asOf":"2026-09-04T11:18:21Z","kind":"road","roadClass":"residential","oneway":false,"simulationOnly":true},"geometry":{"type":"LineString","coordinates":[[48.7523242,55.7462731],[48.7515673,55.7464857]]}},{"type":"Feature","properties":{"id":"way/617354077","sourceUrl":"https://www.openstreetmap.org/way/617354077","name":null,"asOf":"2026-09-04T11:18:21Z","kind":"road","roadClass":"service","oneway":false,"simulationOnly":true},"geometry":{"type":"LineString","coordinates":[[48.7499315,55.747199],[48.7505417,55.748012]]}},{"type":"Feature","properties":{"id":"way/628520063","sourceUrl":"https://www.openstreetmap.org/way/628520063","name":null,"asOf":"2026-09-04T11:18:21Z","kind":"road","roadClass":"service","oneway":false,"simulationOnly":true},"geometry":{"type":"LineString","coordinates":[[48.7489355,55.7474978],[48.7498304,55.7482254]]}},{"type":"Feature","properties":{"id":"way/628520064","sourceUrl":"https://www.openstreetmap.org/way/628520064","name":null,"asOf":"2026-09-04T11:18:21Z","kind":"road","roadClass":"service","oneway":false,"simulationOnly":true},"geometry":{"type":"LineString","coordinates":[[48.7502024,55.7486384],[48.7504835,55.7489362]]}},{"type":"Feature","properties":{"id":"way/643751227","sourceUrl":"https://www.openstreetmap.org/way/643751227","name":null,"asOf":"2026-09-04T11:18:21Z","kind":"road","roadClass":"service","oneway":false,"simulationOnly":true},"geometry":{"type":"LineString","coordinates":[[48.7503176,55.7477134],[48.7495017,55.7479581]]}},{"type":"Feature","properties":{"id":"way/643752167","sourceUrl":"https://www.openstreetmap.org/way/643752167","name":null,"asOf":"2026-09-04T11:18:21Z","kind":"road","roadClass":"service","oneway":false,"simulationOnly":true},"geometry":{"type":"LineString","coordinates":[[48.7456993,55.7493809],[48.74551,55.7491704],[48.7454349,55.7491917],[48.7453709,55.7491206]]}},{"type":"Feature","properties":{"id":"way/649437363","sourceUrl":"https://www.openstreetmap.org/way/649437363","name":"Спортивная","asOf":"2026-09-04T11:18:21Z","kind":"road","roadClass":"residential","oneway":false,"simulationOnly":true},"geometry":{"type":"LineString","coordinates":[[48.7445892,55.7493529],[48.7456754,55.7505698]]}},{"type":"Feature","properties":{"id":"way/652205281","sourceUrl":"https://www.openstreetmap.org/way/652205281","name":null,"asOf":"2026-09-04T11:18:21Z","kind":"road","roadClass":"residential","oneway":false,"simulationOnly":true},"geometry":{"type":"LineString","coordinates":[[48.7422419,55.7459686],[48.7420512,55.7458113],[48.74083340931098,55.745]]}},{"type":"Feature","properties":{"id":"way/670176310","sourceUrl":"https://www.openstreetmap.org/way/670176310","name":null,"asOf":"2026-09-04T11:18:21Z","kind":"road","roadClass":"service","oneway":false,"simulationOnly":true},"geometry":{"type":"LineString","coordinates":[[48.7465552,55.7503123],[48.7463858,55.7501224]]}},{"type":"Feature","properties":{"id":"way/677475478","sourceUrl":"https://www.openstreetmap.org/way/677475478","name":"Спортивная улица","asOf":"2026-09-04T11:18:21Z","kind":"road","roadClass":"tertiary","oneway":true,"simulationOnly":true},"geometry":{"type":"LineString","coordinates":[[48.7400773,55.7476978],[48.7414293,55.7487908],[48.7419096,55.7492198]]}},{"type":"Feature","properties":{"id":"way/677475479","sourceUrl":"https://www.openstreetmap.org/way/677475479","name":"Университетская улица","asOf":"2026-09-04T11:18:21Z","kind":"road","roadClass":"tertiary","oneway":true,"simulationOnly":true},"geometry":{"type":"LineString","coordinates":[[48.745106,55.7521468],[48.7450714,55.7522381]]}},{"type":"Feature","properties":{"id":"way/677475480","sourceUrl":"https://www.openstreetmap.org/way/677475480","name":"Университетская улица","asOf":"2026-09-04T11:18:21Z","kind":"road","roadClass":"tertiary","oneway":true,"simulationOnly":true},"geometry":{"type":"LineString","coordinates":[[48.7444378,55.7524496],[48.7442911,55.7524261],[48.7441602,55.7523819],[48.7440541,55.7523202]]}},{"type":"Feature","properties":{"id":"way/677475481","sourceUrl":"https://www.openstreetmap.org/way/677475481","name":"Университетская улица","asOf":"2026-09-04T11:18:21Z","kind":"road","roadClass":"tertiary","oneway":true,"simulationOnly":true},"geometry":{"type":"LineString","coordinates":[[48.7450714,55.7522381],[48.744931,55.7523598]]}},{"type":"Feature","properties":{"id":"way/677495293","sourceUrl":"https://www.openstreetmap.org/way/677495293","name":null,"asOf":"2026-09-04T11:18:21Z","kind":"road","roadClass":"tertiary","oneway":true,"simulationOnly":true},"geometry":{"type":"LineString","coordinates":[[48.7449282,55.7518876],[48.7450319,55.751963],[48.7450929,55.7520518],[48.745106,55.7521468]]}},{"type":"Feature","properties":{"id":"way/706917044","sourceUrl":"https://www.openstreetmap.org/way/706917044","name":"Спортивная","asOf":"2026-09-04T11:18:21Z","kind":"road","roadClass":"residential","oneway":false,"simulationOnly":true},"geometry":{"type":"LineString","coordinates":[[48.7456754,55.7505698],[48.7437856,55.7511146]]}},{"type":"Feature","properties":{"id":"way/713291801","sourceUrl":"https://www.openstreetmap.org/way/713291801","name":null,"asOf":"2026-09-04T11:18:21Z","kind":"road","roadClass":"service","oneway":false,"simulationOnly":true},"geometry":{"type":"LineString","coordinates":[[48.7500405,55.7482147],[48.7501415,55.7483154],[48.7501867,55.7483238],[48.7502537,55.748304],[48.7502656,55.7482746],[48.7501723,55.7481752]]}},{"type":"Feature","properties":{"id":"way/737914034","sourceUrl":"https://www.openstreetmap.org/way/737914034","name":null,"asOf":"2026-09-04T11:18:21Z","kind":"road","roadClass":"service","oneway":false,"simulationOnly":true},"geometry":{"type":"MultiLineString","coordinates":[[[48.7440118,55.7464494],[48.7445043,55.7462949]],[[48.7445043,55.7462949],[48.7447362,55.7464615],[48.7450041,55.7464165],[48.7452121,55.7465853],[48.7455439,55.746727],[48.7457558,55.7467721],[48.7457358,55.7469093],[48.7457958,55.7469994],[48.7462262,55.7469894],[48.7462876,55.7467743],[48.7462476,55.7465808],[48.7461405,55.7463806],[48.7458318,55.746218],[48.7455922,55.7461431],[48.7454474,55.746119],[48.7450241,55.7461082],[48.7448627,55.7461356],[48.7444723,55.7462679],[48.7445043,55.7462949]]]}},{"type":"Feature","properties":{"id":"way/737914203","sourceUrl":"https://www.openstreetmap.org/way/737914203","name":null,"asOf":"2026-09-04T11:18:21Z","kind":"road","roadClass":"tertiary_link","oneway":true,"simulationOnly":true},"geometry":{"type":"LineString","coordinates":[[48.743672,55.7454816],[48.7437736,55.7455691]]}},{"type":"Feature","properties":{"id":"way/761259965","sourceUrl":"https://www.openstreetmap.org/way/761259965","name":null,"asOf":"2026-09-04T11:18:21Z","kind":"road","roadClass":"service","oneway":false,"simulationOnly":true},"geometry":{"type":"LineString","coordinates":[[48.7492812,55.7483901],[48.7494193,55.7485312],[48.7494714,55.7485382],[48.7495353,55.7485176],[48.7495447,55.7484931],[48.7494109,55.7483512]]}},{"type":"Feature","properties":{"id":"way/780202179","sourceUrl":"https://www.openstreetmap.org/way/780202179","name":null,"asOf":"2026-09-04T11:18:21Z","kind":"road","roadClass":"unclassified","oneway":true,"simulationOnly":true},"geometry":{"type":"LineString","coordinates":[[48.7567232,55.7555667],[48.7561557,55.7557166],[48.7551276,55.7559299],[48.7548883,55.7560267]]}},{"type":"Feature","properties":{"id":"way/780202180","sourceUrl":"https://www.openstreetmap.org/way/780202180","name":"Центральная улица","asOf":"2026-09-04T11:18:21Z","kind":"road","roadClass":"tertiary","oneway":true,"simulationOnly":true},"geometry":{"type":"LineString","coordinates":[[48.7546219,55.7561537],[48.7543979,55.7562794],[48.754245,55.7563927],[48.7539212,55.7567707]]}},{"type":"Feature","properties":{"id":"way/780202181","sourceUrl":"https://www.openstreetmap.org/way/780202181","name":"Центральная улица","asOf":"2026-09-04T11:18:21Z","kind":"road","roadClass":"tertiary","oneway":false,"simulationOnly":true},"geometry":{"type":"LineString","coordinates":[[48.7539212,55.7567707],[48.7533116,55.7578537],[48.7519115,55.760036],[48.7511605,55.7610622],[48.750404318446776,55.762]]}},{"type":"Feature","properties":{"id":"way/780202182","sourceUrl":"https://www.openstreetmap.org/way/780202182","name":"Техническая улица","asOf":"2026-09-04T11:18:21Z","kind":"road","roadClass":"unclassified","oneway":false,"simulationOnly":true},"geometry":{"type":"LineString","coordinates":[[48.7567232,55.7555667],[48.7571663,55.7555164]]}},{"type":"Feature","properties":{"id":"way/793152927","sourceUrl":"https://www.openstreetmap.org/way/793152927","name":null,"asOf":"2026-09-04T11:18:21Z","kind":"road","roadClass":"service","oneway":false,"simulationOnly":true},"geometry":{"type":"LineString","coordinates":[[48.7452143,55.7473062],[48.7453017,55.7472092],[48.7454527,55.7471737],[48.746586,55.7473777],[48.7470474,55.747721],[48.7473372,55.7479735],[48.7472625,55.7480886],[48.7472987,55.7488411],[48.7463111,55.7488689]]}},{"type":"Feature","properties":{"id":"way/793152928","sourceUrl":"https://www.openstreetmap.org/way/793152928","name":null,"asOf":"2026-09-04T11:18:21Z","kind":"road","roadClass":"service","oneway":false,"simulationOnly":true},"geometry":{"type":"LineString","coordinates":[[48.7464184,55.7488605],[48.7463709,55.748792],[48.7465246,55.7484905],[48.7465297,55.7484484],[48.746468,55.7482597],[48.7464049,55.7478828],[48.7452143,55.7473062],[48.7448872,55.747386]]}},{"type":"Feature","properties":{"id":"way/793152930","sourceUrl":"https://www.openstreetmap.org/way/793152930","name":null,"asOf":"2026-09-04T11:18:21Z","kind":"road","roadClass":"service","oneway":false,"simulationOnly":true},"geometry":{"type":"LineString","coordinates":[[48.7469437,55.7476438],[48.7473109,55.7475311]]}},{"type":"Feature","properties":{"id":"way/793152931","sourceUrl":"https://www.openstreetmap.org/way/793152931","name":null,"asOf":"2026-09-04T11:18:21Z","kind":"road","roadClass":"service","oneway":false,"simulationOnly":true},"geometry":{"type":"LineString","coordinates":[[48.7461405,55.7463806],[48.7464995,55.7462933]]}},{"type":"Feature","properties":{"id":"way/820875094","sourceUrl":"https://www.openstreetmap.org/way/820875094","name":null,"asOf":"2026-09-04T11:18:21Z","kind":"road","roadClass":"residential","oneway":false,"simulationOnly":true},"geometry":{"type":"MultiLineString","coordinates":[[[48.7470316,55.7465503],[48.7461471,55.7456242],[48.7461425,55.7455702],[48.7461731,55.7455415],[48.74774504556352,55.745]],[[48.75036829852249,55.745],[48.7507524,55.7454376]]]}},{"type":"Feature","properties":{"id":"way/841225712","sourceUrl":"https://www.openstreetmap.org/way/841225712","name":null,"asOf":"2026-09-04T11:18:21Z","kind":"road","roadClass":"residential","oneway":false,"simulationOnly":true},"geometry":{"type":"LineString","coordinates":[[48.7475129,55.747054],[48.7511613,55.7459631]]}},{"type":"Feature","properties":{"id":"way/841225713","sourceUrl":"https://www.openstreetmap.org/way/841225713","name":null,"asOf":"2026-09-04T11:18:21Z","kind":"road","roadClass":"residential","oneway":false,"simulationOnly":true},"geometry":{"type":"LineString","coordinates":[[48.7470316,55.7465503],[48.7507524,55.7454376]]}},{"type":"Feature","properties":{"id":"way/841225726","sourceUrl":"https://www.openstreetmap.org/way/841225726","name":null,"asOf":"2026-09-04T11:18:21Z","kind":"road","roadClass":"residential","oneway":false,"simulationOnly":true},"geometry":{"type":"LineString","coordinates":[[48.7465386,55.7460342],[48.750035996794814,55.745]]}},{"type":"Feature","properties":{"id":"way/841797541","sourceUrl":"https://www.openstreetmap.org/way/841797541","name":null,"asOf":"2026-09-04T11:18:21Z","kind":"road","roadClass":"service","oneway":false,"simulationOnly":true},"geometry":{"type":"LineString","coordinates":[[48.7482783,55.7479406],[48.7491564,55.7476773]]}},{"type":"Feature","properties":{"id":"way/841799217","sourceUrl":"https://www.openstreetmap.org/way/841799217","name":null,"asOf":"2026-09-04T11:18:21Z","kind":"road","roadClass":"residential","oneway":false,"simulationOnly":true},"geometry":{"type":"LineString","coordinates":[[48.7467831,55.7515973],[48.7470138,55.7519023],[48.7478158,55.7532744]]}},{"type":"Feature","properties":{"id":"way/841799218","sourceUrl":"https://www.openstreetmap.org/way/841799218","name":null,"asOf":"2026-09-04T11:18:21Z","kind":"road","roadClass":"residential","oneway":false,"simulationOnly":true},"geometry":{"type":"LineString","coordinates":[[48.7478158,55.7532744],[48.7479563,55.7534913],[48.7477809,55.7535747],[48.7458053,55.7542809]]}},{"type":"Feature","properties":{"id":"way/868531174","sourceUrl":"https://www.openstreetmap.org/way/868531174","name":null,"asOf":"2026-09-04T11:18:21Z","kind":"road","roadClass":"residential","oneway":false,"simulationOnly":true},"geometry":{"type":"LineString","coordinates":[[48.7463111,55.7570749],[48.7461032,55.7576982],[48.7460187,55.7578815]]}},{"type":"Feature","properties":{"id":"way/868531175","sourceUrl":"https://www.openstreetmap.org/way/868531175","name":null,"asOf":"2026-09-04T11:18:21Z","kind":"road","roadClass":"tertiary","oneway":true,"simulationOnly":true},"geometry":{"type":"LineString","coordinates":[[48.75392,55.7560152],[48.7536308,55.7559354],[48.7525606,55.7558524]]}},{"type":"Feature","properties":{"id":"way/868531176","sourceUrl":"https://www.openstreetmap.org/way/868531176","name":null,"asOf":"2026-09-04T11:18:21Z","kind":"road","roadClass":"tertiary","oneway":true,"simulationOnly":true},"geometry":{"type":"LineString","coordinates":[[48.7525606,55.7558524],[48.7529817,55.7558312],[48.7539893,55.7556564]]}},{"type":"Feature","properties":{"id":"way/896970682","sourceUrl":"https://www.openstreetmap.org/way/896970682","name":"Центральная улица","asOf":"2026-09-04T11:18:21Z","kind":"road","roadClass":"tertiary","oneway":true,"simulationOnly":true},"geometry":{"type":"LineString","coordinates":[[48.7540281,55.7500228],[48.7540994,55.7499062],[48.754131,55.7497797],[48.7541193,55.7496242],[48.7531176,55.7475565],[48.7523242,55.7462731],[48.7517165,55.7455163],[48.75125568943858,55.745]]}},{"type":"Feature","properties":{"id":"way/896971426","sourceUrl":"https://www.openstreetmap.org/way/896971426","name":null,"asOf":"2026-09-04T11:18:21Z","kind":"road","roadClass":"service","oneway":false,"simulationOnly":true},"geometry":{"type":"LineString","coordinates":[[48.7474941,55.7518902],[48.7471639,55.7518437]]}},{"type":"Feature","properties":{"id":"way/912715529","sourceUrl":"https://www.openstreetmap.org/way/912715529","name":"Университетская улица","asOf":"2026-09-04T11:18:21Z","kind":"road","roadClass":"secondary","oneway":true,"simulationOnly":true},"geometry":{"type":"LineString","coordinates":[[48.7587071,55.7490293],[48.7557398,55.7499532],[48.7553704,55.7501213],[48.7549621,55.7504068]]}},{"type":"Feature","properties":{"id":"way/912715530","sourceUrl":"https://www.openstreetmap.org/way/912715530","name":"Университетская улица","asOf":"2026-09-04T11:18:21Z","kind":"road","roadClass":"secondary","oneway":true,"simulationOnly":true},"geometry":{"type":"LineString","coordinates":[[48.7547856,55.7500043],[48.7552043,55.7499591],[48.7555526,55.7498708],[48.7586036,55.7489456]]}},{"type":"Feature","properties":{"id":"way/921925788","sourceUrl":"https://www.openstreetmap.org/way/921925788","name":null,"asOf":"2026-09-04T11:18:21Z","kind":"road","roadClass":"service","oneway":false,"simulationOnly":true},"geometry":{"type":"LineString","coordinates":[[48.7581617,55.7609096],[48.7584025,55.7602563]]}},{"type":"Feature","properties":{"id":"way/921925789","sourceUrl":"https://www.openstreetmap.org/way/921925789","name":null,"asOf":"2026-09-04T11:18:21Z","kind":"road","roadClass":"service","oneway":false,"simulationOnly":true},"geometry":{"type":"LineString","coordinates":[[48.759407884281586,55.762],[48.7596282,55.7614274],[48.7595504,55.7613731],[48.7591884,55.7613339],[48.7588477,55.7612554],[48.7585185,55.7612217]]}},{"type":"Feature","properties":{"id":"way/921925790","sourceUrl":"https://www.openstreetmap.org/way/921925790","name":null,"asOf":"2026-09-04T11:18:21Z","kind":"road","roadClass":"service","oneway":false,"simulationOnly":true},"geometry":{"type":"LineString","coordinates":[[48.7582603,55.7619149],[48.75897810740744,55.762]]}},{"type":"Feature","properties":{"id":"way/921925795","sourceUrl":"https://www.openstreetmap.org/way/921925795","name":null,"asOf":"2026-09-04T11:18:21Z","kind":"road","roadClass":"unclassified","oneway":false,"simulationOnly":true},"geometry":{"type":"LineString","coordinates":[[48.762,55.755368119099536],[48.7612697,55.7550101]]}},{"type":"Feature","properties":{"id":"way/924314638","sourceUrl":"https://www.openstreetmap.org/way/924314638","name":null,"asOf":"2026-09-04T11:18:21Z","kind":"road","roadClass":"service","oneway":false,"simulationOnly":true},"geometry":{"type":"LineString","coordinates":[[48.7503317,55.7474006],[48.7502419,55.7473018],[48.7502482,55.7472672],[48.7502783,55.7472467],[48.7506032,55.7471601],[48.7506664,55.747183],[48.7507527,55.7472743]]}},{"type":"Feature","properties":{"id":"way/946489938","sourceUrl":"https://www.openstreetmap.org/way/946489938","name":null,"asOf":"2026-09-04T11:18:21Z","kind":"road","roadClass":"residential","oneway":false,"simulationOnly":true},"geometry":{"type":"LineString","coordinates":[[48.7516345,55.7466884],[48.7515197,55.7465558]]}},{"type":"Feature","properties":{"id":"way/1015026584","sourceUrl":"https://www.openstreetmap.org/way/1015026584","name":null,"asOf":"2026-09-04T11:18:21Z","kind":"road","roadClass":"residential","oneway":false,"simulationOnly":true},"geometry":{"type":"LineString","coordinates":[[48.7529536,55.7472887],[48.7522386,55.7475035]]}},{"type":"Feature","properties":{"id":"way/1030875297","sourceUrl":"https://www.openstreetmap.org/way/1030875297","name":"Квантовый переулок","asOf":"2026-09-04T11:18:21Z","kind":"road","roadClass":"residential","oneway":false,"simulationOnly":true},"geometry":{"type":"LineString","coordinates":[[48.7474061,55.7500604],[48.7483022,55.750961],[48.7483872,55.7510913]]}},{"type":"Feature","properties":{"id":"way/1030875298","sourceUrl":"https://www.openstreetmap.org/way/1030875298","name":"Спортивная","asOf":"2026-09-04T11:18:21Z","kind":"road","roadClass":"residential","oneway":false,"simulationOnly":true},"geometry":{"type":"LineString","coordinates":[[48.7456754,55.7505698],[48.7474061,55.7500604]]}},{"type":"Feature","properties":{"id":"way/1072639591","sourceUrl":"https://www.openstreetmap.org/way/1072639591","name":null,"asOf":"2026-09-04T11:18:21Z","kind":"road","roadClass":"service","oneway":false,"simulationOnly":true},"geometry":{"type":"LineString","coordinates":[[48.7480894,55.7532683],[48.7482291,55.7531484]]}},{"type":"Feature","properties":{"id":"way/1072639592","sourceUrl":"https://www.openstreetmap.org/way/1072639592","name":null,"asOf":"2026-09-04T11:18:21Z","kind":"road","roadClass":"service","oneway":false,"simulationOnly":true},"geometry":{"type":"LineString","coordinates":[[48.7480894,55.7532683],[48.7478802,55.7533724]]}},{"type":"Feature","properties":{"id":"way/1072639593","sourceUrl":"https://www.openstreetmap.org/way/1072639593","name":null,"asOf":"2026-09-04T11:18:21Z","kind":"road","roadClass":"service","oneway":true,"simulationOnly":true},"geometry":{"type":"LineString","coordinates":[[48.7473005,55.7518108],[48.7479794,55.7518841],[48.7486017,55.7529317],[48.7485883,55.7530132],[48.7482396,55.7532351],[48.7480894,55.7532683]]}},{"type":"Feature","properties":{"id":"way/1072639594","sourceUrl":"https://www.openstreetmap.org/way/1072639594","name":null,"asOf":"2026-09-04T11:18:21Z","kind":"road","roadClass":"service","oneway":false,"simulationOnly":true},"geometry":{"type":"LineString","coordinates":[[48.7471639,55.7518437],[48.7469696,55.7518377]]}},{"type":"Feature","properties":{"id":"way/1072639595","sourceUrl":"https://www.openstreetmap.org/way/1072639595","name":null,"asOf":"2026-09-04T11:18:21Z","kind":"road","roadClass":"service","oneway":false,"simulationOnly":true},"geometry":{"type":"LineString","coordinates":[[48.7471639,55.7518437],[48.748025,55.7516396],[48.7481511,55.751632],[48.7486151,55.7516939]]}},{"type":"Feature","properties":{"id":"way/1072639600","sourceUrl":"https://www.openstreetmap.org/way/1072639600","name":null,"asOf":"2026-09-04T11:18:21Z","kind":"road","roadClass":"service","oneway":false,"simulationOnly":true},"geometry":{"type":"LineString","coordinates":[[48.7479955,55.7531324],[48.7473337,55.7519953]]}},{"type":"Feature","properties":{"id":"way/1072639601","sourceUrl":"https://www.openstreetmap.org/way/1072639601","name":null,"asOf":"2026-09-04T11:18:21Z","kind":"road","roadClass":"service","oneway":false,"simulationOnly":true},"geometry":{"type":"LineString","coordinates":[[48.7470493,55.751963],[48.7476844,55.7520351],[48.7482315,55.752977],[48.7477994,55.7532462]]}},{"type":"Feature","properties":{"id":"way/1072639616","sourceUrl":"https://www.openstreetmap.org/way/1072639616","name":"Центральная улица","asOf":"2026-09-04T11:18:21Z","kind":"road","roadClass":"tertiary","oneway":true,"simulationOnly":true},"geometry":{"type":"LineString","coordinates":[[48.7538615,55.7558025],[48.7539317,55.7557007],[48.7540596,55.7556184],[48.7543245,55.7555527],[48.7545186,55.755555],[48.7546997,55.7555945],[48.7548139,55.755643],[48.7549393,55.7557623],[48.754969,55.7558703],[48.7549585,55.7559248],[48.7548883,55.7560267],[48.7547604,55.7561089],[48.7545902,55.7561615],[48.7543983,55.7561783],[48.7541203,55.7561328],[48.7539742,55.7560608],[48.7538807,55.7559651],[48.7538574,55.7559118],[48.7538615,55.7558025]]}},{"type":"Feature","properties":{"id":"way/1072639617","sourceUrl":"https://www.openstreetmap.org/way/1072639617","name":null,"asOf":"2026-09-04T11:18:21Z","kind":"road","roadClass":"service","oneway":false,"simulationOnly":true},"geometry":{"type":"LineString","coordinates":[[48.7419285,55.7572725],[48.7417987,55.7573568]]}},{"type":"Feature","properties":{"id":"way/1072639618","sourceUrl":"https://www.openstreetmap.org/way/1072639618","name":null,"asOf":"2026-09-04T11:18:21Z","kind":"road","roadClass":"service","oneway":false,"simulationOnly":true},"geometry":{"type":"LineString","coordinates":[[48.7427266,55.7576434],[48.7426065,55.7577214]]}},{"type":"Feature","properties":{"id":"way/1072639622","sourceUrl":"https://www.openstreetmap.org/way/1072639622","name":null,"asOf":"2026-09-04T11:18:21Z","kind":"road","roadClass":"service","oneway":false,"simulationOnly":true},"geometry":{"type":"LineString","coordinates":[[48.7452616,55.7579274],[48.7450719,55.7579835],[48.7447983,55.7580242],[48.7446079,55.7579412],[48.744683,55.7578778]]}},{"type":"Feature","properties":{"id":"way/1072639623","sourceUrl":"https://www.openstreetmap.org/way/1072639623","name":null,"asOf":"2026-09-04T11:18:21Z","kind":"road","roadClass":"service","oneway":false,"simulationOnly":true},"geometry":{"type":"LineString","coordinates":[[48.7456419,55.7572264],[48.745341,55.7571985]]}},{"type":"Feature","properties":{"id":"way/1072639624","sourceUrl":"https://www.openstreetmap.org/way/1072639624","name":null,"asOf":"2026-09-04T11:18:21Z","kind":"road","roadClass":"service","oneway":false,"simulationOnly":true},"geometry":{"type":"LineString","coordinates":[[48.7447373,55.7562987],[48.7446535,55.7565481],[48.7446642,55.7566161],[48.7447447,55.7566538],[48.745096,55.7566946],[48.7450175,55.7569465]]}},{"type":"Feature","properties":{"id":"way/1072661973","sourceUrl":"https://www.openstreetmap.org/way/1072661973","name":null,"asOf":"2026-09-04T11:18:21Z","kind":"road","roadClass":"service","oneway":false,"simulationOnly":true},"geometry":{"type":"LineString","coordinates":[[48.746111,55.7549009],[48.7451685,55.7550086]]}},{"type":"Feature","properties":{"id":"way/1072661974","sourceUrl":"https://www.openstreetmap.org/way/1072661974","name":null,"asOf":"2026-09-04T11:18:21Z","kind":"road","roadClass":"service","oneway":false,"simulationOnly":true},"geometry":{"type":"LineString","coordinates":[[48.7460661,55.7547997],[48.7451453,55.7549347],[48.7451685,55.7550086]]}},{"type":"Feature","properties":{"id":"way/1072661988","sourceUrl":"https://www.openstreetmap.org/way/1072661988","name":null,"asOf":"2026-09-04T11:18:21Z","kind":"road","roadClass":"service","oneway":false,"simulationOnly":true},"geometry":{"type":"LineString","coordinates":[[48.7514656,55.7522041],[48.7506704,55.7525263]]}},{"type":"Feature","properties":{"id":"way/1072662028","sourceUrl":"https://www.openstreetmap.org/way/1072662028","name":null,"asOf":"2026-09-04T11:18:21Z","kind":"road","roadClass":"service","oneway":false,"simulationOnly":true},"geometry":{"type":"LineString","coordinates":[[48.7517778,55.7530537],[48.7518229,55.7529409],[48.7521034,55.7524506]]}},{"type":"Feature","properties":{"id":"way/1072666064","sourceUrl":"https://www.openstreetmap.org/way/1072666064","name":null,"asOf":"2026-09-04T11:18:21Z","kind":"road","roadClass":"service","oneway":false,"simulationOnly":true},"geometry":{"type":"LineString","coordinates":[[48.7422536,55.7507156],[48.7417072,55.7508107]]}},{"type":"Feature","properties":{"id":"way/1072666065","sourceUrl":"https://www.openstreetmap.org/way/1072666065","name":null,"asOf":"2026-09-04T11:18:21Z","kind":"road","roadClass":"service","oneway":false,"simulationOnly":true},"geometry":{"type":"LineString","coordinates":[[48.7417072,55.7508107],[48.7422545,55.7520407],[48.7424958,55.7525072]]}},{"type":"Feature","properties":{"id":"way/1072666067","sourceUrl":"https://www.openstreetmap.org/way/1072666067","name":null,"asOf":"2026-09-04T11:18:21Z","kind":"road","roadClass":"service","oneway":false,"simulationOnly":true},"geometry":{"type":"LineString","coordinates":[[48.7395787,55.7546811],[48.7392569,55.7547279],[48.7391726,55.7546421],[48.7387687,55.7540607],[48.7369556,55.7544033],[48.7373659,55.7550584]]}},{"type":"Feature","properties":{"id":"way/1072666068","sourceUrl":"https://www.openstreetmap.org/way/1072666068","name":null,"asOf":"2026-09-04T11:18:21Z","kind":"road","roadClass":"service","oneway":false,"simulationOnly":true},"geometry":{"type":"LineString","coordinates":[[48.7377387,55.7542553],[48.7377924,55.754349]]}},{"type":"Feature","properties":{"id":"way/1072669535","sourceUrl":"https://www.openstreetmap.org/way/1072669535","name":null,"asOf":"2026-09-04T11:18:21Z","kind":"road","roadClass":"service","oneway":false,"simulationOnly":true},"geometry":{"type":"LineString","coordinates":[[48.7475127,55.7494462],[48.748025,55.7493692],[48.7482181,55.7493873],[48.7484595,55.7494341],[48.748827,55.749573],[48.7489343,55.7496606],[48.7490335,55.7497919],[48.7490845,55.749893],[48.7491032,55.7500153],[48.749055,55.7501482],[48.7487948,55.7504335]]}},{"type":"Feature","properties":{"id":"way/1072669536","sourceUrl":"https://www.openstreetmap.org/way/1072669536","name":null,"asOf":"2026-09-04T11:18:21Z","kind":"road","roadClass":"service","oneway":false,"simulationOnly":true},"geometry":{"type":"LineString","coordinates":[[48.746971,55.7495919],[48.7475127,55.7494462]]}},{"type":"Feature","properties":{"id":"way/1072669537","sourceUrl":"https://www.openstreetmap.org/way/1072669537","name":null,"asOf":"2026-09-04T11:18:21Z","kind":"road","roadClass":"service","oneway":false,"simulationOnly":true},"geometry":{"type":"LineString","coordinates":[[48.7481323,55.7499187],[48.7479714,55.7496726],[48.7479097,55.749647],[48.7477005,55.7496485],[48.7475127,55.7494462]]}},{"type":"Feature","properties":{"id":"way/1072669538","sourceUrl":"https://www.openstreetmap.org/way/1072669538","name":null,"asOf":"2026-09-04T11:18:21Z","kind":"road","roadClass":"service","oneway":false,"simulationOnly":true},"geometry":{"type":"LineString","coordinates":[[48.7481323,55.7499187],[48.7484381,55.7500968],[48.7484702,55.7501678],[48.748422,55.7502568],[48.748422,55.7503112],[48.7484729,55.750358],[48.7487948,55.7504335]]}},{"type":"Feature","properties":{"id":"way/1072669539","sourceUrl":"https://www.openstreetmap.org/way/1072669539","name":null,"asOf":"2026-09-04T11:18:21Z","kind":"road","roadClass":"service","oneway":false,"simulationOnly":true},"geometry":{"type":"LineString","coordinates":[[48.7474601,55.7501146],[48.7481323,55.7499187]]}},{"type":"Feature","properties":{"id":"way/1072669547","sourceUrl":"https://www.openstreetmap.org/way/1072669547","name":null,"asOf":"2026-09-04T11:18:21Z","kind":"road","roadClass":"service","oneway":false,"simulationOnly":true},"geometry":{"type":"LineString","coordinates":[[48.7454403,55.7479687],[48.7460555,55.7478171],[48.7461614,55.7477705]]}},{"type":"Feature","properties":{"id":"way/1123299219","sourceUrl":"https://www.openstreetmap.org/way/1123299219","name":null,"asOf":"2026-09-04T11:18:21Z","kind":"road","roadClass":"residential","oneway":false,"simulationOnly":true},"geometry":{"type":"LineString","coordinates":[[48.7480419,55.7476078],[48.7470316,55.7465503]]}},{"type":"Feature","properties":{"id":"way/1123299220","sourceUrl":"https://www.openstreetmap.org/way/1123299220","name":null,"asOf":"2026-09-04T11:18:21Z","kind":"road","roadClass":"residential","oneway":false,"simulationOnly":true},"geometry":{"type":"LineString","coordinates":[[48.7507524,55.7454376],[48.7515673,55.7464857],[48.7515585,55.7465366],[48.7480419,55.7476078],[48.7480151,55.7476583],[48.748096,55.7477495]]}},{"type":"Feature","properties":{"id":"way/1133843517","sourceUrl":"https://www.openstreetmap.org/way/1133843517","name":null,"asOf":"2026-09-04T11:18:21Z","kind":"road","roadClass":"tertiary","oneway":true,"simulationOnly":true},"geometry":{"type":"LineString","coordinates":[[48.7393641,55.74714],[48.7391553,55.7471755]]}},{"type":"Feature","properties":{"id":"way/1133843518","sourceUrl":"https://www.openstreetmap.org/way/1133843518","name":null,"asOf":"2026-09-04T11:18:21Z","kind":"road","roadClass":"tertiary","oneway":true,"simulationOnly":true},"geometry":{"type":"LineString","coordinates":[[48.7391553,55.7471755],[48.739231,55.7470551]]}},{"type":"Feature","properties":{"id":"way/1153979020","sourceUrl":"https://www.openstreetmap.org/way/1153979020","name":null,"asOf":"2026-09-04T11:18:21Z","kind":"road","roadClass":"service","oneway":false,"simulationOnly":true},"geometry":{"type":"LineString","coordinates":[[48.7573184,55.7559668],[48.7571663,55.7555164]]}},{"type":"Feature","properties":{"id":"way/1202087748","sourceUrl":"https://www.openstreetmap.org/way/1202087748","name":null,"asOf":"2026-09-04T11:18:21Z","kind":"green","greenType":"grass"},"geometry":{"type":"Polygon","coordinates":[[[48.7438591,55.7521492],[48.743309,55.7523454],[48.7433261,55.7523693],[48.7438902,55.7522401],[48.7438591,55.7521492]]]}},{"type":"Feature","properties":{"id":"way/1202087749","sourceUrl":"https://www.openstreetmap.org/way/1202087749","name":null,"asOf":"2026-09-04T11:18:21Z","kind":"green","greenType":"grass"},"geometry":{"type":"Polygon","coordinates":[[[48.7443779,55.7517263],[48.7441539,55.751562],[48.7436152,55.7509892],[48.7435699,55.7510067],[48.7442135,55.7517487],[48.7443779,55.7517263]]]}},{"type":"Feature","properties":{"id":"way/1202087750","sourceUrl":"https://www.openstreetmap.org/way/1202087750","name":null,"asOf":"2026-09-04T11:18:21Z","kind":"green","greenType":"grass"},"geometry":{"type":"Polygon","coordinates":[[[48.74558,55.7518843],[48.7455596,55.7518445],[48.7451286,55.7519335],[48.7451887,55.7520423],[48.74558,55.7518843]]]}},{"type":"Feature","properties":{"id":"way/1202087751","sourceUrl":"https://www.openstreetmap.org/way/1202087751","name":null,"asOf":"2026-09-04T11:18:21Z","kind":"green","greenType":"grass"},"geometry":{"type":"Polygon","coordinates":[[[48.7445947,55.7524721],[48.7448597,55.7527124],[48.7448004,55.7524476],[48.7445947,55.7524721]]]}},{"type":"Feature","properties":{"id":"way/1202087752","sourceUrl":"https://www.openstreetmap.org/way/1202087752","name":null,"asOf":"2026-09-04T11:18:21Z","kind":"green","greenType":"grass"},"geometry":{"type":"Polygon","coordinates":[[[48.7459553,55.75472],[48.7457514,55.7542568],[48.7454856,55.7542947],[48.7457863,55.7547949],[48.7459168,55.7547676],[48.7459553,55.75472]]]}},{"type":"Feature","properties":{"id":"way/1202087753","sourceUrl":"https://www.openstreetmap.org/way/1202087753","name":null,"asOf":"2026-09-04T11:18:21Z","kind":"green","greenType":"grass"},"geometry":{"type":"Polygon","coordinates":[[[48.7459907,55.7554801],[48.7461258,55.7561489],[48.7461341,55.756543],[48.7460486,55.7569868],[48.746181,55.7569977],[48.7462499,55.7569744],[48.7463051,55.7567416],[48.7463189,55.7560527],[48.7460514,55.7549773],[48.7459549,55.7549338],[48.7458501,55.7549447],[48.7459907,55.7554801]]]}},{"type":"Feature","properties":{"id":"way/1202088738","sourceUrl":"https://www.openstreetmap.org/way/1202088738","name":null,"asOf":"2026-09-04T11:18:21Z","kind":"green","greenType":"grass"},"geometry":{"type":"Polygon","coordinates":[[[48.7511169,55.7477231],[48.7506898,55.7473637],[48.7505079,55.7474149],[48.7508064,55.7478066],[48.7511169,55.7477231]]]}},{"type":"Feature","properties":{"id":"way/1202088739","sourceUrl":"https://www.openstreetmap.org/way/1202088739","name":null,"asOf":"2026-09-04T11:18:21Z","kind":"green","greenType":"grass"},"geometry":{"type":"Polygon","coordinates":[[[48.7517199,55.747209],[48.7513759,55.7468462],[48.7510991,55.7469363],[48.7514945,55.747278],[48.7517199,55.747209]]]}},{"type":"Feature","properties":{"id":"way/1202088740","sourceUrl":"https://www.openstreetmap.org/way/1202088740","name":null,"asOf":"2026-09-04T11:18:21Z","kind":"green","greenType":"grass"},"geometry":{"type":"Polygon","coordinates":[[[48.7499503,55.7477651],[48.7496636,55.7473567],[48.7493749,55.747448],[48.7498,55.7478019],[48.7499503,55.7477651]]]}},{"type":"Feature","properties":{"id":"way/1202088741","sourceUrl":"https://www.openstreetmap.org/way/1202088741","name":null,"asOf":"2026-09-04T11:18:21Z","kind":"green","greenType":"grass"},"geometry":{"type":"Polygon","coordinates":[[[48.7493769,55.7482359],[48.7489538,55.7478764],[48.7487284,55.7479454],[48.7490922,55.7483238],[48.7493769,55.7482359]]]}},{"type":"Feature","properties":{"id":"way/1202088742","sourceUrl":"https://www.openstreetmap.org/way/1202088742","name":null,"asOf":"2026-09-04T11:18:21Z","kind":"green","greenType":"grass"},"geometry":{"type":"Polygon","coordinates":[[[48.7513438,55.7464788],[48.7511665,55.7465284],[48.7508388,55.7461576],[48.7511208,55.7460786],[48.7510881,55.7460417],[48.7506185,55.7461732],[48.751042,55.7466522],[48.7514068,55.74655],[48.7513438,55.7464788]]]}},{"type":"Feature","properties":{"id":"way/1202088743","sourceUrl":"https://www.openstreetmap.org/way/1202088743","name":null,"asOf":"2026-09-04T11:18:21Z","kind":"green","greenType":"grass"},"geometry":{"type":"Polygon","coordinates":[[[48.7507498,55.7463217],[48.7500847,55.7465189],[48.7499849,55.7464124],[48.7499015,55.7464372],[48.7502684,55.7468284],[48.750373,55.7467973],[48.7502465,55.7466624],[48.7508839,55.7464734],[48.7507498,55.7463217]]]}},{"type":"Feature","properties":{"id":"way/1202088744","sourceUrl":"https://www.openstreetmap.org/way/1202088744","name":null,"asOf":"2026-09-04T11:18:21Z","kind":"green","greenType":"grass"},"geometry":{"type":"Polygon","coordinates":[[[48.750012,55.7465839],[48.7493307,55.7467778],[48.7491735,55.7466028],[48.7491152,55.7466193],[48.7494869,55.7470333],[48.7495667,55.7470106],[48.7494893,55.7469245],[48.7501493,55.7467367],[48.750012,55.7465839]]]}},{"type":"Feature","properties":{"id":"way/1202088745","sourceUrl":"https://www.openstreetmap.org/way/1202088745","name":null,"asOf":"2026-09-04T11:18:21Z","kind":"green","greenType":"grass"},"geometry":{"type":"Polygon","coordinates":[[[48.7492871,55.7468522],[48.7485592,55.7470692],[48.7486272,55.7471415],[48.749355,55.7469244],[48.7492871,55.7468522]]]}},{"type":"Feature","properties":{"id":"way/1202088746","sourceUrl":"https://www.openstreetmap.org/way/1202088746","name":null,"asOf":"2026-09-04T11:18:21Z","kind":"green","greenType":"grass"},"geometry":{"type":"Polygon","coordinates":[[[48.7485997,55.7471866],[48.7485014,55.7470766],[48.7478218,55.7472691],[48.7479202,55.7473792],[48.7485997,55.7471866]]]}},{"type":"Feature","properties":{"id":"way/1202088747","sourceUrl":"https://www.openstreetmap.org/way/1202088747","name":null,"asOf":"2026-09-04T11:18:21Z","kind":"green","greenType":"grass"},"geometry":{"type":"Polygon","coordinates":[[[48.7509183,55.7487271],[48.7507797,55.7485854],[48.7511805,55.7484612],[48.7513216,55.7486055],[48.7514076,55.7485788],[48.7510985,55.7482631],[48.7505294,55.7484396],[48.7508358,55.7487527],[48.7509183,55.7487271]]]}},{"type":"Feature","properties":{"id":"way/1202088748","sourceUrl":"https://www.openstreetmap.org/way/1202088748","name":null,"asOf":"2026-09-04T11:18:21Z","kind":"green","greenType":"grass"},"geometry":{"type":"Polygon","coordinates":[[[48.7501481,55.7486018],[48.749862,55.7482979],[48.7496588,55.7483585],[48.7499448,55.7486624],[48.7501481,55.7486018]]]}},{"type":"Feature","properties":{"id":"way/1202088749","sourceUrl":"https://www.openstreetmap.org/way/1202088749","name":null,"asOf":"2026-09-04T11:18:21Z","kind":"green","greenType":"grass"},"geometry":{"type":"Polygon","coordinates":[[[48.7523939,55.7482595],[48.7521206,55.7479723],[48.7519021,55.7480381],[48.7521755,55.7483254],[48.7523939,55.7482595]]]}},{"type":"Feature","properties":{"id":"way/1202088750","sourceUrl":"https://www.openstreetmap.org/way/1202088750","name":null,"asOf":"2026-09-04T11:18:21Z","kind":"green","greenType":"grass"},"geometry":{"type":"Polygon","coordinates":[[[48.7518652,55.7480326],[48.7516228,55.7477762],[48.7514283,55.7478345],[48.7516708,55.7480909],[48.7518652,55.7480326]]]}},{"type":"Feature","properties":{"id":"way/1202088751","sourceUrl":"https://www.openstreetmap.org/way/1202088751","name":null,"asOf":"2026-09-04T11:18:21Z","kind":"green","greenType":"grass"},"geometry":{"type":"Polygon","coordinates":[[[48.7514701,55.7467005],[48.7514949,55.746657],[48.7514618,55.746612],[48.7488862,55.7473927],[48.7489414,55.7474579],[48.7514701,55.7467005]]]}},{"type":"Feature","properties":{"id":"way/1202089185","sourceUrl":"https://www.openstreetmap.org/way/1202089185","name":null,"asOf":"2026-09-04T11:18:21Z","kind":"green","greenType":"grass"},"geometry":{"type":"Polygon","coordinates":[[[48.7487359,55.7488967],[48.7485953,55.7487586],[48.7485898,55.7490876],[48.7489979,55.7492227],[48.7487359,55.7488967]]]}},{"type":"Feature","properties":{"id":"way/1202089186","sourceUrl":"https://www.openstreetmap.org/way/1202089186","name":null,"asOf":"2026-09-04T11:18:21Z","kind":"green","greenType":"grass"},"geometry":{"type":"Polygon","coordinates":[[[48.7484767,55.7486996],[48.7483526,55.7487633],[48.7483085,55.7488766],[48.7482478,55.7489433],[48.7484712,55.7490287],[48.7484767,55.7486996]]]}},{"type":"Feature","properties":{"id":"way/1202089187","sourceUrl":"https://www.openstreetmap.org/way/1202089187","name":null,"asOf":"2026-09-04T11:18:21Z","kind":"green","greenType":"grass"},"geometry":{"type":"Polygon","coordinates":[[[48.7484767,55.7486422],[48.7483802,55.7485242],[48.7483719,55.7486934],[48.7484767,55.7486422]]]}},{"type":"Feature","properties":{"id":"way/1202089188","sourceUrl":"https://www.openstreetmap.org/way/1202089188","name":null,"asOf":"2026-09-04T11:18:21Z","kind":"green","greenType":"grass"},"geometry":{"type":"Polygon","coordinates":[[[48.7486146,55.7486608],[48.7485925,55.7486655],[48.7490144,55.7491311],[48.7491027,55.7492723],[48.7492323,55.7493189],[48.7486146,55.7486608]]]}},{"type":"Feature","properties":{"id":"way/1202089189","sourceUrl":"https://www.openstreetmap.org/way/1202089189","name":null,"asOf":"2026-09-04T11:18:21Z","kind":"green","greenType":"grass"},"geometry":{"type":"Polygon","coordinates":[[[48.7496156,55.749516],[48.7495549,55.7494539],[48.7494308,55.7493763],[48.7489097,55.7488269],[48.7489041,55.7488719],[48.7496294,55.7496262],[48.7496156,55.749516]]]}},{"type":"Feature","properties":{"id":"way/1202089190","sourceUrl":"https://www.openstreetmap.org/way/1202089190","name":null,"asOf":"2026-09-04T11:18:21Z","kind":"green","greenType":"grass"},"geometry":{"type":"Polygon","coordinates":[[[48.7493757,55.7498667],[48.7494033,55.7500111],[48.7494584,55.7499428],[48.7494419,55.749831],[48.7492875,55.7496215],[48.7493757,55.7498667]]]}},{"type":"Feature","properties":{"id":"way/1202089191","sourceUrl":"https://www.openstreetmap.org/way/1202089191","name":null,"asOf":"2026-09-04T11:18:21Z","kind":"green","greenType":"grass"},"geometry":{"type":"Polygon","coordinates":[[[48.747961,55.7491249],[48.747768,55.7492056],[48.7480631,55.7491776],[48.7484023,55.7491885],[48.7487221,55.7492521],[48.7491082,55.7494073],[48.7490751,55.7493623],[48.7481596,55.7490038],[48.747961,55.7491249]]]}},{"type":"Feature","properties":{"id":"way/1202089192","sourceUrl":"https://www.openstreetmap.org/way/1202089192","name":null,"asOf":"2026-09-04T11:18:21Z","kind":"green","greenType":"grass"},"geometry":{"type":"Polygon","coordinates":[[[48.7468971,55.7492758],[48.7469743,55.7493565],[48.7472694,55.7492773],[48.7468971,55.7492758]]]}},{"type":"Feature","properties":{"id":"way/1202089193","sourceUrl":"https://www.openstreetmap.org/way/1202089193","name":null,"asOf":"2026-09-04T11:18:21Z","kind":"green","greenType":"grass"},"geometry":{"type":"Polygon","coordinates":[[[48.7473162,55.7498096],[48.7475396,55.7500549],[48.7476471,55.7500238],[48.7475478,55.7499059],[48.7476002,55.7497802],[48.7475782,55.749746],[48.7473162,55.7498096]]]}},{"type":"Feature","properties":{"id":"way/1202089194","sourceUrl":"https://www.openstreetmap.org/way/1202089194","name":null,"asOf":"2026-09-04T11:18:21Z","kind":"green","greenType":"grass"},"geometry":{"type":"Polygon","coordinates":[[[48.7481901,55.750578],[48.748113,55.7505613],[48.7479469,55.7504055],[48.7479845,55.7503654],[48.7477927,55.7501829],[48.7477966,55.7501629],[48.7477314,55.7500984],[48.7476029,55.750134],[48.7481505,55.7507193],[48.748287,55.7506881],[48.7481901,55.750578]]]}},{"type":"Feature","properties":{"id":"way/1202089195","sourceUrl":"https://www.openstreetmap.org/way/1202089195","name":null,"asOf":"2026-09-04T11:18:21Z","kind":"green","greenType":"grass"},"geometry":{"type":"Polygon","coordinates":[[[48.7482356,55.7507682],[48.7482217,55.7507894],[48.748374,55.7509318],[48.7484234,55.7508283],[48.7483404,55.7507393],[48.7482356,55.7507682]]]}},{"type":"Feature","properties":{"id":"way/1202089196","sourceUrl":"https://www.openstreetmap.org/way/1202089196","name":null,"asOf":"2026-09-04T11:18:21Z","kind":"green","greenType":"grass"},"geometry":{"type":"Polygon","coordinates":[[[48.7495622,55.7502464],[48.7494851,55.7502597],[48.7494752,55.7502831],[48.7493665,55.7507337],[48.7495286,55.7507148],[48.7495622,55.7502464]]]}},{"type":"Feature","properties":{"id":"way/1202089197","sourceUrl":"https://www.openstreetmap.org/way/1202089197","name":null,"asOf":"2026-09-04T11:18:21Z","kind":"green","greenType":"grass"},"geometry":{"type":"Polygon","coordinates":[[[48.7491761,55.7506665],[48.7492533,55.7504273],[48.7491959,55.7504451],[48.7491089,55.7505452],[48.74902,55.7505608],[48.7488242,55.7504896],[48.7487115,55.7506264],[48.7485968,55.7506776],[48.748411,55.7507199],[48.7484762,55.7507933],[48.7485138,55.7507989],[48.7491761,55.7506665]]]}},{"type":"Feature","properties":{"id":"way/1202089198","sourceUrl":"https://www.openstreetmap.org/way/1202089198","name":null,"asOf":"2026-09-04T11:18:21Z","kind":"green","greenType":"grass"},"geometry":{"type":"Polygon","coordinates":[[[48.7492708,55.7507751],[48.7492965,55.7506783],[48.7492312,55.7506961],[48.749166,55.7507651],[48.74916,55.750794],[48.7492708,55.7507751]]]}},{"type":"Feature","properties":{"id":"way/1202089199","sourceUrl":"https://www.openstreetmap.org/way/1202089199","name":null,"asOf":"2026-09-04T11:18:21Z","kind":"green","greenType":"grass"},"geometry":{"type":"Polygon","coordinates":[[[48.7493024,55.7506405],[48.7493914,55.7502633],[48.7493578,55.7502633],[48.7492609,55.7506494],[48.7493024,55.7506405]]]}},{"type":"Feature","properties":{"id":"way/1202089669","sourceUrl":"https://www.openstreetmap.org/way/1202089669","name":null,"asOf":"2026-09-04T11:18:21Z","kind":"green","greenType":"grass"},"geometry":{"type":"Polygon","coordinates":[[[48.7486466,55.7522391],[48.7486447,55.7522046],[48.7483936,55.7521846],[48.748358,55.7522313],[48.7483916,55.7523025],[48.7485122,55.7523103],[48.7486466,55.7522391]]]}},{"type":"Feature","properties":{"id":"way/1202089670","sourceUrl":"https://www.openstreetmap.org/way/1202089670","name":null,"asOf":"2026-09-04T11:18:21Z","kind":"green","greenType":"grass"},"geometry":{"type":"Polygon","coordinates":[[[48.7485735,55.7526019],[48.7486625,55.7526041],[48.7488187,55.7525017],[48.7485952,55.752475],[48.7485201,55.7525229],[48.7485735,55.7526019]]]}},{"type":"Feature","properties":{"id":"way/1202089671","sourceUrl":"https://www.openstreetmap.org/way/1202089671","name":null,"asOf":"2026-09-04T11:18:21Z","kind":"green","greenType":"grass"},"geometry":{"type":"Polygon","coordinates":[[[48.7487626,55.7524366],[48.7487144,55.7524169],[48.7487505,55.752389],[48.7486427,55.752396],[48.7486269,55.7524361],[48.7489037,55.7524594],[48.7489748,55.7523994],[48.7488448,55.752377],[48.7487626,55.7524366]]]}},{"type":"Feature","properties":{"id":"way/1202089672","sourceUrl":"https://www.openstreetmap.org/way/1202089672","name":null,"asOf":"2026-09-04T11:18:21Z","kind":"green","greenType":"grass"},"geometry":{"type":"Polygon","coordinates":[[[48.7488799,55.7522491],[48.7487514,55.7522313],[48.7485695,55.7523326],[48.7486051,55.7523626],[48.7487331,55.7523317],[48.7486701,55.7523219],[48.7486845,55.7522876],[48.7488158,55.7523057],[48.7488799,55.7522491]]]}},{"type":"Feature","properties":{"id":"way/1202089673","sourceUrl":"https://www.openstreetmap.org/way/1202089673","name":null,"asOf":"2026-09-04T11:18:21Z","kind":"green","greenType":"grass"},"geometry":{"type":"Polygon","coordinates":[[[48.7489329,55.7523075],[48.7489457,55.7523404],[48.7489203,55.752345],[48.7490085,55.7523726],[48.7490322,55.7523404],[48.7490342,55.752307],[48.7489966,55.752277],[48.7489412,55.7522658],[48.7489039,55.7523088],[48.7489329,55.7523075]]]}},{"type":"Feature","properties":{"id":"way/1202089674","sourceUrl":"https://www.openstreetmap.org/way/1202089674","name":null,"asOf":"2026-09-04T11:18:21Z","kind":"green","greenType":"grass"},"geometry":{"type":"Polygon","coordinates":[[[48.748379,55.7524582],[48.7484682,55.7526143],[48.74851,55.7526067],[48.7484208,55.7524506],[48.748379,55.7524582]]]}},{"type":"Feature","properties":{"id":"way/1202089675","sourceUrl":"https://www.openstreetmap.org/way/1202089675","name":null,"asOf":"2026-09-04T11:18:21Z","kind":"green","greenType":"grass"},"geometry":{"type":"Polygon","coordinates":[[[48.7483842,55.7523882],[48.7482932,55.7522347],[48.748254,55.7522421],[48.7483449,55.7523956],[48.7483842,55.7523882]]]}},{"type":"Feature","properties":{"id":"way/1202089676","sourceUrl":"https://www.openstreetmap.org/way/1202089676","name":null,"asOf":"2026-09-04T11:18:21Z","kind":"green","greenType":"grass"},"geometry":{"type":"Polygon","coordinates":[[[48.7487394,55.751832],[48.7490151,55.7518646],[48.7491558,55.7517762],[48.74896,55.7516474],[48.7487394,55.751832]]]}},{"type":"Feature","properties":{"id":"way/1202089677","sourceUrl":"https://www.openstreetmap.org/way/1202089677","name":null,"asOf":"2026-09-04T11:18:21Z","kind":"green","greenType":"grass"},"geometry":{"type":"Polygon","coordinates":[[[48.7491117,55.7518786],[48.7494288,55.7519158],[48.749222,55.7518119],[48.7491117,55.7518786]]]}},{"type":"Feature","properties":{"id":"way/1202089678","sourceUrl":"https://www.openstreetmap.org/way/1202089678","name":null,"asOf":"2026-09-04T11:18:21Z","kind":"green","greenType":"grass"},"geometry":{"type":"Polygon","coordinates":[[[48.7487366,55.7515915],[48.7486456,55.7518181],[48.7486732,55.7518165],[48.7489076,55.751621],[48.7487366,55.7515915]]]}},{"type":"Feature","properties":{"id":"way/1202089679","sourceUrl":"https://www.openstreetmap.org/way/1202089679","name":null,"asOf":"2026-09-04T11:18:21Z","kind":"green","greenType":"grass"},"geometry":{"type":"Polygon","coordinates":[[[48.748585,55.751815],[48.7485877,55.751787],[48.7481961,55.7517467],[48.7481823,55.7516924],[48.7480996,55.7516815],[48.7478762,55.7517374],[48.748585,55.751815]]]}},{"type":"Feature","properties":{"id":"way/1202089680","sourceUrl":"https://www.openstreetmap.org/way/1202089680","name":null,"asOf":"2026-09-04T11:18:21Z","kind":"green","greenType":"grass"},"geometry":{"type":"Polygon","coordinates":[[[48.7481327,55.7519593],[48.7480638,55.751815],[48.7477135,55.75177],[48.747595,55.751787],[48.7475812,55.7518057],[48.7480003,55.7518507],[48.748072,55.7519671],[48.7481327,55.7519593]]]}},{"type":"Feature","properties":{"id":"way/1202089681","sourceUrl":"https://www.openstreetmap.org/way/1202089681","name":null,"asOf":"2026-09-04T11:18:21Z","kind":"green","greenType":"grass"},"geometry":{"type":"Polygon","coordinates":[[[48.7495474,55.751576],[48.7492385,55.7514409],[48.7492109,55.7514658],[48.7493075,55.7515961],[48.7494591,55.7516272],[48.7495474,55.751576]]]}},{"type":"Feature","properties":{"id":"way/1202089682","sourceUrl":"https://www.openstreetmap.org/way/1202089682","name":null,"asOf":"2026-09-04T11:18:21Z","kind":"green","greenType":"grass"},"geometry":{"type":"Polygon","coordinates":[[[48.749313,55.7514208],[48.7495998,55.751531],[48.7496246,55.7514254],[48.7495694,55.7513137],[48.7493019,55.7513633],[48.7492909,55.7513975],[48.749313,55.7514208]]]}},{"type":"Feature","properties":{"id":"way/1202089684","sourceUrl":"https://www.openstreetmap.org/way/1202089684","name":null,"asOf":"2026-09-04T11:18:21Z","kind":"green","greenType":"grass"},"geometry":{"type":"Polygon","coordinates":[[[48.7507349,55.7527148],[48.7504965,55.7524702],[48.7503349,55.7521412],[48.7500349,55.7521758],[48.7499734,55.7523252],[48.7498926,55.7524161],[48.7493234,55.7527949],[48.7487542,55.7531022],[48.7486195,55.7530633],[48.7482349,55.753297],[48.7480619,55.7533641],[48.7480542,55.7534962],[48.7502465,55.7525395],[48.7506657,55.752849],[48.7507119,55.7528295],[48.7507657,55.7528706],[48.750908,55.7528208],[48.7507349,55.7527148]]]}},{"type":"Feature","properties":{"id":"way/1202089685","sourceUrl":"https://www.openstreetmap.org/way/1202089685","name":null,"asOf":"2026-09-04T11:18:21Z","kind":"green","greenType":"grass"},"geometry":{"type":"Polygon","coordinates":[[[48.7498645,55.7517688],[48.749985,55.7519228],[48.7500176,55.7518933],[48.7499694,55.7517864],[48.7498645,55.7517688]]]}},{"type":"Feature","properties":{"id":"way/1202089686","sourceUrl":"https://www.openstreetmap.org/way/1202089686","name":null,"asOf":"2026-09-04T11:18:21Z","kind":"green","greenType":"grass"},"geometry":{"type":"Polygon","coordinates":[[[48.7500133,55.7519523],[48.7501083,55.7520544],[48.7500544,55.7519348],[48.7500133,55.7519523]]]}},{"type":"Feature","properties":{"id":"way/1202089687","sourceUrl":"https://www.openstreetmap.org/way/1202089687","name":null,"asOf":"2026-09-04T11:18:21Z","kind":"green","greenType":"grass"},"geometry":{"type":"Polygon","coordinates":[[[48.7498843,55.7516755],[48.7497922,55.7514816],[48.7497766,55.7514872],[48.7497667,55.7515702],[48.7497823,55.7516555],[48.7498843,55.7516755]]]}},{"type":"Feature","properties":{"id":"way/1202089688","sourceUrl":"https://www.openstreetmap.org/way/1202089688","name":null,"asOf":"2026-09-04T11:18:21Z","kind":"green","greenType":"grass"},"geometry":{"type":"Polygon","coordinates":[[[48.7500116,55.7520704],[48.7500437,55.7520668],[48.7499992,55.7519798],[48.7499679,55.7519979],[48.7500116,55.7520704]]]}},{"type":"Feature","properties":{"id":"way/1204617849","sourceUrl":"https://www.openstreetmap.org/way/1204617849","name":null,"asOf":"2026-09-04T11:18:21Z","kind":"road","roadClass":"service","oneway":false,"simulationOnly":true},"geometry":{"type":"LineString","coordinates":[[48.7444163,55.7489787],[48.7449006,55.7488416]]}},{"type":"Feature","properties":{"id":"way/1205553147","sourceUrl":"https://www.openstreetmap.org/way/1205553147","name":"Техническая улица","asOf":"2026-09-04T11:18:21Z","kind":"road","roadClass":"unclassified","oneway":false,"simulationOnly":true},"geometry":{"type":"MultiLineString","coordinates":[[[48.7571663,55.7555164],[48.758272,55.7553348],[48.759041,55.7552643],[48.7594566,55.7552396],[48.7597861,55.7552477],[48.7601057,55.7552803],[48.7606949,55.7554167],[48.760972,55.7555188],[48.762,55.75604738774471]],[[48.76194299041133,55.762],[48.7604642,55.7619951],[48.7604222,55.7611463],[48.756614,55.7607355],[48.7525567,55.7601517],[48.7519115,55.760036]]]}},{"type":"Feature","properties":{"id":"way/1205553199","sourceUrl":"https://www.openstreetmap.org/way/1205553199","name":null,"asOf":"2026-09-04T11:18:21Z","kind":"road","roadClass":"service","oneway":false,"simulationOnly":true},"geometry":{"type":"LineString","coordinates":[[48.7604222,55.7611463],[48.7604678,55.7595274]]}},{"type":"Feature","properties":{"id":"way/1210499832","sourceUrl":"https://www.openstreetmap.org/way/1210499832","name":"Парковая улица","asOf":"2026-09-04T11:18:21Z","kind":"road","roadClass":"tertiary","oneway":true,"simulationOnly":true},"geometry":{"type":"LineString","coordinates":[[48.7437736,55.7455691],[48.743573,55.7456356]]}},{"type":"Feature","properties":{"id":"way/1210499833","sourceUrl":"https://www.openstreetmap.org/way/1210499833","name":"Спортивная улица","asOf":"2026-09-04T11:18:21Z","kind":"road","roadClass":"tertiary","oneway":true,"simulationOnly":true},"geometry":{"type":"LineString","coordinates":[[48.7393641,55.74714],[48.7400773,55.7476978]]}},{"type":"Feature","properties":{"id":"way/1210499834","sourceUrl":"https://www.openstreetmap.org/way/1210499834","name":"Спортивная улица","asOf":"2026-09-04T11:18:21Z","kind":"road","roadClass":"tertiary","oneway":true,"simulationOnly":true},"geometry":{"type":"LineString","coordinates":[[48.7399256,55.7477522],[48.7391553,55.7471755]]}},{"type":"Feature","properties":{"id":"way/1210499837","sourceUrl":"https://www.openstreetmap.org/way/1210499837","name":"Парковая улица","asOf":"2026-09-04T11:18:21Z","kind":"road","roadClass":"tertiary","oneway":true,"simulationOnly":true},"geometry":{"type":"LineString","coordinates":[[48.743573,55.7456356],[48.7425833,55.7459639],[48.7403094,55.7467606],[48.7393641,55.74714]]}},{"type":"Feature","properties":{"id":"way/1210499838","sourceUrl":"https://www.openstreetmap.org/way/1210499838","name":"Парковая улица","asOf":"2026-09-04T11:18:21Z","kind":"road","roadClass":"tertiary","oneway":true,"simulationOnly":true},"geometry":{"type":"LineString","coordinates":[[48.743672,55.7454816],[48.7446374,55.7451618],[48.74505309077811,55.745]]}},{"type":"Feature","properties":{"id":"way/1217502748","sourceUrl":"https://www.openstreetmap.org/way/1217502748","name":null,"asOf":"2026-09-04T11:18:21Z","kind":"green","greenType":"wood"},"geometry":{"type":"Polygon","coordinates":[[[48.7393529,55.7583528],[48.7397183,55.7584675],[48.7399837,55.7584719],[48.7402606,55.7560263],[48.7398606,55.7558315],[48.739699,55.7559419],[48.7397183,55.7563704],[48.7387606,55.7561778],[48.738176,55.7562232],[48.7381529,55.7574071],[48.7381798,55.7583009],[48.7393529,55.7583528]]]}},{"type":"Feature","properties":{"id":"way/1217505798","sourceUrl":"https://www.openstreetmap.org/way/1217505798","name":null,"asOf":"2026-09-04T11:18:21Z","kind":"green","greenType":"wood"},"geometry":{"type":"Polygon","coordinates":[[[48.7382636,55.7585351],[48.7377377,55.7586492],[48.7370092,55.759134],[48.7369585,55.7596544],[48.7367177,55.7602996],[48.7377757,55.7604493],[48.738707,55.7604137],[48.7388781,55.7596687],[48.7389224,55.7586527],[48.7382636,55.7585351]]]}},{"type":"Feature","properties":{"id":"way/1217505801","sourceUrl":"https://www.openstreetmap.org/way/1217505801","name":null,"asOf":"2026-09-04T11:18:21Z","kind":"green","greenType":"wood"},"geometry":{"type":"Polygon","coordinates":[[[48.7331292,55.7603541],[48.7340558,55.7603975],[48.734401,55.7603311],[48.734342,55.7601292],[48.7335879,55.7600653],[48.733,55.760131925192084],[48.733,55.760228454332875],[48.7331292,55.7603541]]]}},{"type":"Feature","properties":{"id":"way/1219980813","sourceUrl":"https://www.openstreetmap.org/way/1219980813","name":null,"asOf":"2026-09-04T11:18:21Z","kind":"road","roadClass":"service","oneway":false,"simulationOnly":true},"geometry":{"type":"LineString","coordinates":[[48.7451453,55.7549347],[48.7450164,55.7546101]]}},{"type":"Feature","properties":{"id":"way/1219980816","sourceUrl":"https://www.openstreetmap.org/way/1219980816","name":null,"asOf":"2026-09-04T11:18:21Z","kind":"road","roadClass":"service","oneway":false,"simulationOnly":true},"geometry":{"type":"LineString","coordinates":[[48.7453982,55.7550491],[48.7453056,55.7548659]]}},{"type":"Feature","properties":{"id":"way/1220264123","sourceUrl":"https://www.openstreetmap.org/way/1220264123","name":null,"asOf":"2026-09-04T11:18:21Z","kind":"road","roadClass":"service","oneway":false,"simulationOnly":true},"geometry":{"type":"LineString","coordinates":[[48.7382364,55.7464294],[48.7410301,55.7451311]]}},{"type":"Feature","properties":{"id":"way/1220264124","sourceUrl":"https://www.openstreetmap.org/way/1220264124","name":null,"asOf":"2026-09-04T11:18:21Z","kind":"road","roadClass":"service","oneway":false,"simulationOnly":true},"geometry":{"type":"LineString","coordinates":[[48.7401122,55.7455554],[48.73907005164835,55.745]]}},{"type":"Feature","properties":{"id":"way/1222595854","sourceUrl":"https://www.openstreetmap.org/way/1222595854","name":"Университетская улица","asOf":"2026-09-04T11:18:21Z","kind":"road","roadClass":"tertiary","oneway":true,"simulationOnly":true},"geometry":{"type":"LineString","coordinates":[[48.7540215,55.7504937],[48.7536933,55.7504626],[48.7533576,55.7504631],[48.7528413,55.7505023],[48.7510546,55.7507358],[48.7496457,55.7509712]]}},{"type":"Feature","properties":{"id":"way/1298145100","sourceUrl":"https://www.openstreetmap.org/way/1298145100","name":null,"asOf":"2026-09-04T11:18:21Z","kind":"road","roadClass":"service","oneway":false,"simulationOnly":true},"geometry":{"type":"LineString","coordinates":[[48.7529468,55.758403],[48.7530583,55.7584051],[48.7538964,55.758557],[48.7556934,55.7588075]]}},{"type":"Feature","properties":{"id":"way/1308786261","sourceUrl":"https://www.openstreetmap.org/way/1308786261","name":null,"asOf":"2026-09-04T11:18:21Z","kind":"green","greenType":"grass"},"geometry":{"type":"Polygon","coordinates":[[[48.7522227,55.7462398],[48.7519252,55.7458513],[48.75112884401417,55.745],[48.750673532137995,55.745],[48.7508591,55.745188],[48.7518149,55.7463851],[48.7522227,55.7462398]]]}},{"type":"Feature","properties":{"id":"way/1308786262","sourceUrl":"https://www.openstreetmap.org/way/1308786262","name":null,"asOf":"2026-09-04T11:18:21Z","kind":"green","greenType":"grass"},"geometry":{"type":"Polygon","coordinates":[[[48.752767,55.7472969],[48.752853,55.7472326],[48.7523106,55.7463778],[48.7521609,55.7463599],[48.7518822,55.7464641],[48.7524692,55.7474043],[48.752767,55.7472969]]]}},{"type":"Feature","properties":{"id":"way/1308786263","sourceUrl":"https://www.openstreetmap.org/way/1308786263","name":null,"asOf":"2026-09-04T11:18:21Z","kind":"green","greenType":"grass"},"geometry":{"type":"Polygon","coordinates":[[[48.7540217,55.7496705],[48.7529393,55.7473952],[48.7528752,55.7473878],[48.7525416,55.7474858],[48.7530083,55.7482935],[48.7535903,55.7496476],[48.75399,55.7498122],[48.7540217,55.7496705]]]}},{"type":"Feature","properties":{"id":"way/1308786265","sourceUrl":"https://www.openstreetmap.org/way/1308786265","name":null,"asOf":"2026-09-04T11:18:21Z","kind":"green","greenType":"grass"},"geometry":{"type":"Polygon","coordinates":[[[48.74582640954054,55.745],[48.745371102023135,55.745],[48.7440761,55.7455082],[48.7441771,55.745604],[48.74582640954054,55.745]]]}},{"type":"Feature","properties":{"id":"way/1308786266","sourceUrl":"https://www.openstreetmap.org/way/1308786266","name":null,"asOf":"2026-09-04T11:18:21Z","kind":"green","greenType":"grass"},"geometry":{"type":"Polygon","coordinates":[[[48.7438367,55.7453798],[48.7437431,55.7452766],[48.7421832,55.7458104],[48.7422262,55.7458556],[48.7423234,55.745882],[48.7438367,55.7453798]]]}},{"type":"Feature","properties":{"id":"way/1308786267","sourceUrl":"https://www.openstreetmap.org/way/1308786267","name":null,"asOf":"2026-09-04T11:18:21Z","kind":"green","greenType":"grass"},"geometry":{"type":"Polygon","coordinates":[[[48.7425011,55.7461694],[48.742561,55.746043],[48.7425273,55.7460336],[48.7403968,55.7467853],[48.7405147,55.7468727],[48.7425011,55.7461694]]]}},{"type":"Feature","properties":{"id":"way/1308786268","sourceUrl":"https://www.openstreetmap.org/way/1308786268","name":null,"asOf":"2026-09-04T11:18:21Z","kind":"green","greenType":"grass"},"geometry":{"type":"Polygon","coordinates":[[[48.739095,55.7468253],[48.7392596,55.7468632],[48.7394167,55.7468474],[48.74012,55.7466147],[48.7400639,55.7465768],[48.7399573,55.7465505],[48.7387863,55.7465147],[48.738704,55.746581],[48.739095,55.7468253]]]}},{"type":"Feature","properties":{"id":"way/1308786269","sourceUrl":"https://www.openstreetmap.org/way/1308786269","name":null,"asOf":"2026-09-04T11:18:21Z","kind":"green","greenType":"grass"},"geometry":{"type":"Polygon","coordinates":[[[48.7397463,55.7478585],[48.7399046,55.7477928],[48.7396052,55.7475645],[48.739447,55.7476302],[48.7397463,55.7478585]]]}},{"type":"Feature","properties":{"id":"way/1308786270","sourceUrl":"https://www.openstreetmap.org/way/1308786270","name":null,"asOf":"2026-09-04T11:18:21Z","kind":"green","greenType":"grass"},"geometry":{"type":"Polygon","coordinates":[[[48.7394578,55.7475201],[48.7394896,55.7474633],[48.7383973,55.7467221],[48.7382645,55.746799],[48.7393531,55.7475623],[48.7394578,55.7475201]]]}},{"type":"Feature","properties":{"id":"way/1308786271","sourceUrl":"https://www.openstreetmap.org/way/1308786271","name":null,"asOf":"2026-09-04T11:18:21Z","kind":"green","greenType":"grass"},"geometry":{"type":"Polygon","coordinates":[[[48.7383139,55.746677],[48.735483658014374,55.745],[48.7352204357854,55.745],[48.7369597,55.7459981],[48.7381681,55.7467429],[48.7383139,55.746677]]]}},{"type":"Feature","properties":{"id":"way/1308786789","sourceUrl":"https://www.openstreetmap.org/way/1308786789","name":null,"asOf":"2026-09-04T11:18:21Z","kind":"green","greenType":"grass"},"geometry":{"type":"Polygon","coordinates":[[[48.7542234,55.7556313],[48.7540918,55.7556765],[48.7539939,55.7557436],[48.7539406,55.755825],[48.7539378,55.7559118],[48.7539858,55.7559942],[48.7540792,55.7560633],[48.7542077,55.7561112],[48.7543571,55.7561327],[48.754506,55.7561261],[48.7546434,55.7560932],[48.754755,55.7560374],[48.7548292,55.7559645],[48.7548583,55.755882],[48.7548393,55.7557987],[48.7547741,55.7557231],[48.7546656,55.7556614],[48.7545271,55.7556233],[48.754374,55.7556129],[48.7542234,55.7556313]]]}},{"type":"Feature","properties":{"id":"way/1308786790","sourceUrl":"https://www.openstreetmap.org/way/1308786790","name":null,"asOf":"2026-09-04T11:18:21Z","kind":"green","greenType":"grass"},"geometry":{"type":"Polygon","coordinates":[[[48.753744,55.7558737],[48.753744,55.7558112],[48.7537804,55.7557304],[48.7531308,55.7558594],[48.753744,55.7558737]]]}},{"type":"Feature","properties":{"id":"way/1308786791","sourceUrl":"https://www.openstreetmap.org/way/1308786791","name":null,"asOf":"2026-09-04T11:18:21Z","kind":"green","greenType":"grass"},"geometry":{"type":"Polygon","coordinates":[[[48.7540714,55.7565289],[48.7543116,55.7562003],[48.7541897,55.756187],[48.7540714,55.7565289]]]}},{"type":"Feature","properties":{"id":"way/1308786792","sourceUrl":"https://www.openstreetmap.org/way/1308786792","name":null,"asOf":"2026-09-04T11:18:21Z","kind":"green","greenType":"grass"},"geometry":{"type":"Polygon","coordinates":[[[48.7544571,55.7554939],[48.7547391,55.7555348],[48.75469,55.7552912],[48.7547919,55.7546543],[48.7549502,55.7533264],[48.7549538,55.7525319],[48.7548046,55.752535],[48.7547755,55.7538568],[48.75461,55.7548796],[48.7544571,55.7554939]]]}},{"type":"Feature","properties":{"id":"way/1308786793","sourceUrl":"https://www.openstreetmap.org/way/1308786793","name":null,"asOf":"2026-09-04T11:18:21Z","kind":"green","greenType":"grass"},"geometry":{"type":"Polygon","coordinates":[[[48.7560518,55.755666],[48.7550284,55.7557386],[48.7550648,55.7558143],[48.755063,55.7558942],[48.7560518,55.755666]]]}},{"type":"Feature","properties":{"id":"way/1308786794","sourceUrl":"https://www.openstreetmap.org/way/1308786794","name":null,"asOf":"2026-09-04T11:18:21Z","kind":"green","greenType":"grass"},"geometry":{"type":"Polygon","coordinates":[[[48.7535677,55.7502962],[48.7530984,55.7504355],[48.752769,55.750501],[48.7506149,55.7508246],[48.750624,55.7508584],[48.7538152,55.7503751],[48.7537751,55.7503218],[48.753757,55.7502174],[48.7535677,55.7502962]]]}},{"type":"Feature","properties":{"id":"way/1308786795","sourceUrl":"https://www.openstreetmap.org/way/1308786795","name":null,"asOf":"2026-09-04T11:18:21Z","kind":"green","greenType":"grass"},"geometry":{"type":"Polygon","coordinates":[[[48.7552725,55.7501365],[48.7555527,55.7499829],[48.7584509,55.7490665],[48.7613909,55.7480845],[48.7550651,55.7500894],[48.7551378,55.7502409],[48.7552725,55.7501365]]]}},{"type":"Feature","properties":{"id":"way/1308786796","sourceUrl":"https://www.openstreetmap.org/way/1308786796","name":null,"asOf":"2026-09-04T11:18:21Z","kind":"green","greenType":"grass"},"geometry":{"type":"Polygon","coordinates":[[[48.7546139,55.7506352],[48.7543992,55.7506393],[48.7545884,55.7510898],[48.7547922,55.7524782],[48.7549323,55.752472],[48.7547412,55.7510703],[48.7546139,55.7506352]]]}},{"type":"Feature","properties":{"id":"way/1353728897","sourceUrl":"https://www.openstreetmap.org/way/1353728897","name":null,"asOf":"2026-09-04T11:18:21Z","kind":"road","roadClass":"service","oneway":false,"simulationOnly":true},"geometry":{"type":"LineString","coordinates":[[48.74136,55.7544214],[48.7415504,55.7548348],[48.7414909,55.7548453]]}},{"type":"Feature","properties":{"id":"way/1353728898","sourceUrl":"https://www.openstreetmap.org/way/1353728898","name":null,"asOf":"2026-09-04T11:18:21Z","kind":"road","roadClass":"service","oneway":false,"simulationOnly":true},"geometry":{"type":"LineString","coordinates":[[48.7431103,55.7546389],[48.7423034,55.754734],[48.7422252,55.7548298],[48.7415877,55.7549117],[48.7415504,55.7548348]]}},{"type":"Feature","properties":{"id":"way/1353728899","sourceUrl":"https://www.openstreetmap.org/way/1353728899","name":null,"asOf":"2026-09-04T11:18:21Z","kind":"road","roadClass":"service","oneway":false,"simulationOnly":true},"geometry":{"type":"LineString","coordinates":[[48.7414532,55.7546238],[48.7413945,55.7546386]]}},{"type":"Feature","properties":{"id":"way/1353729779","sourceUrl":"https://www.openstreetmap.org/way/1353729779","name":null,"asOf":"2026-09-04T11:18:21Z","kind":"road","roadClass":"service","oneway":false,"simulationOnly":true},"geometry":{"type":"LineString","coordinates":[[48.7394383,55.7533532],[48.7390067,55.7534115],[48.7388763,55.7536013],[48.7394525,55.7546994]]}},{"type":"Feature","properties":{"id":"way/1354219658","sourceUrl":"https://www.openstreetmap.org/way/1354219658","name":null,"asOf":"2026-09-04T11:18:21Z","kind":"green","greenType":"wood"},"geometry":{"type":"Polygon","coordinates":[[[48.7444612,55.7459631],[48.7445795,55.7457948],[48.7444274,55.7456162],[48.7438857,55.7458015],[48.7441717,55.7460578],[48.7444612,55.7459631]]]}},{"type":"Feature","properties":{"id":"way/1418603482","sourceUrl":"https://www.openstreetmap.org/way/1418603482","name":null,"asOf":"2026-09-04T11:18:21Z","kind":"road","roadClass":"residential","oneway":false,"simulationOnly":true},"geometry":{"type":"LineString","coordinates":[[48.7479563,55.7534913],[48.7482013,55.75372],[48.7483934,55.7538605],[48.7485484,55.7539609],[48.7489835,55.754173],[48.7495248,55.7543453],[48.750221,55.7544835],[48.750811,55.7545524],[48.7517353,55.7546138],[48.7542901,55.7546251],[48.7545821,55.7546406]]}},{"type":"Feature","properties":{"id":"way/1434961254","sourceUrl":"https://www.openstreetmap.org/way/1434961254","name":null,"asOf":"2026-09-04T11:18:21Z","kind":"road","roadClass":"service","oneway":false,"simulationOnly":true},"geometry":{"type":"LineString","coordinates":[[48.7536777,55.7603169],[48.753899,55.7598096]]}},{"type":"Feature","properties":{"id":"way/1434961255","sourceUrl":"https://www.openstreetmap.org/way/1434961255","name":null,"asOf":"2026-09-04T11:18:21Z","kind":"road","roadClass":"service","oneway":false,"simulationOnly":true},"geometry":{"type":"LineString","coordinates":[[48.7532649,55.760256],[48.753494,55.7597613],[48.7537618,55.7597039]]}},{"type":"Feature","properties":{"id":"way/1485717246","sourceUrl":"https://www.openstreetmap.org/way/1485717246","name":null,"asOf":"2026-09-04T11:18:21Z","kind":"road","roadClass":"tertiary","oneway":true,"simulationOnly":true},"geometry":{"type":"LineString","coordinates":[[48.7463134,55.7554372],[48.7464238,55.7555137],[48.74653,55.7555551],[48.7468555,55.7556323]]}},{"type":"Feature","properties":{"id":"way/1485717247","sourceUrl":"https://www.openstreetmap.org/way/1485717247","name":"Спортивная улица","asOf":"2026-09-04T11:18:21Z","kind":"road","roadClass":"tertiary","oneway":false,"simulationOnly":true},"geometry":{"type":"LineString","coordinates":[[48.7457753,55.7542302],[48.745898,55.7544396],[48.746236,55.7551822],[48.7463697,55.7556228]]}},{"type":"Feature","properties":{"id":"way/1485717248","sourceUrl":"https://www.openstreetmap.org/way/1485717248","name":null,"asOf":"2026-09-04T11:18:21Z","kind":"road","roadClass":"tertiary","oneway":false,"simulationOnly":true},"geometry":{"type":"LineString","coordinates":[[48.7463697,55.7556228],[48.7468555,55.7556323]]}},{"type":"Feature","properties":{"id":"way/1485717249","sourceUrl":"https://www.openstreetmap.org/way/1485717249","name":null,"asOf":"2026-09-04T11:18:21Z","kind":"road","roadClass":"residential","oneway":true,"simulationOnly":true},"geometry":{"type":"LineString","coordinates":[[48.7468555,55.7556323],[48.7465627,55.7556865],[48.7463933,55.7557969]]}},{"type":"Feature","properties":{"id":"way/1518456321","sourceUrl":"https://www.openstreetmap.org/way/1518456321","name":null,"asOf":"2026-09-04T11:18:21Z","kind":"green","greenType":"grass"},"geometry":{"type":"Polygon","coordinates":[[[48.7370199,55.7457607],[48.738894,55.7469468],[48.7389548,55.7469172],[48.7370638,55.7457296],[48.735759499111076,55.745],[48.7356706377835,55.745],[48.7370199,55.7457607]]]}},{"type":"Feature","properties":{"id":"way/1518456322","sourceUrl":"https://www.openstreetmap.org/way/1518456322","name":null,"asOf":"2026-09-04T11:18:21Z","kind":"green","greenType":"grass"},"geometry":{"type":"Polygon","coordinates":[[[48.7369878,55.74556],[48.7370494,55.7455695],[48.7371469,55.7455065],[48.736296749548146,55.745],[48.73598673087558,55.745],[48.7369878,55.74556]]]}},{"type":"Feature","properties":{"id":"way/1518456323","sourceUrl":"https://www.openstreetmap.org/way/1518456323","name":null,"asOf":"2026-09-04T11:18:21Z","kind":"green","greenType":"grass"},"geometry":{"type":"Polygon","coordinates":[[[48.7412769,55.746253],[48.741313,55.7461818],[48.741234,55.7460976],[48.7400415,55.746516],[48.740164,55.7466226],[48.7412769,55.746253]]]}},{"type":"Feature","properties":{"id":"way/1528156956","sourceUrl":"https://www.openstreetmap.org/way/1528156956","name":null,"asOf":"2026-09-04T11:18:21Z","kind":"road","roadClass":"service","oneway":false,"simulationOnly":true},"geometry":{"type":"LineString","coordinates":[[48.7566691,55.7602132],[48.753899,55.7598096],[48.7537618,55.7597039],[48.7542105,55.7586008]]}},{"type":"Feature","properties":{"id":"way/1528156957","sourceUrl":"https://www.openstreetmap.org/way/1528156957","name":null,"asOf":"2026-09-04T11:18:21Z","kind":"road","roadClass":"service","oneway":false,"simulationOnly":true},"geometry":{"type":"LineString","coordinates":[[48.7532566,55.7584411],[48.7526668,55.7593866],[48.7523685,55.7593221]]}},{"type":"Feature","properties":{"id":"way/1528156958","sourceUrl":"https://www.openstreetmap.org/way/1528156958","name":null,"asOf":"2026-09-04T11:18:21Z","kind":"road","roadClass":"service","oneway":false,"simulationOnly":true},"geometry":{"type":"LineString","coordinates":[[48.7564536,55.7607136],[48.7566691,55.7602132]]}},{"type":"Feature","properties":{"id":"way/1528156959","sourceUrl":"https://www.openstreetmap.org/way/1528156959","name":null,"asOf":"2026-09-04T11:18:21Z","kind":"road","roadClass":"service","oneway":false,"simulationOnly":true},"geometry":{"type":"LineString","coordinates":[[48.7560438,55.7569257],[48.7563735,55.7560606],[48.7568171,55.755986],[48.7573184,55.7559668],[48.7589646,55.756201],[48.7584902,55.7572569],[48.7560438,55.7569257]]}},{"type":"Feature","properties":{"id":"way/1528156967","sourceUrl":"https://www.openstreetmap.org/way/1528156967","name":null,"asOf":"2026-09-04T11:18:21Z","kind":"road","roadClass":"service","oneway":false,"simulationOnly":true},"geometry":{"type":"LineString","coordinates":[[48.7489987,55.7536855],[48.7483934,55.7538605]]}},{"type":"Feature","properties":{"id":"way/1528156968","sourceUrl":"https://www.openstreetmap.org/way/1528156968","name":null,"asOf":"2026-09-04T11:18:21Z","kind":"road","roadClass":"service","oneway":false,"simulationOnly":true},"geometry":{"type":"LineString","coordinates":[[48.7488308,55.7537341],[48.7502554,55.7543077]]}},{"type":"Feature","properties":{"id":"way/1528156969","sourceUrl":"https://www.openstreetmap.org/way/1528156969","name":null,"asOf":"2026-09-04T11:18:21Z","kind":"road","roadClass":"service","oneway":false,"simulationOnly":true},"geometry":{"type":"LineString","coordinates":[[48.7502891,55.754214],[48.750221,55.7544835]]}},{"type":"Feature","properties":{"id":"way/1528156970","sourceUrl":"https://www.openstreetmap.org/way/1528156970","name":null,"asOf":"2026-09-04T11:18:21Z","kind":"road","roadClass":"service","oneway":false,"simulationOnly":true},"geometry":{"type":"LineString","coordinates":[[48.748592,55.7536226],[48.7482013,55.75372]]}},{"type":"Feature","properties":{"id":"way/1528156972","sourceUrl":"https://www.openstreetmap.org/way/1528156972","name":null,"asOf":"2026-09-04T11:18:21Z","kind":"road","roadClass":"service","oneway":false,"simulationOnly":true},"geometry":{"type":"LineString","coordinates":[[48.7520903,55.7542442],[48.7517858,55.7545311],[48.7517353,55.7546138]]}},{"type":"Feature","properties":{"id":"way/1528156973","sourceUrl":"https://www.openstreetmap.org/way/1528156973","name":null,"asOf":"2026-09-04T11:18:21Z","kind":"road","roadClass":"service","oneway":false,"simulationOnly":true},"geometry":{"type":"LineString","coordinates":[[48.7520903,55.7542442],[48.7532657,55.754245]]}},{"type":"Feature","properties":{"id":"way/1528156974","sourceUrl":"https://www.openstreetmap.org/way/1528156974","name":null,"asOf":"2026-09-04T11:18:21Z","kind":"road","roadClass":"service","oneway":false,"simulationOnly":true},"geometry":{"type":"LineString","coordinates":[[48.7536054,55.7546234],[48.7532657,55.754245]]}},{"type":"Feature","properties":{"id":"relation/7125601","sourceUrl":"https://www.openstreetmap.org/relation/7125601","name":null,"asOf":"2026-09-04T11:18:21Z","kind":"green","greenType":"wood"},"geometry":{"type":"MultiPolygon","coordinates":[[[[48.7548387,55.745079],[48.7586899,55.7457223],[48.7582285,55.7471837],[48.7591726,55.7473467],[48.7601677,55.7474448],[48.7605472,55.7463707],[48.762,55.745663786780284],[48.762,55.745],[48.75479246590331,55.745],[48.7548387,55.745079]]],[[[48.7616724,55.7522317],[48.7609858,55.7522317],[48.7601275,55.75228],[48.7581534,55.75228],[48.757161,55.7523223],[48.7572951,55.7526181],[48.757338,55.7528989],[48.75884,55.7536808],[48.762,55.75385862593499],[48.762,55.75216673830996],[48.7616724,55.7522317]]]]}},{"type":"Feature","properties":{"id":"relation/16058549","sourceUrl":"https://www.openstreetmap.org/relation/16058549","name":"Солнце","asOf":"2026-09-04T11:18:21Z","kind":"green","greenType":"park"},"geometry":{"type":"Polygon","coordinates":[[[48.74762528134566,55.745],[48.74600449547585,55.745],[48.7455738,55.7451685],[48.7459368,55.7455697],[48.74762528134566,55.745]]]}},{"type":"Feature","properties":{"id":"way/60961877","sourceUrl":"https://www.openstreetmap.org/way/60961877","name":"«Базарные Матаки — Болгар» — Ржавец","asOf":"2026-09-04T11:18:21Z","kind":"road","roadClass":"unclassified","oneway":false,"simulationOnly":true},"geometry":{"type":"LineString","coordinates":[[49.06582302590162,54.971],[49.0651737,54.9702066],[49.0643949,54.9693759],[49.0640037,54.9690177],[49.0632058,54.9685164],[49.0626682,54.9682612],[49.0623546,54.9681343],[49.0615395,54.9679157],[49.0605624,54.9677635],[49.0585665,54.9675132],[49.0579475,54.9673732],[49.0564405,54.9669837]]}},{"type":"Feature","properties":{"id":"way/68337914","sourceUrl":"https://www.openstreetmap.org/way/68337914","name":null,"asOf":"2026-09-04T11:18:21Z","kind":"road","roadClass":"service","oneway":false,"simulationOnly":true},"geometry":{"type":"LineString","coordinates":[[49.063747,54.9682536],[49.0620226,54.967211]]}},{"type":"Feature","properties":{"id":"way/265653926","sourceUrl":"https://www.openstreetmap.org/way/265653926","name":"улица Кул Гали","asOf":"2026-09-04T11:18:21Z","kind":"road","roadClass":"unclassified","oneway":false,"simulationOnly":true},"geometry":{"type":"LineString","coordinates":[[49.0632058,54.9685164],[49.063747,54.9682536],[49.0651756,54.9679721],[49.0652501,54.967913],[49.0652968,54.9678245],[49.06548,54.9666407],[49.0652937,54.965837],[49.0651716,54.96576],[49.0632841,54.9655454],[49.0630419,54.9655602],[49.0618553,54.9657087]]}},{"type":"Feature","properties":{"id":"way/265653927","sourceUrl":"https://www.openstreetmap.org/way/265653927","name":null,"asOf":"2026-09-04T11:18:21Z","kind":"road","roadClass":"unclassified","oneway":false,"simulationOnly":true},"geometry":{"type":"LineString","coordinates":[[49.0604226,54.9677484],[49.0603767,54.9681862]]}},{"type":"Feature","properties":{"id":"way/265653928","sourceUrl":"https://www.openstreetmap.org/way/265653928","name":null,"asOf":"2026-09-04T11:18:21Z","kind":"road","roadClass":"service","oneway":false,"simulationOnly":true},"geometry":{"type":"LineString","coordinates":[[49.06094,54.9673078],[49.060505,54.9656876],[49.0616958,54.9655801],[49.0618217,54.9656139],[49.0618553,54.9657087]]}},{"type":"Feature","properties":{"id":"way/265760204","sourceUrl":"https://www.openstreetmap.org/way/265760204","name":null,"asOf":"2026-09-04T11:18:21Z","kind":"water","waterType":"pond"},"geometry":{"type":"Polygon","coordinates":[[[49.0633896,54.9662003],[49.0634034,54.9662608],[49.0634569,54.9663332],[49.06359,54.9663511],[49.0636539,54.9663233],[49.0638042,54.9663243],[49.0640345,54.96648],[49.0640806,54.966591],[49.0641462,54.9666178],[49.0642257,54.9666129],[49.0642741,54.9665772],[49.0642499,54.9665038],[49.0638854,54.9662568],[49.0635606,54.9661537],[49.0634362,54.9661537],[49.0633896,54.9662003]]]}},{"type":"Feature","properties":{"id":"way/351700920","sourceUrl":"https://www.openstreetmap.org/way/351700920","name":null,"asOf":"2026-09-04T11:18:21Z","kind":"road","roadClass":"service","oneway":false,"simulationOnly":true},"geometry":{"type":"LineString","coordinates":[[49.0639083,54.9643254],[49.0642951,54.9643072],[49.0645295,54.965676]]}},{"type":"Feature","properties":{"id":"way/392329595","sourceUrl":"https://www.openstreetmap.org/way/392329595","name":null,"asOf":"2026-09-04T11:18:21Z","kind":"green","greenType":"wood"},"geometry":{"type":"Polygon","coordinates":[[[49.0553313,54.9677724],[49.0583521,54.9687014],[49.0596227,54.9684193],[49.0596227,54.9682567],[49.0582124,54.9683133],[49.055,54.96729269658212],[49.055,54.96768912108148],[49.0553313,54.9677724]]]}},{"type":"Feature","properties":{"id":"way/393494245","sourceUrl":"https://www.openstreetmap.org/way/393494245","name":null,"asOf":"2026-09-04T11:18:21Z","kind":"green","greenType":"grass"},"geometry":{"type":"Polygon","coordinates":[[[49.0608937,54.9668386],[49.061132,54.9668174],[49.06113,54.9667722],[49.0611542,54.9667441],[49.0610992,54.9665299],[49.0610331,54.9665352],[49.0610249,54.9665052],[49.0608041,54.9665253],[49.0608937,54.9668386]]]}},{"type":"Feature","properties":{"id":"way/393494246","sourceUrl":"https://www.openstreetmap.org/way/393494246","name":null,"asOf":"2026-09-04T11:18:21Z","kind":"green","greenType":"grass"},"geometry":{"type":"Polygon","coordinates":[[[49.0619493,54.9664167],[49.0617176,54.9664396],[49.061729,54.9664736],[49.061683,54.9664789],[49.0617364,54.9666901],[49.0618002,54.9667592],[49.0620394,54.9667351],[49.0619493,54.9664167]]]}},{"type":"Feature","properties":{"id":"way/393494247","sourceUrl":"https://www.openstreetmap.org/way/393494247","name":null,"asOf":"2026-09-04T11:18:21Z","kind":"green","greenType":"grass"},"geometry":{"type":"Polygon","coordinates":[[[49.0610002,54.9672092],[49.0610449,54.96724],[49.0612917,54.9672169],[49.0612102,54.9669112],[49.0611672,54.9668911],[49.0611366,54.9668476],[49.0608998,54.9668685],[49.0610002,54.9672092]]]}},{"type":"Feature","properties":{"id":"way/393494248","sourceUrl":"https://www.openstreetmap.org/way/393494248","name":null,"asOf":"2026-09-04T11:18:21Z","kind":"green","greenType":"grass"},"geometry":{"type":"Polygon","coordinates":[[[49.0618113,54.9667839],[49.0618136,54.9668216],[49.0617904,54.9668549],[49.0618752,54.967165],[49.0619805,54.9671558],[49.0621013,54.967105],[49.0621193,54.9670806],[49.0620396,54.9667609],[49.0618113,54.9667839]]]}},{"type":"Feature","properties":{"id":"way/520730508","sourceUrl":"https://www.openstreetmap.org/way/520730508","name":null,"asOf":"2026-09-04T11:18:21Z","kind":"green","greenType":"wood"},"geometry":{"type":"Polygon","coordinates":[[[49.0661967,54.961035],[49.0663576,54.9610842],[49.0667117,54.9613737],[49.0669262,54.9616448],[49.067,54.96168714903226],[49.067,54.961],[49.066234520369335,54.961],[49.0661967,54.961035]]]}},{"type":"Feature","properties":{"id":"way/520730510","sourceUrl":"https://www.openstreetmap.org/way/520730510","name":null,"asOf":"2026-09-04T11:18:21Z","kind":"green","greenType":"wood"},"geometry":{"type":"Polygon","coordinates":[[[49.0668833,54.9623593],[49.0663361,54.9619528],[49.0661323,54.9615647],[49.0658748,54.96146],[49.0656817,54.961614],[49.0656173,54.9618665],[49.0654457,54.9621622],[49.0650701,54.9627042],[49.065156,54.9631292],[49.0655851,54.9633448],[49.0661967,54.9634926],[49.067,54.9635793502924],[49.067,54.962428054819725],[49.0668833,54.9623593]]]}},{"type":"Feature","properties":{"id":"way/520730512","sourceUrl":"https://www.openstreetmap.org/way/520730512","name":null,"asOf":"2026-09-04T11:18:21Z","kind":"road","roadClass":"service","oneway":false,"simulationOnly":true},"geometry":{"type":"LineString","coordinates":[[49.0642567,54.964067],[49.0642951,54.9643072]]}},{"type":"Feature","properties":{"id":"way/520730514","sourceUrl":"https://www.openstreetmap.org/way/520730514","name":null,"asOf":"2026-09-04T11:18:21Z","kind":"road","roadClass":"service","oneway":false,"simulationOnly":true},"geometry":{"type":"LineString","coordinates":[[49.0640056,54.9647916],[49.0643746,54.9647623]]}},{"type":"Feature","properties":{"id":"way/520730515","sourceUrl":"https://www.openstreetmap.org/way/520730515","name":null,"asOf":"2026-09-04T11:18:21Z","kind":"road","roadClass":"service","oneway":false,"simulationOnly":true},"geometry":{"type":"LineString","coordinates":[[49.0621692,54.9639396],[49.062098,54.9639213],[49.0620684,54.9638778],[49.0618836,54.9629198],[49.0619667,54.9628296],[49.0618362,54.9621349],[49.0618798,54.9620976],[49.0628729,54.9620274],[49.0629613,54.962036],[49.0630099,54.9620675],[49.0631608,54.9627505],[49.0632787,54.9628382],[49.0634884,54.9638133],[49.0634765,54.9638347],[49.0634108,54.9638516],[49.0621692,54.9639396]]}},{"type":"Feature","properties":{"id":"way/617832692","sourceUrl":"https://www.openstreetmap.org/way/617832692","name":null,"asOf":"2026-09-04T11:18:21Z","kind":"road","roadClass":"unclassified","oneway":false,"simulationOnly":true},"geometry":{"type":"LineString","coordinates":[[49.0603767,54.9681862],[49.060317197035886,54.971]]}},{"type":"Feature","properties":{"id":"way/619755850","sourceUrl":"https://www.openstreetmap.org/way/619755850","name":null,"asOf":"2026-09-04T11:18:21Z","kind":"road","roadClass":"service","oneway":false,"simulationOnly":true},"geometry":{"type":"LineString","coordinates":[[49.0653796,54.9687607],[49.0652596,54.9685002],[49.0651849,54.96839],[49.0652014,54.9680643],[49.0651756,54.9679721]]}},{"type":"Feature","properties":{"id":"way/620603387","sourceUrl":"https://www.openstreetmap.org/way/620603387","name":null,"asOf":"2026-09-04T11:18:21Z","kind":"road","roadClass":"service","oneway":false,"simulationOnly":true},"geometry":{"type":"LineString","coordinates":[[49.0643535,54.9658079],[49.0644277,54.9656767]]}},{"type":"Feature","properties":{"id":"way/625749623","sourceUrl":"https://www.openstreetmap.org/way/625749623","name":null,"asOf":"2026-09-04T11:18:21Z","kind":"road","roadClass":"unclassified","oneway":true,"simulationOnly":true},"geometry":{"type":"LineString","coordinates":[[49.0564611,54.9659515],[49.0563595,54.9661094],[49.0560753,54.9664401],[49.0560369,54.9665582],[49.0560474,54.9666569],[49.0560983,54.9667462],[49.0564405,54.9669837]]}},{"type":"Feature","properties":{"id":"way/686594956","sourceUrl":"https://www.openstreetmap.org/way/686594956","name":null,"asOf":"2026-09-04T11:18:21Z","kind":"road","roadClass":"service","oneway":false,"simulationOnly":true},"geometry":{"type":"LineString","coordinates":[[49.0659591,54.9678591],[49.067,54.96768978556842]]}},{"type":"Feature","properties":{"id":"way/686602857","sourceUrl":"https://www.openstreetmap.org/way/686602857","name":null,"asOf":"2026-09-04T11:18:21Z","kind":"road","roadClass":"service","oneway":false,"simulationOnly":true},"geometry":{"type":"LineString","coordinates":[[49.065431,54.9663815],[49.0656391,54.9663209],[49.066339,54.9660487]]}},{"type":"Feature","properties":{"id":"way/686636623","sourceUrl":"https://www.openstreetmap.org/way/686636623","name":null,"asOf":"2026-09-04T11:18:21Z","kind":"road","roadClass":"unclassified","oneway":false,"simulationOnly":true},"geometry":{"type":"LineString","coordinates":[[49.0582358,54.9617368],[49.0595141,54.9618548],[49.0618462,54.9621159]]}},{"type":"Feature","properties":{"id":"way/686828035","sourceUrl":"https://www.openstreetmap.org/way/686828035","name":null,"asOf":"2026-09-04T11:18:21Z","kind":"green","greenType":"wood"},"geometry":{"type":"Polygon","coordinates":[[[49.0659853,54.9703979],[49.0660514,54.9704186],[49.0661904,54.9704072],[49.0662301,54.9704436],[49.0662618,54.9705508],[49.0663928,54.9705553],[49.0664444,54.9704756],[49.066504,54.97043],[49.066635,54.9704368],[49.0667224,54.9704619],[49.0668216,54.9704391],[49.0668454,54.9703571],[49.066774,54.9702431],[49.0667025,54.9701839],[49.0665755,54.9702021],[49.0664564,54.9702431],[49.0664206,54.9702249],[49.0664047,54.9701656],[49.0665993,54.9700768],[49.0665437,54.9699742],[49.0664008,54.9699719],[49.066234,54.9700015],[49.065845,54.9699924],[49.0657973,54.9701178],[49.065841,54.9702066],[49.0659853,54.9703979]]]}},{"type":"Feature","properties":{"id":"way/687533853","sourceUrl":"https://www.openstreetmap.org/way/687533853","name":null,"asOf":"2026-09-04T11:18:21Z","kind":"road","roadClass":"service","oneway":false,"simulationOnly":true},"geometry":{"type":"LineString","coordinates":[[49.0618553,54.9657087],[49.062212,54.9671255],[49.0620226,54.967211]]}},{"type":"Feature","properties":{"id":"way/687533856","sourceUrl":"https://www.openstreetmap.org/way/687533856","name":null,"asOf":"2026-09-04T11:18:21Z","kind":"road","roadClass":"unclassified","oneway":false,"simulationOnly":true},"geometry":{"type":"LineString","coordinates":[[49.067,54.96738603483166],[49.0660898,54.9673483],[49.0653931,54.96724]]}},{"type":"Feature","properties":{"id":"way/822488833","sourceUrl":"https://www.openstreetmap.org/way/822488833","name":null,"asOf":"2026-09-04T11:18:21Z","kind":"road","roadClass":"service","oneway":false,"simulationOnly":true},"geometry":{"type":"LineString","coordinates":[[49.055,54.96575210661809],[49.0551436,54.9656663],[49.0552807,54.9654939],[49.0553786,54.965123],[49.0554765,54.9649207],[49.0558224,54.9644299],[49.0561944,54.9637367]]}},{"type":"Feature","properties":{"id":"way/1149413059","sourceUrl":"https://www.openstreetmap.org/way/1149413059","name":null,"asOf":"2026-09-04T11:18:21Z","kind":"green","greenType":"grass"},"geometry":{"type":"Polygon","coordinates":[[[49.0617497,54.9670144],[49.0617074,54.9668502],[49.0617425,54.9667963],[49.061733,54.9667526],[49.0616725,54.9667065],[49.061629,54.9665457],[49.0615888,54.9665491],[49.061636,54.966733],[49.0616946,54.9667822],[49.0616641,54.9668421],[49.0617093,54.9670178],[49.0617497,54.9670144]]]}},{"type":"Feature","properties":{"id":"way/1149413060","sourceUrl":"https://www.openstreetmap.org/way/1149413060","name":null,"asOf":"2026-09-04T11:18:21Z","kind":"green","greenType":"grass"},"geometry":{"type":"Polygon","coordinates":[[[49.0613742,54.9670543],[49.0613274,54.9668788],[49.0612613,54.9668204],[49.0612621,54.9667808],[49.0612885,54.9667537],[49.0612481,54.9665815],[49.0612018,54.9665855],[49.0612431,54.9667402],[49.06121,54.966779],[49.0612066,54.9668248],[49.0612341,54.9668675],[49.0612844,54.9668948],[49.0613281,54.9670583],[49.0613742,54.9670543]]]}},{"type":"Feature","properties":{"id":"way/1149413075","sourceUrl":"https://www.openstreetmap.org/way/1149413075","name":null,"asOf":"2026-09-04T11:18:21Z","kind":"green","greenType":"grass"},"geometry":{"type":"Polygon","coordinates":[[[49.0610175,54.9658483],[49.0611305,54.9657685],[49.0612569,54.9657573],[49.0613868,54.9658137],[49.0614524,54.9658075],[49.0614087,54.9656539],[49.0609238,54.9656994],[49.0609675,54.965853],[49.0610175,54.9658483]]]}},{"type":"Feature","properties":{"id":"way/1149413077","sourceUrl":"https://www.openstreetmap.org/way/1149413077","name":null,"asOf":"2026-09-04T11:18:21Z","kind":"green","greenType":"grass"},"geometry":{"type":"Polygon","coordinates":[[[49.0617328,54.9658271],[49.0617601,54.965914],[49.0618298,54.9659077],[49.0617402,54.9656443],[49.0616862,54.9656295],[49.0614628,54.9656513],[49.0615203,54.9658491],[49.0617328,54.9658271]]]}},{"type":"Feature","properties":{"id":"way/1149413078","sourceUrl":"https://www.openstreetmap.org/way/1149413078","name":null,"asOf":"2026-09-04T11:18:21Z","kind":"green","greenType":"grass"},"geometry":{"type":"Polygon","coordinates":[[[49.0606852,54.9660146],[49.0606611,54.9659379],[49.0609211,54.965911],[49.0608647,54.9657025],[49.0605914,54.965739],[49.0606535,54.9660173],[49.0606852,54.9660146]]]}},{"type":"Feature","properties":{"id":"way/1149413100","sourceUrl":"https://www.openstreetmap.org/way/1149413100","name":null,"asOf":"2026-09-04T11:18:21Z","kind":"green","greenType":"grass"},"geometry":{"type":"Polygon","coordinates":[[[49.0643262,54.9657695],[49.0643055,54.9657143],[49.0642775,54.9656959],[49.0633259,54.9655693],[49.0630011,54.9655886],[49.0620051,54.9657193],[49.0619539,54.9657396],[49.0619198,54.9657693],[49.062256,54.9669994],[49.0623392,54.9670254],[49.0627038,54.9668593],[49.062526,54.966744],[49.0625113,54.9658763],[49.0630154,54.9656272],[49.0643108,54.9658015],[49.0643262,54.9657695]]]}},{"type":"Feature","properties":{"id":"way/1149413101","sourceUrl":"https://www.openstreetmap.org/way/1149413101","name":null,"asOf":"2026-09-04T11:18:21Z","kind":"green","greenType":"grass"},"geometry":{"type":"Polygon","coordinates":[[[49.0649351,54.9658971],[49.0651675,54.9667249],[49.065018,54.9678939],[49.0638695,54.9681083],[49.0633927,54.9673526],[49.0628427,54.9669561],[49.0626367,54.9670442],[49.0629401,54.9673341],[49.0628887,54.9673518],[49.0637494,54.968174],[49.0637877,54.968189],[49.0639427,54.9681855],[49.0651241,54.9679528],[49.0652187,54.9678732],[49.065251,54.9677849],[49.0654287,54.9666409],[49.0654144,54.9664907],[49.0652576,54.9658666],[49.0651405,54.9657998],[49.0645664,54.9657263],[49.0644683,54.9657489],[49.0644008,54.9658151],[49.0649351,54.9658971]]]}},{"type":"Feature","properties":{"id":"way/1149413102","sourceUrl":"https://www.openstreetmap.org/way/1149413102","name":null,"asOf":"2026-09-04T11:18:21Z","kind":"road","roadClass":"service","oneway":false,"simulationOnly":true},"geometry":{"type":"LineString","coordinates":[[49.0620226,54.967211],[49.06094,54.9673078],[49.0608279,54.9673956],[49.0606926,54.9675534],[49.0605624,54.9677635]]}},{"type":"Feature","properties":{"id":"way/1149627990","sourceUrl":"https://www.openstreetmap.org/way/1149627990","name":null,"asOf":"2026-09-04T11:18:21Z","kind":"green","greenType":"grass"},"geometry":{"type":"Polygon","coordinates":[[[49.0621456,54.9637464],[49.0623944,54.9637269],[49.0624084,54.9637859],[49.062445,54.9637831],[49.0624263,54.9637041],[49.0621059,54.9637291],[49.0621574,54.9638982],[49.0624644,54.9638832],[49.0624473,54.9638114],[49.062414,54.963814],[49.0624267,54.9638677],[49.0621789,54.963887],[49.0621456,54.9637464]]]}},{"type":"Feature","properties":{"id":"way/1149627991","sourceUrl":"https://www.openstreetmap.org/way/1149627991","name":null,"asOf":"2026-09-04T11:18:21Z","kind":"green","greenType":"grass"},"geometry":{"type":"Polygon","coordinates":[[[49.0634064,54.9638184],[49.0634338,54.963801],[49.0633977,54.9636344],[49.0630858,54.9636567],[49.0631021,54.9637321],[49.0631369,54.9637296],[49.0631248,54.9636739],[49.0633663,54.9636566],[49.0633977,54.9638013],[49.0631588,54.9638184],[49.0631456,54.9637576],[49.0631083,54.9637603],[49.0631259,54.9638382],[49.0634064,54.9638184]]]}},{"type":"Feature","properties":{"id":"way/1149627992","sourceUrl":"https://www.openstreetmap.org/way/1149627992","name":null,"asOf":"2026-09-04T11:18:21Z","kind":"green","greenType":"grass"},"geometry":{"type":"Polygon","coordinates":[[[49.0625696,54.9638748],[49.0625258,54.9636941],[49.0624923,54.9636968],[49.062536,54.9638775],[49.0625696,54.9638748]]]}},{"type":"Feature","properties":{"id":"way/1149627993","sourceUrl":"https://www.openstreetmap.org/way/1149627993","name":null,"asOf":"2026-09-04T11:18:21Z","kind":"green","greenType":"grass"},"geometry":{"type":"Polygon","coordinates":[[[49.0630575,54.9638381],[49.0630138,54.9636574],[49.0629803,54.96366],[49.0630239,54.9638408],[49.0630575,54.9638381]]]}},{"type":"Feature","properties":{"id":"way/1149627994","sourceUrl":"https://www.openstreetmap.org/way/1149627994","name":null,"asOf":"2026-09-04T11:18:21Z","kind":"green","greenType":"grass"},"geometry":{"type":"Polygon","coordinates":[[[49.0623344,54.9638269],[49.0623364,54.9637867],[49.0623054,54.9637743],[49.0622645,54.963776],[49.062229,54.9638148],[49.062296,54.9638415],[49.0623344,54.9638269]]]}},{"type":"Feature","properties":{"id":"way/1149627995","sourceUrl":"https://www.openstreetmap.org/way/1149627995","name":null,"asOf":"2026-09-04T11:18:21Z","kind":"green","greenType":"grass"},"geometry":{"type":"Polygon","coordinates":[[[49.0633076,54.9637586],[49.0633096,54.9637184],[49.0632785,54.963706],[49.0632377,54.9637077],[49.0632022,54.9637465],[49.0632692,54.9637732],[49.0633076,54.9637586]]]}},{"type":"Feature","properties":{"id":"way/1149627997","sourceUrl":"https://www.openstreetmap.org/way/1149627997","name":null,"asOf":"2026-09-04T11:18:21Z","kind":"road","roadClass":"unclassified","oneway":false,"simulationOnly":true},"geometry":{"type":"LineString","coordinates":[[49.0591199,54.9635461],[49.0592832,54.9632428],[49.059372,54.9629879],[49.0596978,54.9618745]]}},{"type":"Feature","properties":{"id":"way/1149627998","sourceUrl":"https://www.openstreetmap.org/way/1149627998","name":null,"asOf":"2026-09-04T11:18:21Z","kind":"green","greenType":"grass"},"geometry":{"type":"Polygon","coordinates":[[[49.0607512,54.9677045],[49.0608711,54.9677716],[49.0615651,54.9678826],[49.0621464,54.9680379],[49.0625808,54.9681896],[49.0631279,54.9684481],[49.0632295,54.9684555],[49.0633262,54.968439],[49.0635807,54.9682942],[49.063552,54.9682483],[49.0612591,54.9673255],[49.0611673,54.9673143],[49.0610523,54.9673297],[49.0608981,54.9673972],[49.06078,54.9675338],[49.0607335,54.9676473],[49.0607512,54.9677045]]]}},{"type":"Feature","properties":{"id":"way/1149633027","sourceUrl":"https://www.openstreetmap.org/way/1149633027","name":null,"asOf":"2026-09-04T11:18:21Z","kind":"green","greenType":"grass"},"geometry":{"type":"Polygon","coordinates":[[[49.0618516,54.9655913],[49.0619245,54.9656533],[49.061975,54.9656603],[49.06317,54.9655248],[49.0634191,54.965533],[49.0637174,54.9655721],[49.0637351,54.9655277],[49.0643429,54.9656072],[49.0644505,54.965598],[49.0644721,54.9655681],[49.0643335,54.9648074],[49.0643006,54.964793],[49.0640093,54.9648114],[49.064032,54.9649311],[49.0635112,54.9649635],[49.0634538,54.9646599],[49.0639746,54.9646275],[49.0639996,54.9647596],[49.0643026,54.9647342],[49.0643323,54.9647083],[49.0642656,54.9643522],[49.0642362,54.9643327],[49.0639126,54.964348],[49.0639382,54.9644835],[49.0634174,54.9645159],[49.0632836,54.9638862],[49.0628345,54.963919],[49.0628358,54.9641001],[49.062803,54.9642186],[49.0627593,54.9642863],[49.062117,54.9645873],[49.0618778,54.9648087],[49.0618254,54.9648883],[49.0617784,54.9649949],[49.0617609,54.9651185],[49.0618516,54.9655913]]]}},{"type":"Feature","properties":{"id":"way/1149633028","sourceUrl":"https://www.openstreetmap.org/way/1149633028","name":null,"asOf":"2026-09-04T11:18:21Z","kind":"green","greenType":"grass"},"geometry":{"type":"Polygon","coordinates":[[[49.0617221,54.9621214],[49.058549,54.9618003],[49.0584532,54.9618011],[49.0583,54.9618587],[49.0582531,54.9619095],[49.0581727,54.9621173],[49.0579366,54.9628288],[49.0577408,54.9632953],[49.0573224,54.9644256],[49.0568325,54.9655924],[49.0567208,54.9657861],[49.0566193,54.9659158],[49.0561968,54.9663804],[49.0561258,54.9664817],[49.0560991,54.966572],[49.0561372,54.9667359],[49.0562044,54.9668094],[49.0563478,54.9668852],[49.056495,54.9669325],[49.05827,54.967419],[49.0588513,54.967512],[49.0588923,54.9675075],[49.0589293,54.9674167],[49.0593943,54.9674792],[49.0593573,54.96757],[49.0593719,54.9675937],[49.0603613,54.9677116],[49.0605016,54.9676684],[49.0608936,54.967241],[49.0604366,54.9656521],[49.0617187,54.9655509],[49.0617906,54.9655656],[49.0617067,54.9651795],[49.0617204,54.9650242],[49.0617649,54.9648837],[49.0618676,54.9647491],[49.0620661,54.9645751],[49.0622236,54.9644788],[49.0626584,54.9643],[49.06272,54.9642558],[49.0627594,54.964184],[49.062797,54.9640465],[49.062785,54.9639207],[49.0622829,54.9639552],[49.0622904,54.9639912],[49.062059,54.9640071],[49.0617686,54.9625603],[49.0618573,54.9625528],[49.0617734,54.9621518],[49.0617221,54.9621214]]]}},{"type":"Feature","properties":{"id":"way/1149633029","sourceUrl":"https://www.openstreetmap.org/way/1149633029","name":null,"asOf":"2026-09-04T11:18:21Z","kind":"green","greenType":"wood"},"geometry":{"type":"Polygon","coordinates":[[[49.0590997,54.9672372],[49.059266,54.9672491],[49.0593237,54.9672677],[49.0593745,54.9672478],[49.0594184,54.9672014],[49.0594046,54.9671749],[49.0592175,54.967159],[49.0591829,54.9671351],[49.059102,54.9671418],[49.0590559,54.9671921],[49.0590997,54.9672372]]]}},{"type":"Feature","properties":{"id":"way/1149633030","sourceUrl":"https://www.openstreetmap.org/way/1149633030","name":null,"asOf":"2026-09-04T11:18:21Z","kind":"green","greenType":"wood"},"geometry":{"type":"Polygon","coordinates":[[[49.0595985,54.9673141],[49.0597048,54.9672743],[49.0598248,54.9671497],[49.0597763,54.9671139],[49.0596701,54.9671113],[49.0596262,54.9671444],[49.0596262,54.9671868],[49.0595108,54.9672226],[49.0594831,54.9672624],[49.0595431,54.9673035],[49.0595985,54.9673141]]]}},{"type":"Feature","properties":{"id":"way/1149633031","sourceUrl":"https://www.openstreetmap.org/way/1149633031","name":null,"asOf":"2026-09-04T11:18:21Z","kind":"green","greenType":"wood"},"geometry":{"type":"Polygon","coordinates":[[[49.0603075,54.9673539],[49.0604853,54.9672863],[49.0604599,54.96722],[49.0605014,54.9671829],[49.0605153,54.9671312],[49.0604622,54.9669867],[49.0605407,54.966931],[49.0604899,54.9668793],[49.060543,54.9668382],[49.0605453,54.9667984],[49.0605084,54.9667547],[49.0605546,54.9666659],[49.0604483,54.966581],[49.0603398,54.9666327],[49.0603098,54.9667268],[49.0603721,54.9668475],[49.0603029,54.9669336],[49.0603121,54.9670065],[49.0602567,54.9670993],[49.0602567,54.9671683],[49.0601966,54.9672279],[49.0601874,54.9673167],[49.0603075,54.9673539]]]}},{"type":"Feature","properties":{"id":"way/1149633032","sourceUrl":"https://www.openstreetmap.org/way/1149633032","name":null,"asOf":"2026-09-04T11:18:21Z","kind":"green","greenType":"wood"},"geometry":{"type":"Polygon","coordinates":[[[49.0602659,54.966532],[49.0603421,54.9664856],[49.0603975,54.9664763],[49.0604068,54.9664418],[49.0603814,54.9663928],[49.0604322,54.9663225],[49.0603721,54.9662576],[49.0604807,54.9661886],[49.060453,54.9661277],[49.0605084,54.9660945],[49.060483,54.9660349],[49.0604322,54.966003],[49.0602567,54.9660243],[49.0602451,54.9659818],[49.0602728,54.9659235],[49.0601343,54.9659089],[49.0600073,54.9659818],[49.0600327,54.9660256],[49.060035,54.9660958],[49.0599934,54.9661502],[49.0600073,54.9661701],[49.0600812,54.9661475],[49.0601597,54.966178],[49.0602474,54.9661794],[49.0601435,54.9662775],[49.0602174,54.9662788],[49.0603629,54.9664577],[49.0601851,54.9665002],[49.0602082,54.9665267],[49.0602659,54.966532]]]}},{"type":"Feature","properties":{"id":"way/1149633033","sourceUrl":"https://www.openstreetmap.org/way/1149633033","name":null,"asOf":"2026-09-04T11:18:21Z","kind":"green","greenType":"wood"},"geometry":{"type":"Polygon","coordinates":[[[49.0604,54.9657186],[49.0603813,54.9656667],[49.0604873,54.9655343],[49.0604125,54.9653931],[49.0605091,54.965343],[49.0604405,54.9653054],[49.0603128,54.9653287],[49.0602318,54.9652679],[49.0601882,54.9653072],[49.06021,54.9653716],[49.0601882,54.9654878],[49.0601212,54.9655799],[49.06021,54.9656649],[49.0602972,54.9656908],[49.0603533,54.965749],[49.0604,54.9657186]]]}},{"type":"Feature","properties":{"id":"way/1149633034","sourceUrl":"https://www.openstreetmap.org/way/1149633034","name":null,"asOf":"2026-09-04T11:18:21Z","kind":"green","greenType":"wood"},"geometry":{"type":"Polygon","coordinates":[[[49.0599483,54.9647134],[49.0600137,54.9647403],[49.0600978,54.9647152],[49.0601882,54.9647295],[49.0602131,54.964683],[49.0601446,54.964506],[49.060048,54.9644917],[49.0599981,54.964438],[49.0600667,54.9643647],[49.0600605,54.9643164],[49.0598642,54.9643808],[49.0598019,54.9644559],[49.0599327,54.9645346],[49.0599514,54.9646204],[49.0598143,54.9646955],[49.0598517,54.9647385],[49.0599483,54.9647134]]]}},{"type":"Feature","properties":{"id":"way/1149633035","sourceUrl":"https://www.openstreetmap.org/way/1149633035","name":null,"asOf":"2026-09-04T11:18:21Z","kind":"green","greenType":"wood"},"geometry":{"type":"Polygon","coordinates":[[[49.0600636,54.9653144],[49.060076,54.9652804],[49.0600386,54.9652249],[49.0599639,54.9651927],[49.0599514,54.9651391],[49.0600231,54.9650783],[49.0600324,54.9650193],[49.059939,54.9649495],[49.0598299,54.9649835],[49.0599234,54.96503],[49.059886,54.9651409],[49.0598891,54.9652267],[49.0599795,54.9653287],[49.0600636,54.9653144]]]}},{"type":"Feature","properties":{"id":"way/1149633036","sourceUrl":"https://www.openstreetmap.org/way/1149633036","name":null,"asOf":"2026-09-04T11:18:21Z","kind":"green","greenType":"wood"},"geometry":{"type":"Polygon","coordinates":[[[49.059498,54.9631345],[49.0595358,54.9630815],[49.0596031,54.9631225],[49.0597124,54.9630694],[49.0597208,54.962915],[49.0598469,54.9628691],[49.0598595,54.9627919],[49.0598174,54.9627147],[49.0598889,54.9626133],[49.0599015,54.9625313],[49.0598427,54.9622948],[49.0596703,54.9623045],[49.0596661,54.9625554],[49.0595148,54.9627219],[49.0595106,54.9629343],[49.0594308,54.9630525],[49.059435,54.9631394],[49.059498,54.9631345]]]}},{"type":"Feature","properties":{"id":"way/1189300937","sourceUrl":"https://www.openstreetmap.org/way/1189300937","name":null,"asOf":"2026-09-04T11:18:21Z","kind":"road","roadClass":"unclassified","oneway":false,"simulationOnly":true},"geometry":{"type":"MultiLineString","coordinates":[[[49.0659591,54.9678591],[49.0660826,54.967763],[49.067,54.967531993265126]],[[49.067,54.969345180000005],[49.0667426,54.9694081],[49.067,54.96973571453191]]]}},{"type":"Feature","properties":{"id":"way/1242296588","sourceUrl":"https://www.openstreetmap.org/way/1242296588","name":null,"asOf":"2026-09-04T11:18:21Z","kind":"green","greenType":"wood"},"geometry":{"type":"Polygon","coordinates":[[[49.0560225,54.9685161],[49.0559512,54.9683488],[49.0558281,54.9682001],[49.0555172,54.9682149],[49.0554784,54.9683376],[49.0556986,54.9684938],[49.0558994,54.9686128],[49.0560225,54.9685161]]]}},{"type":"Feature","properties":{"id":"way/1274772078","sourceUrl":"https://www.openstreetmap.org/way/1274772078","name":null,"asOf":"2026-09-04T11:18:21Z","kind":"road","roadClass":"unclassified","oneway":false,"simulationOnly":true},"geometry":{"type":"LineString","coordinates":[[49.0651756,54.9679721],[49.0659591,54.9678591]]}},{"type":"Feature","properties":{"id":"way/1507795933","sourceUrl":"https://www.openstreetmap.org/way/1507795933","name":"Базарные Матаки — Болгар","asOf":"2026-09-04T11:18:21Z","kind":"road","roadClass":"tertiary","oneway":false,"simulationOnly":true},"geometry":{"type":"LineString","coordinates":[[49.0564611,54.9659515],[49.0566954,54.9656061],[49.0568378,54.9653147],[49.0572397,54.9643676],[49.05852520460535,54.961]]}},{"type":"Feature","properties":{"id":"way/1507795934","sourceUrl":"https://www.openstreetmap.org/way/1507795934","name":"«Базарные Матаки — Болгар» — Ржавец","asOf":"2026-09-04T11:18:21Z","kind":"road","roadClass":"unclassified","oneway":false,"simulationOnly":true},"geometry":{"type":"LineString","coordinates":[[49.0564405,54.9669837],[49.055,54.96658124346202]]}},{"type":"Feature","properties":{"id":"way/1507798010","sourceUrl":"https://www.openstreetmap.org/way/1507798010","name":"Базарные Матаки — Болгар","asOf":"2026-09-04T11:18:21Z","kind":"road","roadClass":"tertiary","oneway":false,"simulationOnly":true},"geometry":{"type":"LineString","coordinates":[[49.055,54.966376154220434],[49.0554089,54.9663246],[49.0557855,54.9662499],[49.0560621,54.9661693],[49.0562837,54.9660712],[49.0564611,54.9659515]]}},{"type":"Feature","properties":{"id":"relation/9525992","sourceUrl":"https://www.openstreetmap.org/relation/9525992","name":null,"asOf":"2026-09-04T11:18:21Z","kind":"green","greenType":"wood"},"geometry":{"type":"MultiPolygon","coordinates":[[[[49.0586605,54.9614926],[49.058749,54.9616203],[49.0593697,54.9617179],[49.0596506,54.9617243],[49.0597652,54.9616477],[49.059908694244456,54.961],[49.058883109823505,54.961],[49.0586605,54.9614926]]],[[[49.0590373,54.9619304],[49.0586928,54.9619535],[49.0585494,54.9619958],[49.058307,54.9629471],[49.0568914,54.9660717],[49.0567599,54.9668827],[49.0568069,54.9669491],[49.0581521,54.9672267],[49.0582531,54.967224],[49.058346,54.9671787],[49.0584779,54.967076],[49.0584381,54.967041],[49.05829,54.9670164],[49.0581116,54.9670383],[49.0580014,54.9669689],[49.0580407,54.9668044],[49.0581036,54.9667784],[49.0582289,54.9667952],[49.0583025,54.966773],[49.0584376,54.9665965],[49.0585879,54.9663483],[49.0586078,54.9662585],[49.0587698,54.9662532],[49.0589119,54.9661774],[49.058971,54.9660819],[49.058816,54.9659923],[49.0590061,54.9657521],[49.0595197,54.9654083],[49.0591327,54.9635718],[49.0590204,54.9635412],[49.0593259,54.9630083],[49.0595694,54.9620008],[49.0594744,54.9619598],[49.0590373,54.9619304]]]]}},{"type":"Feature","properties":{"id":"relation/14920119","sourceUrl":"https://www.openstreetmap.org/relation/14920119","name":null,"asOf":"2026-09-04T11:18:21Z","kind":"green","greenType":"wood"},"geometry":{"type":"MultiPolygon","coordinates":[[[[49.0550372,54.9656257],[49.0550715,54.9650875],[49.0554047,54.9646744],[49.055,54.96455628860649],[49.055,54.96567821906614],[49.0550372,54.9656257]]],[[[49.0552054,54.9640864],[49.0554673,54.9641277],[49.0556267,54.9640472],[49.0557511,54.9637778],[49.0562166,54.9636595],[49.0565473,54.9637178],[49.0558219,54.9647647],[49.0554052,54.9654703],[49.0552388,54.9658932],[49.0553182,54.9660218],[49.055,54.96607266161079],[49.055,54.966222719690826],[49.0557417,54.9661238],[49.056007,54.9659769],[49.0562249,54.9657865],[49.0564713,54.9654765],[49.056585,54.9652317],[49.0566703,54.9648564],[49.0569261,54.9644049],[49.0571061,54.9636053],[49.0572767,54.9630559],[49.0576462,54.9623324],[49.0579115,54.9615327],[49.05813371121181,54.961],[49.055,54.961],[49.055,54.96431963302802],[49.0552054,54.9640864]]]]}},{"type":"Feature","properties":{"id":"relation/15532608","sourceUrl":"https://www.openstreetmap.org/relation/15532608","name":null,"asOf":"2026-09-04T11:18:21Z","kind":"green","greenType":"grass"},"geometry":{"type":"Polygon","coordinates":[[[49.0651675,54.9667249],[49.065018,54.9678939],[49.0638695,54.9681083],[49.0633927,54.9673526],[49.0628427,54.9669561],[49.0626367,54.9670442],[49.0629401,54.9673341],[49.0628887,54.9673518],[49.0637494,54.968174],[49.0638833,54.9681947],[49.0650866,54.9679683],[49.0651977,54.9678973],[49.065251,54.9677849],[49.0654287,54.9666409],[49.0654144,54.9664907],[49.0652576,54.9658666],[49.0651405,54.9657998],[49.0645664,54.9657263],[49.0645102,54.9657285],[49.0644301,54.9657755],[49.0644008,54.9658151],[49.0649351,54.9658971],[49.0651675,54.9667249]],[[49.0652668,54.966032],[49.0653213,54.9662561],[49.0650891,54.9662747],[49.0650347,54.9660506],[49.0652668,54.966032]]]}},{"type":"Feature","properties":{"id":"relation/15535350","sourceUrl":"https://www.openstreetmap.org/relation/15535350","name":null,"asOf":"2026-09-04T11:18:21Z","kind":"green","greenType":"grass"},"geometry":{"type":"Polygon","coordinates":[[[49.0614325,54.9620825],[49.058549,54.9618003],[49.0583633,54.9618248],[49.0582531,54.9619095],[49.0579366,54.9628288],[49.0577408,54.9632953],[49.0573224,54.9644256],[49.0568325,54.9655924],[49.0567208,54.9657861],[49.0566193,54.9659158],[49.0561968,54.9663804],[49.0561258,54.9664817],[49.0560991,54.966572],[49.0561067,54.9666507],[49.0561372,54.9667359],[49.0562044,54.9668094],[49.0563478,54.9668852],[49.056495,54.9669325],[49.05827,54.967419],[49.0588513,54.967512],[49.0588923,54.9675075],[49.0589293,54.9674167],[49.0593943,54.9674792],[49.0593573,54.96757],[49.0593719,54.9675937],[49.0603613,54.9677116],[49.0605016,54.9676684],[49.0608936,54.967241],[49.0604366,54.9656521],[49.0617187,54.9655509],[49.0617906,54.9655656],[49.0617067,54.9651795],[49.0617204,54.9650242],[49.0617649,54.9648837],[49.0618676,54.9647491],[49.0620661,54.9645751],[49.0622236,54.9644788],[49.0626584,54.9643],[49.06272,54.9642558],[49.0627594,54.964184],[49.062797,54.9640465],[49.062785,54.9639207],[49.0622829,54.9639552],[49.0622904,54.9639912],[49.062059,54.9640071],[49.0617686,54.9625603],[49.0618573,54.9625528],[49.0617734,54.9621518],[49.0617495,54.9621343],[49.0614325,54.9620825]],[[49.059498,54.9631345],[49.059435,54.9631394],[49.0594308,54.9630525],[49.0595106,54.9629343],[49.0595148,54.9627219],[49.0596661,54.9625554],[49.0596703,54.9623045],[49.0598427,54.9622948],[49.0599015,54.9625313],[49.0598889,54.9626133],[49.0598174,54.9627147],[49.0598595,54.9627919],[49.0598469,54.9628691],[49.0597208,54.962915],[49.0597124,54.9630694],[49.0596031,54.9631225],[49.0595358,54.9630815],[49.059498,54.9631345]],[[49.0592222,54.9662824],[49.0589666,54.9662292],[49.059035,54.9661208],[49.0592906,54.9661739],[49.0592222,54.9662824]],[[49.0589749,54.967173],[49.0586004,54.96714],[49.0586228,54.9670564],[49.0589973,54.9670895],[49.0589749,54.967173]],[[49.0593237,54.9672677],[49.0590997,54.9672372],[49.0590559,54.9671921],[49.059102,54.9671418],[49.0591829,54.9671351],[49.0592175,54.967159],[49.0594046,54.9671749],[49.0594184,54.9672014],[49.0593745,54.9672478],[49.0593237,54.9672677]],[[49.0597048,54.9672743],[49.0595985,54.9673141],[49.0595431,54.9673035],[49.0594831,54.9672624],[49.0595108,54.9672226],[49.0596262,54.9671868],[49.0596262,54.9671444],[49.0596701,54.9671113],[49.0597763,54.9671139],[49.0598248,54.9671497],[49.0597048,54.9672743]],[[49.0598066,54.9674284],[49.0597213,54.9674193],[49.0597358,54.9673747],[49.0598211,54.9673838],[49.0598066,54.9674284]],[[49.0600137,54.9647403],[49.0599483,54.9647134],[49.0598517,54.9647385],[49.0598143,54.9646955],[49.0599514,54.9646204],[49.0599327,54.9645346],[49.0598019,54.9644559],[49.0598642,54.9643808],[49.0600605,54.9643164],[49.0600667,54.9643647],[49.0599981,54.964438],[49.060048,54.9644917],[49.0601446,54.964506],[49.0602131,54.964683],[49.0601882,54.9647295],[49.0600978,54.9647152],[49.0600137,54.9647403]],[[49.060076,54.9652804],[49.0600636,54.9653144],[49.0599795,54.9653287],[49.0598891,54.9652267],[49.059886,54.9651409],[49.0599234,54.96503],[49.0598299,54.9649835],[49.059939,54.9649495],[49.0600324,54.9650193],[49.0600231,54.9650783],[49.0599514,54.9651391],[49.0599639,54.9651927],[49.0600386,54.9652249],[49.060076,54.9652804]],[[49.0604,54.9657186],[49.0603533,54.965749],[49.0602972,54.9656908],[49.06021,54.9656649],[49.0601212,54.9655799],[49.0601882,54.9654878],[49.06021,54.9653716],[49.0601882,54.9653072],[49.0602318,54.9652679],[49.0603128,54.9653287],[49.0604405,54.9653054],[49.0605091,54.965343],[49.0604125,54.9653931],[49.0604873,54.9655343],[49.0603813,54.9656667],[49.0604,54.9657186]],[[49.0603421,54.9664856],[49.0602659,54.966532],[49.0602082,54.9665267],[49.0601851,54.9665002],[49.0603629,54.9664577],[49.0602174,54.9662788],[49.0601435,54.9662775],[49.0602474,54.9661794],[49.0601597,54.966178],[49.0600812,54.9661475],[49.0600073,54.9661701],[49.0599934,54.9661502],[49.060035,54.9660958],[49.0600327,54.9660256],[49.0600073,54.9659818],[49.0601343,54.9659089],[49.0602728,54.9659235],[49.0602451,54.9659818],[49.0602567,54.9660243],[49.0604322,54.966003],[49.060483,54.9660349],[49.0605084,54.9660945],[49.060453,54.9661277],[49.0604807,54.9661886],[49.0603721,54.9662576],[49.0604322,54.9663225],[49.0603814,54.9663928],[49.0604068,54.9664418],[49.0603975,54.9664763],[49.0603421,54.9664856]],[[49.0604853,54.9672863],[49.0603075,54.9673539],[49.0601874,54.9673167],[49.0601966,54.9672279],[49.0602567,54.9671683],[49.0602567,54.9670993],[49.0603121,54.9670065],[49.0603029,54.9669336],[49.0603721,54.9668475],[49.0603098,54.9667268],[49.0603398,54.9666327],[49.0604483,54.966581],[49.0605546,54.9666659],[49.0605084,54.9667547],[49.0605453,54.9667984],[49.060543,54.9668382],[49.0604899,54.9668793],[49.0605407,54.966931],[49.0604622,54.9669867],[49.0605153,54.9671312],[49.0605014,54.9671829],[49.0604599,54.96722],[49.0604853,54.9672863]]]}}],"metadata":{"generatedAt":"2026-09-04T11:21:23Z","osmAsOf":"2026-09-04T11:18:21Z","bounds":{"kazan":[49.087,55.788,49.143,55.819],"innopolis":[48.733,55.745,48.762,55.762],"bolgar":[49.055,54.961,49.067,54.971]},"missingAreas":["kazan"],"areaSnapshots":{"innopolis":"2026-09-04T11:18:21Z","bolgar":"2026-09-04T11:18:21Z"},"attribution":"© OpenStreetMap contributors, ODbL-1.0","simulationOnly":true,"constructionPolicy":"No active construction without a dated project source; OSM edit dates do not establish activity."}}
