id,legacyId,title,state,publishedAt,lastEvidenceAt,territoryId,precision,address,longitude,latitude,confidence,sourceKind,sourceUrl,usefulnessLevel,usefulnessScore,reviewed,evidenceCount,documentCount,publishReady,mapReady,sceneReady,auditResult,reasons,warnings,triage
evt_17d6e16579d80db14c036ff9,,В республике с сегодняшнего дня открылся массовый осенний сезон охоты на пернатую дичь.,resolved,2026-09-05T17:27:00Z,2026-09-05T19:06:47Z,mo-92654000,territory,,,,low,media,https://yutazy.ru/news/obschestvo/v-tatarstane-startoval-sezon-massovoi-oxoty-na-pernatuiu-dic,context,59,False,1,1,False,False,False,needs_review,['not_editorially_useful'],[],priority_review
evt_30601f8f6cca22922dac218e,,Мечта с детства: в Менделеевске открылся новый боксёрский клуб,resolved,2026-09-05T17:04:00Z,2026-09-05T19:06:43Z,mo-92639101,settlement,Менделеевск,52.312064,55.894251,low,media,https://mendeleevskyi.ru/news/gorod-i-gorozhane/mecta-s-detstva-v-mendeleevske-otkrylsia-novyi-bokserskii-klub,useful,79,False,1,1,True,False,False,ready,[],[],publish_now
evt_b67a0b3de9d63ceab7fdcc12,,В Лаишево торжественно открыли обновлённый двор,resolved,2026-09-05T16:13:00Z,2026-09-05T19:06:42Z,mo-92634101,building,"улица Салиха Сайдашева, 16",49.5622337,55.4095818,low,media,https://laishevskyi.ru/news/novosti/v-laisevo-torzestvenno-otkryli-obnovlennyi-dvor,useful,89,False,1,1,True,True,False,ready,[],[],publish_now
evt_58efd1dffa55f469245eb9ee,,В Татарстане начался осенний сезон охоты на пернатую дичь,unknown,2026-09-05T15:32:56Z,2026-09-05T19:08:56Z,,territory,,,,medium,media,https://t.me/tatmediaofficial/158634,useful,79,False,1,1,True,False,False,ready,[],[],publish_now
evt_fb6a52a4c96f97b469272eb2,,Преподаватель Спасского техникума отраслевых технологий получила золотой знак ГТО,unknown,2026-09-05T15:32:00Z,2026-09-05T19:06:47Z,mo-92632000,territory,,,,low,media,https://spas-rt.ru/news/sport/prepodavatel-spasskogo-texnikuma-otraslevyx-texnologii-polucila-zolotoi-znak-gto,context,0,False,1,1,False,False,False,needs_review,['not_editorially_useful'],[],context
evt_327b0974f1b96949b46e2d83,,"Пожар в частном доме в Красноармейке, Альметьевский район",reported,2026-09-05T15:08:59Z,2026-09-05T19:09:20Z,mo-92608101,territory,,,,medium,media,https://t.me/atannary/29086,context,30,False,1,1,False,False,False,needs_review,['not_editorially_useful'],[],priority_review
evt_9addd4313722fb4595c2bd09,,Глава Лаишевского района Ильдус Зарипов открыл полосу препятствий,reported,2026-09-05T15:05:00Z,2026-09-05T19:06:42Z,mo-92634000,territory,,,,low,media,https://laishevskyi.ru/news/novosti/glava-laisevskogo-raiona-ildus-zaripov-otkryl-polosu-prepiatstvi,context,0,False,1,1,False,False,False,needs_review,['not_editorially_useful'],[],context
evt_5d4b1df9c1f051f30eea5bf7,,🐄 6 тысяч голов дойного стада 💰 5 миллиардов рублей инвестиций 📐 150 тысяч квадратных метров — общая площадь объекта 🌾 11 тысяч тонн сенажа уже заложено на хран,reported,2026-09-05T15:03:16Z,2026-09-05T19:06:25Z,mo-92601101,territory,,,,low,media,https://t.me/agr_vesti/55807,context,36,False,1,1,False,False,False,needs_review,['not_editorially_useful'],[],priority_review
evt_9ddfa401268215d50c6268b0,,Льготы для автомобилистов в 2026 году: какие действуют в Татарстане,reported,2026-09-05T14:49:01Z,2026-09-05T19:06:27Z,mo-92614000,territory,,,,low,media,https://t.me/BavlyinformNEWS/44454,context,16,False,1,1,False,False,False,needs_review,['not_editorially_useful'],[],priority_review
evt_8242104078dc4eb9acfaf99c,,Управляющая организация должна подготовить документ не позднее 30 дней после завершения работ и в течение пяти дней передать его председателю совета дома или чл,reported,2026-09-05T14:45:40Z,2026-09-05T19:06:26Z,mo-92608000,territory,,,,low,media,https://t.me/uvt24/32702,context,0,False,1,1,False,False,False,needs_review,['not_editorially_useful'],[],context
evt_a350a2f837c46a994ffac39c,,В Менделеевске официально открылся боксерский клуб «Барс»!,resolved,2026-09-05T14:43:48Z,2026-09-05T19:06:31Z,mo-92639101,settlement,Менделеевск,52.312064,55.894251,low,media,https://t.me/mndnews/80827,useful,79,False,1,1,True,False,False,ready,[],[],publish_now
evt_d4ae7c8f7f25df0087f1d045,,"Сегодня, в рамках празднования Дня города, состоялось торжественное открытие уникальной спортивной площадки на территории Гимназии №1.",reported,2026-09-05T14:35:41Z,2026-09-05T19:06:30Z,mo-92634101,settlement,Лаишево,49.5468376,55.4043358,low,media,https://t.me/novayakama/54843,context,20,False,1,1,False,False,False,needs_review,['not_editorially_useful'],[],priority_review
evt_9ea6b77ee2be82f8e9a1d6a5,,Жителям Заинского района напомнили о номере единой службы спасения,reported,2026-09-05T14:30:02Z,2026-09-05T19:06:29Z,mo-92627000,territory,,,,low,media,https://t.me/zainsknews/61070,context,0,False,1,1,False,False,False,needs_review,['not_editorially_useful'],[],context
evt_db038d5e5eb89ee92535d929,,В Татарстане завершили модернизацию светофоров по нацпроекту,reported,2026-09-05T14:19:00Z,2026-09-05T19:09:56Z,mo-92656000,territory,,,,medium,media,https://tulachi.ru/news/v-respublike/tatarstanda-ilkulam-proekt-buenca-svetoforlarny-modernizaciialau-eslare-togallande,context,16,False,2,1,False,False,False,needs_review,['not_editorially_useful'],[],priority_review
evt_52f5fb675953917b218186cf,,Подробности пожара в термальном комплексе Челнов,reported,2026-09-05T14:18:06Z,2026-09-05T19:06:35Z,mo-92730000,territory,,,,low,media,https://t.me/chelnytv/46190,context,20,False,1,1,False,False,False,needs_review,['not_editorially_useful'],[],priority_review
evt_fc0b3cf842ac7234423a82dd,,Какие льготы доступны автомобилистам Татарстана в 2026 году?,unknown,2026-09-05T14:09:01Z,2026-09-05T19:06:30Z,mo-92633000,territory,,,,low,media,https://t.me/kukmor_tatarstan/56205,context,16,False,1,1,False,False,False,needs_review,['not_editorially_useful'],[],priority_review
evt_18a446ae304607297518373d,,Ученики Центра внешкольной работы совершили производственную экскурсию на Буинский моторный завод,reported,2026-09-05T14:06:56Z,2026-09-05T19:06:28Z,mo-92618000,territory,,,,low,media,https://t.me/buinsknews/47243,context,36,False,1,1,False,False,False,needs_review,['not_editorially_useful'],[],priority_review
evt_729418f96b157eddee8534ff,,"В Мамадышском районе продолжаются масштабные дорожные работы. Одна из ключевых точек приложения сил подрядчиков сегодня — это посёлок Сервеный. Здесь на улице Юлии Запольской дорожники приступили к важному этапу строительства. И этот объект — не просто очередной километр асфальта, а настоящий путь к новым домам для многодетных семей.",reported,2026-09-05T14:04:59Z,2026-09-05T19:06:30Z,mo-92638000,territory,,,,low,media,https://t.me/novosti_mamadysha/63928,useful,89,False,1,1,True,False,False,ready,[],[],publish_now
evt_7929ade4d77c9deb7dd41334,,Учителя обсудили итоги экзаменов и планы на новый учебный годВ ра,reported,2026-09-05T14:04:01Z,2026-09-05T19:06:32Z,mo-92640000,territory,,,,low,media,https://t.me/smi_menzela/28822,context,16,False,1,1,False,False,False,needs_review,['not_editorially_useful'],[],priority_review
evt_8aeb97d38ba04abb840048ec,,Ожидаются усиление ветра и грозы,planned,2026-09-05T14:00:00Z,2026-09-05T19:06:44Z,mo-92701000,territory,,,,low,media,https://nurlat-tat.ru/news/pogoda/ozidaiutsia-usilenie-vetra-i-grozy,context,20,False,1,1,False,False,False,needs_review,['not_editorially_useful'],[],priority_review
evt_ea303524552d5859dcda877f,,В Татарстане разработали первый проект рекультивации нарушенных сельхозземель,unknown,2026-09-05T14:00:00Z,2026-09-05T19:06:39Z,mo-92620000,territory,,,,low,media,https://vuslon.ru/news/obschestvo/v-tatarstane-razrabotali-pervyi-proekt-rekultivacii-narusennyx-selxozzemel,context,0,False,1,1,False,False,False,needs_review,['not_editorially_useful'],[],context
evt_60648077e15a57ef08b1e357,,"Новый знак представят позже, когда завершат все формальности.",reported,2026-09-05T13:58:37Z,2026-09-05T19:06:28Z,mo-92617412,territory,,,,low,media,https://t.me/drozzanoe90/20812,useful,79,False,1,1,True,False,False,ready,[],[],publish_now
evt_da4bcf9d79bf8bbdfd087814,,Улетел в кювет: в Татарстане водитель Chery погиб в ДТП,reported,2026-09-05T13:45:11Z,2026-09-05T19:06:34Z,mo-92626432,territory,,,,low,media,https://t.me/chelny_news1/48674,context,30,False,1,1,False,False,False,needs_review,['not_editorially_useful'],[],priority_review
evt_94579c8a9e6b9d736ceb1f8d,,Смертельное ДТП произошло в Елабужском районе,reported,2026-09-05T13:38:22Z,2026-09-05T19:06:29Z,mo-92626432,territory,,,,low,media,https://t.me/ElabugaNK/46296,context,20,False,1,1,False,False,False,needs_review,['not_editorially_useful'],[],priority_review
evt_37914c2b7f16a216e991e51c,,Штормовое предупреждение в Татарстане,reported,2026-09-05T13:20:00Z,2026-09-05T19:06:47Z,mo-92654000,territory,,,,low,media,https://yutazy.ru/news/pogoda/stormovoe-preduprezdenie-v-tatarstane,context,24,False,1,1,False,False,False,needs_review,['not_editorially_useful'],[],priority_review
evt_9a26cadc6d41cd1d461d3ac9,,В Татарстане в 2026 году доступны скидки и субсидии при покупке автомобиля,reported,2026-09-05T13:20:00Z,2026-09-05T19:10:34Z,mo-92613000,territory,,,,medium,media,https://atnya-rt.ru/news/khbrlr/2026-elda-avtomobilcelar-taslamalardan-ham-subsidiialardan-faidalana-ala,context,0,False,2,1,False,False,False,needs_review,['not_editorially_useful'],[],context
evt_d411f743b469bb03f1388b65,,В колледже Бугульмы состоялся диктант безопасности,reported,2026-09-05T13:05:03Z,2026-09-05T19:06:28Z,mo-92617101,territory,,,,low,media,https://t.me/bugulgazeta/58370,context,20,False,1,1,False,False,False,needs_review,['not_editorially_useful'],[],priority_review
evt_94c665b1594bb47efa69571c,,"Завхоз общежития напомнила о тишине после 23:00, бережном отношении к ремонту и чистоте в комнатах.",resolved,2026-09-05T13:03:59Z,2026-09-05T19:06:34Z,mo-92659000,territory,,,,low,media,https://t.me/chistopol_news/42021,context,59,False,1,1,False,False,False,needs_review,['not_editorially_useful'],[],priority_review
evt_209dee7a9e0b96a362e9df38,,"Мальчик погиб в пожаре, пока родственница была в доме",reported,2026-09-05T13:03:38Z,2026-09-05T19:06:45Z,mo-92650000,territory,,,,low,media,https://rsloboda-rt.ru/news/obschestvo-i-myi/malcik-pogib-v-pozare-poka-rodstvennica-byla-v-dome,context,20,False,2,2,False,False,False,needs_review,['not_editorially_useful'],[],priority_review
evt_72c53eee2081a3ba33da2689,,В Нурлате началась ежегодная кампания по сбору гушр-садаки.,unknown,2026-09-05T13:02:02Z,2026-09-05T19:06:32Z,mo-92646000,territory,,,,low,media,https://t.me/nurlatinform/82277,context,20,False,1,1,False,False,False,needs_review,['not_editorially_useful'],[],priority_review
evt_d22ee8c9f38184d96e139a77,,Ул хезмәт юлын 2015 елда су белән тәэмин итү һәм канализация челтәрен ремонтлау буенча слесарь булып башлый.,reported,2026-09-05T13:01:19Z,2026-09-05T19:06:31Z,mo-92642000,territory,,,,low,media,https://t.me/muslumirc/44309,context,0,False,1,1,False,False,False,needs_review,['not_editorially_useful'],[],context
evt_3daadae8f826d0b69acaae0a,,В Лаишевском районе после капитального ремонта открылся детский сад «Карлыгач» и фельдшерско-акушерский пункт,resolved,2026-09-05T13:00:01Z,2026-09-05T19:06:30Z,mo-92634101,territory,,,,low,media,https://t.me/novayakama/54835,useful,87,False,1,1,True,False,False,ready,[],[],publish_now
evt_13965122c5c69a52ca259f0a,,Смертельная авария произошла в Елабужском районе: водитель Cherry погиб,reported,2026-09-05T13:00:00Z,2026-09-05T19:06:41Z,mo-92628101,territory,,,,low,media,https://zpravda.ru/news/bezopasnost-na-dorogax/smertelnaia-avariia-proizosla-v-elabuzskom-raione-voditel-cherry-pogib,context,30,False,1,1,False,False,False,needs_review,['not_editorially_useful'],[],priority_review
evt_9558071f489685b7f8a4f8a6,,Ученики Буинска совершили производственную экскурсию на Буинский моторный завод,reported,2026-09-05T12:55:00Z,2026-09-05T19:06:39Z,mo-92618101,territory,,,,low,media,https://buinsk-tat.ru/news/vchera-segodnya-zavtra/uceniki-buinska-soversili-proizvodstvennuiu-ekskursiiu-na-buinskii-motornyi-zavod,context,36,False,1,1,False,False,False,needs_review,['not_editorially_useful'],[],priority_review
evt_b998c807f21286f77ddfe603,,Авариядә һәрвакыт бер шофер гына гаепле буламы?,reported,2026-09-05T12:49:00Z,2026-09-05T19:06:45Z,mo-92653000,territory,,,,low,media,https://sarman-rt.ru/news/zakon-һәm-bez/avariiada-harvakyt-ber-sofer-gyna-gaeple-bulamy,context,0,False,1,1,False,False,False,needs_review,['not_editorially_useful'],[],context
evt_2d28fa2dc10f0414b5503f44,,Перепланировку квартиры необходимо согласовать заранее,reported,2026-09-05T12:25:02Z,2026-09-05T19:06:29Z,mo-92627000,territory,,,,low,media,https://t.me/zainsknews/61068,context,20,False,1,1,False,False,False,needs_review,['not_editorially_useful'],[],priority_review
evt_eccb26ffad7a757dcb57e40a,,Уютный двор для всей семьи: в Лаишево открыли новое пространство на улице Сайдашева,resolved,2026-09-05T12:24:07Z,2026-09-05T19:06:30Z,mo-92634101,territory,,,,low,media,https://t.me/novayakama/54828,useful,89,False,1,1,True,False,False,ready,[],[],publish_now
evt_ae677b3ca6398cab944bbb7e,,"Жители Татарстана могут воспользоваться льготами и получить субсидии на приобретение нового автомобиля и иные расходы, связанные с машинами. Подробнее об этом – в материале «Татар-информа».",reported,2026-09-05T12:08:16Z,2026-09-05T19:06:32Z,mo-92648000,territory,,,,low,media,https://t.me/pestresy/48396,context,16,False,1,1,False,False,False,needs_review,['not_editorially_useful'],[],priority_review
evt_4ba5ac0841220452f8ae94b9,,"СЕРИЯ 4: Ты думал, что это просто текст? Теперь у тебя есть враги, у которых есть скриншоты. Добро пожаловать в игру, где ставки слишком высоки, чтобы выйти.",reported,2026-09-05T12:00:32Z,2026-09-05T19:06:30Z,mo-92633000,territory,,,,low,media,https://t.me/kukmor_tatarstan/56202,context,0,False,1,1,False,False,False,needs_review,['not_editorially_useful'],[],context
evt_1be65e4eed254db178d69b5c,,"Хәзрәт, динебез пластик операция ясатуга ничек карый?",reported,2026-09-05T11:50:32Z,2026-09-05T19:06:27Z,mo-92701000,territory,,,,low,media,https://t.me/apastovonovosti/56599,context,0,False,1,1,False,False,False,needs_review,['not_editorially_useful'],[],context
evt_2120c85295b6294bdd102ed3,,Жители села Большая Шильна Тукаевского района обеспокоены судьбой капитального ремонта дорог. — улицы Нефтяников Вильсур Бадыгин,in_progress,2026-09-05T11:37:39Z,2026-09-05T19:06:33Z,mo-92657439,territory,,,,low,media,https://t.me/yakti_ul/31342,useful,97,False,1,1,False,False,False,needs_review,['open_state_text_looks_finished'],[],priority_review
evt_43e8aa47146894cb0a7e9fdd,,"Жители села Большая Шильна Тукаевского района обеспокоены судьбой капитального ремонта дорог. — улицы
Жители",in_progress,2026-09-05T11:37:39Z,2026-09-05T19:06:33Z,mo-92657439,territory,,,,low,media,https://t.me/yakti_ul/31342,useful,97,False,1,1,False,False,False,needs_review,['open_state_text_looks_finished'],[],priority_review
evt_9618f246e5d990ec09907fa7,,Илнур Кәримуллин: «Балаларга юлда йөрү тәртибен өйрәтү генә аз»,reported,2026-09-05T11:35:11Z,2026-09-05T19:06:33Z,mo-92656000,territory,,,,low,media,https://t.me/TulInformm/35590,context,59,False,1,1,False,False,False,needs_review,['not_editorially_useful'],[],priority_review
evt_329acac78ae68782ca4e74b1,,Но сейчас уголовное дело пойдет по новому кругу.,reported,2026-09-05T11:30:12Z,2026-09-05T19:06:34Z,mo-92730000,territory,,,,low,media,https://t.me/chelny_news1/48665,context,36,False,1,1,False,False,False,needs_review,['not_editorially_useful'],[],priority_review
evt_6d73cf85667e5a1cdcb49687,,"СЕРИЯ 2: Когда тебе платят больше, чем ты зарабатывал за неделю, мозг отключается. Но даже в сети у каждого действия есть последствия. И папин звонок — это лишь начало.",reported,2026-09-05T11:20:20Z,2026-09-05T19:06:33Z,mo-92657000,territory,,,,low,media,https://t.me/yakti_ul/31338,context,0,False,1,1,False,False,False,needs_review,['not_editorially_useful'],[],context
evt_54f652e7e604656c9a54ed7e,,"А в конце девяностых, после развала страны, семья принимает непростое решение и переезжает в Камское Устье, начав жизнь заново.",reported,2026-09-05T11:19:01Z,2026-09-05T19:06:30Z,mo-92630151,settlement,Камское Устье,49.2680082,55.2015629,low,media,https://t.me/volzhskie/36103,context,36,False,1,1,False,False,False,needs_review,['not_editorially_useful'],[],priority_review
evt_ae0cf62ca06a8e7559ca4a66,,Исерекләр эскәмиясендә хатын-кыз...,unknown,2026-09-05T11:04:32Z,2026-09-05T19:06:28Z,mo-92615430,territory,,,,low,media,https://t.me/xezmet_gazetasi/59781,context,20,False,1,1,False,False,False,needs_review,['not_editorially_useful'],[],priority_review
evt_700248ce3397379d92d91d5b,,Татарстан эш бирүчеләр исәп-хисап өчен штрафны 50% ташлама белән түли ала,unknown,2026-09-05T11:03:16Z,2026-09-05T19:06:25Z,mo-92601000,territory,,,,low,media,https://t.me/agr_vesti/55802,context,0,False,1,1,False,False,False,needs_review,['not_editorially_useful'],[],context
evt_d15ff7b243889ab0caaa389a,,37 елдан соң көтелгән бүләк: янгын сүндерүчеләрнең бинасы капиталь ремонттан соң ачылды,reported,2026-09-05T11:01:46Z,2026-09-05T19:06:31Z,mo-92642480,territory,,,,low,media,https://t.me/muslumirc/44307,context,59,False,1,1,False,False,False,needs_review,['not_editorially_useful'],[],priority_review
evt_4c90be29e3d541c94527a87a,,"Диспансеризация кардинально отличается от обычного профосмотра. Это расширенный комплекс, нацеленный на глубокий онкоскрининг и оценку сердечно-сосудистых рисков. Диспансеризация проводится абсолютно бесплатно по полису ОМС. Программа постоянно расширяется.",unknown,2026-09-05T11:00:56Z,2026-09-05T19:06:29Z,mo-92628101,territory,,,,low,media,https://t.me/zpravda/108617,context,0,False,1,1,False,False,False,needs_review,['not_editorially_useful'],[],context
evt_a554ee67fb4448ecf53d6c69,,В России появится специальный дорожный знак для парковки многодетных семей,reported,2026-09-05T11:00:45Z,2026-09-05T19:06:33Z,mo-92617412,territory,,,,low,media,https://t.me/rusloboda/35355,context,20,False,1,1,False,False,False,needs_review,['not_editorially_useful'],[],priority_review
evt_671a5e58fecfdec1008d7914,,37 елдан соң көтелгән бүләк: янгын сүндерүчеләрнең бинасы капиталь ремонттан соң ачылды,reported,2026-09-05T11:00:00Z,2026-09-05T19:06:44Z,mo-92642480,territory,,,,low,media,https://muslumirc.ru/news/bairamnar/37-eldan-son-kotelgan-bulak-iangyn-sunderucelarnen-binasy-kapital-remonttan-son-acyldy,context,59,False,1,1,False,False,False,needs_review,['not_editorially_useful'],[],priority_review
evt_bbc38dd9988387354e801771,,Прокуратура через суд восстановила право сироты на жильё,unknown,2026-09-05T11:00:00Z,2026-09-05T19:06:45Z,mo-92628101,territory,,,,low,media,https://rsloboda-rt.ru/news/obschestvo-i-myi/prokuratura-cerez-sud-vosstanovila-pravo-siroty-na-zile,context,20,False,1,1,False,False,False,needs_review,['not_editorially_useful'],[],priority_review
evt_49e7b7a47ad67429b410808f,,В Татарстане открыли сезон охоты на водоплавающую и боровую дичь,resolved,2026-09-05T10:15:00Z,2026-09-05T19:06:45Z,mo-92650000,territory,,,,low,media,https://rsloboda-rt.ru/news/obschestvo-i-myi/v-tatarstane-otkryli-sezon-oxoty-na-vodoplavaiushhuiu-i-borovuiu-dic,context,59,False,1,1,False,False,False,needs_review,['not_editorially_useful'],[],priority_review
evt_ee29671372d3f5eaf836a810,,Отказ ➡️ Иск ➡️ Суд ➡️ Победа,resolved,2026-09-05T10:04:39Z,2026-09-05T19:06:29Z,mo-92628101,territory,,,,low,media,https://t.me/zpravda/108612,context,0,False,1,1,False,False,False,needs_review,['not_editorially_useful'],[],context
evt_7d91d91dad8d6eb070e62229,,"Лениногорск шәһәрендә күпләп-ваклап сату базасында фирмаларның берсендә 25 тоннага якын җиләк-җимеш һәм яшелчә сакланган һәм сатылган. Төргәкләрдә техник регламентта каралган маркировка булмаган, дип хәбәр итә Татарстан Прокуратурасы.",unknown,2026-09-05T10:04:03Z,2026-09-05T19:06:30Z,mo-92636101,settlement,Лениногорск,52.4469099,54.5994324,low,media,https://t.me/zamansulyshy/17384,context,0,False,1,1,False,False,False,needs_review,['not_editorially_useful'],[],context
evt_32dbaacd8a8a9f6d30c01b0e,,"✅ Отремонтировали дороги в Новом Иглайкине, Некрасовке, Светлом Озере.",reported,2026-09-05T10:02:01Z,2026-09-05T19:06:32Z,mo-92646460,territory,,,,low,media,https://t.me/nurlatinform/82265,useful,97,False,1,1,True,False,False,ready,[],[],publish_now
evt_3fa3814e54267487775b7054,,Социальный фонд Татарстана закупит смартфоны для инвалидов на 13 млн рублей,unknown,2026-09-05T10:02:00Z,2026-09-05T19:06:46Z,mo-92730000,territory,,,,low,media,https://chelny-izvest.ru/news/facts/socialnyi-fond-tatarstana-zakupit-smartfony-dlia-invalidov-na-13-mln-rublei,context,50,False,1,1,False,False,False,needs_review,['not_editorially_useful'],[],priority_review
evt_342a9ef88d45a20560f1f44b,,Подготовка социальных объектов к отопительному сезону полностью завершена.,resolved,2026-09-05T10:00:01Z,2026-09-05T19:06:25Z,,territory,,,,low,media,https://t.me/tatmediaofficial/158614,context,0,False,1,1,False,False,False,needs_review,['not_editorially_useful'],[],context
evt_ef35bbbbb6232f2b2b592d88,,Лоси становятся непредсказуемыми в период гонаС ко,reported,2026-09-05T09:54:01Z,2026-09-05T19:06:32Z,mo-92640000,territory,,,,low,media,https://t.me/smi_menzela/28816,context,0,False,1,1,False,False,False,needs_review,['not_editorially_useful'],[],context
evt_cea9cc81e6210c2bbfc44aa0,,Что говорят очевидцы пожара ⬆️,reported,2026-09-05T09:46:40Z,2026-09-05T19:06:35Z,mo-92730000,territory,,,,low,media,https://t.me/chelnytv/46187,context,0,False,1,1,False,False,False,needs_review,"['summary_too_short', 'not_editorially_useful']",[],context
evt_e31bf47d9175eaf9ddfc56bb,,"Гульфания: переехала в Куш-Елгу, вырастила детей и дожила до почётной старости",unknown,2026-09-05T09:40:00Z,2026-09-05T19:06:41Z,mo-92627000,territory,,,,low,media,https://zainsk-inform.ru/news/obschestvo/gulfaniia-pereexala-v-kus-elgu-vyrastila-detei-i-dozila-do-pocetnoi-starosti,context,20,False,1,1,False,False,False,needs_review,['not_editorially_useful'],[],priority_review
evt_911ee2921bf2a6471b37b66c,,Открыли Центр кикбоксинга и Центр регби.,resolved,2026-09-05T09:37:29Z,2026-09-05T19:06:47Z,mo-92701000,territory,,,,low,official,https://t.me/kzn_official/23612,useful,87,False,1,1,True,False,False,ready,[],[],publish_now
evt_16a980af089f6940b072c194,,В Лаишевском районе после капитального ремонта открылся детский сад и ФАП,resolved,2026-09-05T09:35:00Z,2026-09-05T19:06:42Z,mo-92634101,territory,,,,low,media,https://laishevskyi.ru/news/tema-dnya/v-laisevskom-raione-posle-kapitalnogo-remonta-otkrylsia-detskii-sad-i-fap,useful,87,False,1,1,True,False,False,ready,[],[],publish_now
evt_00a2952058fd20d7ae6e1f26,,В Татарстане завершили установку интеллектуальных транспортных систем в городских агломерациях в рамках национального проекта «Инфрастр — улица Рябиновая,resolved,2026-09-05T09:26:00Z,2026-09-05T19:06:36Z,mo-92701000,street,Рябиновая улица,49.2594187,55.7508573,low,media,https://aktanysh-rt.ru/news/v-respublike/v-tatarstane-po-nacproektu-obnovili-18-svetoforov-za-1257-mln-rublei,useful,97,False,1,1,True,True,False,ready,[],[],publish_now
evt_03d9e734916976557446fa30,,В Татарстане завершили установку интеллектуальных транспортных систем в городских агломерациях в рамках национального проекта «Инфрастр — улица Белинского,resolved,2026-09-05T09:26:00Z,2026-09-05T19:06:36Z,mo-92701000,street,улица Белинского,49.0800953,55.8539921,low,media,https://aktanysh-rt.ru/news/v-respublike/v-tatarstane-po-nacproektu-obnovili-18-svetoforov-za-1257-mln-rublei,useful,97,False,1,1,True,True,False,ready,[],[],publish_now
evt_0d89b9f4a9325aa4a2b3747e,,В Татарстане завершили установку интеллектуальных транспортных систем в городских агломерациях в рамках национального проекта «Инфрастр — улица Хлебозаводская,resolved,2026-09-05T09:26:00Z,2026-09-05T19:06:36Z,mo-92701000,street,Хлебозаводская улица,49.0504754,55.8430126,low,media,https://aktanysh-rt.ru/news/v-respublike/v-tatarstane-po-nacproektu-obnovili-18-svetoforov-za-1257-mln-rublei,useful,97,False,1,1,True,True,False,ready,[],[],publish_now
evt_1003b549d78d3f84682c7c48,,В Татарстане завершили установку интеллектуальных транспортных систем в городских агломерациях в рамках национального проекта «Инфрастр — улица Челюскина,resolved,2026-09-05T09:26:00Z,2026-09-05T19:06:36Z,mo-92701000,street,улица Челюскина,49.0765409,55.8605381,low,media,https://aktanysh-rt.ru/news/v-respublike/v-tatarstane-po-nacproektu-obnovili-18-svetoforov-za-1257-mln-rublei,useful,97,False,1,1,True,True,False,ready,[],[],publish_now
evt_1a1154db1d099d3d95cc0aa6,,В Татарстане завершили установку интеллектуальных транспортных систем в городских агломерациях в рамках национального проекта «Инфрастр — улица Магистральная,resolved,2026-09-05T09:26:00Z,2026-09-05T19:06:36Z,mo-92701000,territory,,,,low,media,https://aktanysh-rt.ru/news/v-respublike/v-tatarstane-po-nacproektu-obnovili-18-svetoforov-za-1257-mln-rublei,useful,97,False,1,1,True,False,False,ready,[],[],publish_now
evt_310ccff6a81687d32140b12f,,В Татарстане завершили установку интеллектуальных транспортных систем в городских агломерациях в рамках национального проекта «Инфрастр — улица Магистральная,resolved,2026-09-05T09:26:00Z,2026-09-05T19:06:36Z,mo-92701000,territory,,,,low,media,https://aktanysh-rt.ru/news/v-respublike/v-tatarstane-po-nacproektu-obnovili-18-svetoforov-za-1257-mln-rublei,useful,97,False,1,1,True,False,False,ready,[],[],publish_now
evt_44570ec59260244d04646275,,В Татарстане завершили установку интеллектуальных транспортных систем в городских агломерациях в рамках национального проекта «Инфрастр — Хлебный проезд,resolved,2026-09-05T09:26:00Z,2026-09-05T19:06:36Z,mo-92730000,site,Трубный проезд / Хлебный проезд,52.4207008,55.7161402,low,media,https://aktanysh-rt.ru/news/v-respublike/v-tatarstane-po-nacproektu-obnovili-18-svetoforov-za-1257-mln-rublei,useful,97,False,1,1,True,True,False,ready,[],[],publish_now
evt_4698f88e61c26f658e6d45c4,,В Татарстане завершили установку интеллектуальных транспортных систем в городских агломерациях в рамках национального проекта «Инфрастр — улица Айдарова,resolved,2026-09-05T09:26:00Z,2026-09-05T19:06:36Z,mo-92701000,street,улица Айдарова,49.0554499,55.8701784,low,media,https://aktanysh-rt.ru/news/v-respublike/v-tatarstane-po-nacproektu-obnovili-18-svetoforov-za-1257-mln-rublei,useful,97,False,1,1,True,True,False,ready,[],[],publish_now
evt_47137d8b6a62e8589fe42344,,В Татарстане завершили установку интеллектуальных транспортных систем в городских агломерациях в рамках национального проекта «Инфрастр — Индустриальный проезд,resolved,2026-09-05T09:26:00Z,2026-09-05T19:06:36Z,mo-92730000,site,Трубный проезд / Индустриальный проезд,52.4272017,55.7123219,low,media,https://aktanysh-rt.ru/news/v-respublike/v-tatarstane-po-nacproektu-obnovili-18-svetoforov-za-1257-mln-rublei,useful,97,False,1,1,True,True,False,ready,[],[],publish_now
evt_4730f82076330d28c10488f3,,В Татарстане завершили установку интеллектуальных транспортных систем в городских агломерациях в рамках национального проекта «Инфрастр — улица Поперечно-Кукушкинская,resolved,2026-09-05T09:26:00Z,2026-09-05T19:06:36Z,mo-92701000,territory,,,,low,media,https://aktanysh-rt.ru/news/v-respublike/v-tatarstane-po-nacproektu-obnovili-18-svetoforov-za-1257-mln-rublei,useful,97,False,1,1,True,False,False,ready,[],[],publish_now
evt_4dc9a4f36007ec66c8ea0e2e,,"В Татарстане завершили установку интеллектуальных транспортных систем в городских агломерациях в рамках национального проекта «Инфрастр — улица Магистральная, дом 33",resolved,2026-09-05T09:26:00Z,2026-09-05T19:06:36Z,mo-92701000,building,"Магистральная улица, 33",49.10534945,55.74542005,low,media,https://aktanysh-rt.ru/news/v-respublike/v-tatarstane-po-nacproektu-obnovili-18-svetoforov-za-1257-mln-rublei,useful,97,False,1,1,True,True,False,ready,[],[],publish_now
evt_66e7680bd53dd66c8d95671e,,В Татарстане завершили установку интеллектуальных транспортных систем в городских агломерациях в рамках национального проекта «Инфрастр — улица Машиностроительная,resolved,2026-09-05T09:26:00Z,2026-09-05T19:06:36Z,mo-92730000,territory,,,,low,media,https://aktanysh-rt.ru/news/v-respublike/v-tatarstane-po-nacproektu-obnovili-18-svetoforov-za-1257-mln-rublei,useful,97,False,1,1,True,False,False,ready,[],[],publish_now
evt_85b21d6b3a4e06b2481b124e,,В Татарстане завершили установку интеллектуальных транспортных систем в городских агломерациях в рамках национального проекта «Инфрастр — улица Машиностроительная,resolved,2026-09-05T09:26:00Z,2026-09-05T19:06:36Z,mo-92730000,territory,,,,low,media,https://aktanysh-rt.ru/news/v-respublike/v-tatarstane-po-nacproektu-obnovili-18-svetoforov-za-1257-mln-rublei,useful,97,False,1,1,True,False,False,ready,[],[],publish_now
evt_a9eba18924afa8172c4e1a7f,,В Татарстане завершили установку интеллектуальных транспортных систем в городских агломерациях в рамках национального проекта «Инфрастр — улица Габишева,resolved,2026-09-05T09:26:00Z,2026-09-05T19:06:36Z,mo-92701000,street,улица Комиссара Габишева,49.2392611,55.7484647,low,media,https://aktanysh-rt.ru/news/v-respublike/v-tatarstane-po-nacproektu-obnovili-18-svetoforov-za-1257-mln-rublei,useful,97,False,1,1,True,True,False,ready,[],[],publish_now
evt_b40fde80c55ff21e212d6b11,,В Татарстане завершили установку интеллектуальных транспортных систем в городских агломерациях в рамках национального проекта «Инфрастр — улица Яшь Кыч,resolved,2026-09-05T09:26:00Z,2026-09-05T19:06:36Z,mo-92701000,street,улица Яшь Кыч,49.1098624,55.7521628,low,media,https://aktanysh-rt.ru/news/v-respublike/v-tatarstane-po-nacproektu-obnovili-18-svetoforov-za-1257-mln-rublei,useful,97,False,1,1,True,True,False,ready,[],[],publish_now
evt_c1e136d67b85206de38cda4d,,В Татарстане завершили установку интеллектуальных транспортных систем в городских агломерациях в рамках национального проекта «Инфрастр — улица Кулагина,resolved,2026-09-05T09:26:00Z,2026-09-05T19:06:36Z,mo-92701000,territory,,,,low,media,https://aktanysh-rt.ru/news/v-respublike/v-tatarstane-po-nacproektu-obnovili-18-svetoforov-za-1257-mln-rublei,useful,97,False,1,1,True,False,False,ready,[],[],publish_now
evt_c9469b22bcea458e6a557fd2,,В Татарстане завершили установку интеллектуальных транспортных систем в городских агломерациях в рамках национального проекта «Инфрастр — улица Машиностроительная,resolved,2026-09-05T09:26:00Z,2026-09-05T19:06:36Z,mo-92730000,territory,,,,low,media,https://aktanysh-rt.ru/news/v-respublike/v-tatarstane-po-nacproektu-obnovili-18-svetoforov-za-1257-mln-rublei,useful,97,False,1,1,True,False,False,ready,[],[],publish_now
evt_cbb21523597fad6f94a0a542,,В Татарстане завершили установку интеллектуальных транспортных систем в городских агломерациях в рамках национального проекта «Инфрастр — улица Магистральная,resolved,2026-09-05T09:26:00Z,2026-09-05T19:06:36Z,mo-92701000,territory,,,,low,media,https://aktanysh-rt.ru/news/v-respublike/v-tatarstane-po-nacproektu-obnovili-18-svetoforov-za-1257-mln-rublei,useful,97,False,1,1,True,False,False,ready,[],[],publish_now
evt_d3810f1a2e11a8420660787c,,В Татарстане завершили установку интеллектуальных транспортных систем в городских агломерациях в рамках национального проекта «Инфрастр — Производственный проезд,resolved,2026-09-05T09:26:00Z,2026-09-05T19:06:36Z,mo-92730000,site,Трубный проезд / Производственный проезд,52.4328069,55.7090397,low,media,https://aktanysh-rt.ru/news/v-respublike/v-tatarstane-po-nacproektu-obnovili-18-svetoforov-za-1257-mln-rublei,useful,97,False,1,1,True,True,False,ready,[],[],publish_now
evt_d406865fb3538d4cc93a822f,,В Татарстане завершили установку интеллектуальных транспортных систем в городских агломерациях в рамках национального проекта «Инфрастр — улица Учительская,resolved,2026-09-05T09:26:00Z,2026-09-05T19:06:36Z,mo-92701000,territory,,,,low,media,https://aktanysh-rt.ru/news/v-respublike/v-tatarstane-po-nacproektu-obnovili-18-svetoforov-za-1257-mln-rublei,useful,97,False,1,1,True,False,False,ready,[],[],publish_now
evt_d5bb478347be41b0b1837eed,,В Татарстане завершили установку интеллектуальных транспортных систем в городских агломерациях в рамках национального проекта «Инфрастр — улица Лукина,resolved,2026-09-05T09:26:00Z,2026-09-05T19:06:36Z,mo-92701000,territory,,,,low,media,https://aktanysh-rt.ru/news/v-respublike/v-tatarstane-po-nacproektu-obnovili-18-svetoforov-za-1257-mln-rublei,useful,97,False,1,1,True,False,False,ready,[],[],publish_now
evt_e054c3775173e7e18f5abc53,,В Татарстане завершили установку интеллектуальных транспортных систем в городских агломерациях в рамках национального проекта «Инфрастр — улица Яркая,resolved,2026-09-05T09:26:00Z,2026-09-05T19:06:36Z,mo-92701000,street,Яркая улица,49.2644329,55.7467209,low,media,https://aktanysh-rt.ru/news/v-respublike/v-tatarstane-po-nacproektu-obnovili-18-svetoforov-za-1257-mln-rublei,useful,97,False,1,1,True,True,False,ready,[],[],publish_now
evt_e0c3ac9f8211d8f46b21bf25,,В Татарстане завершили установку интеллектуальных транспортных систем в городских агломерациях в рамках национального проекта «Инфрастр — улица Кул Гали,resolved,2026-09-05T09:26:00Z,2026-09-05T19:06:36Z,mo-92701000,street,улица Кул Гали,49.2243727,55.7539028,low,media,https://aktanysh-rt.ru/news/v-respublike/v-tatarstane-po-nacproektu-obnovili-18-svetoforov-za-1257-mln-rublei,useful,97,False,1,1,True,True,False,ready,[],[],publish_now
evt_eb56600dce5f4b76fd965cf9,,В Татарстане завершили установку интеллектуальных транспортных систем в городских агломерациях в рамках национального проекта «Инфрастр — улица Магистральная,resolved,2026-09-05T09:26:00Z,2026-09-05T19:06:36Z,mo-92701000,territory,,,,low,media,https://aktanysh-rt.ru/news/v-respublike/v-tatarstane-po-nacproektu-obnovili-18-svetoforov-za-1257-mln-rublei,useful,97,False,1,1,True,False,False,ready,[],[],publish_now
evt_f15d5612a567874f49a9a84f,,В Татарстане завершили установку интеллектуальных транспортных систем в городских агломерациях в рамках национального проекта «Инфрастр — улица Тэцевская,resolved,2026-09-05T09:26:00Z,2026-09-05T19:06:36Z,mo-92701000,street,Тэцевская улица,48.9655146,55.8622166,low,media,https://aktanysh-rt.ru/news/v-respublike/v-tatarstane-po-nacproektu-obnovili-18-svetoforov-za-1257-mln-rublei,useful,97,False,1,1,True,True,False,ready,[],[],publish_now
evt_37914198d3382d17d7258f84,,Россия – Ислам дөньясы» төркеме «Алтын мөнбәр»дә ун фильмны бәяләячәк,reported,2026-09-05T09:25:00Z,2026-09-05T19:06:43Z,mo-92701000,territory,,,,low,media,https://zamansulyshy.ru/news/yanaliklar/rossiia-islam-doniasy-torkeme-altyn-monbarda-un-filmny-baialaiacak,context,0,False,1,1,False,False,False,needs_review,['not_editorially_useful'],[],context
evt_db6947ed349b0c2c8476fc8d,,В Кармановском сельском клубе открылась выставка творчества трёх поколений,resolved,2026-09-05T09:15:02Z,2026-09-05T19:06:29Z,mo-92627000,territory,,,,low,media,https://t.me/zainsknews/61054,useful,87,False,1,1,True,False,False,ready,[],[],publish_now
evt_a027d64a9dcfd34cfa21f444,,Исеме – Мактау тактасында,unknown,2026-09-05T09:04:38Z,2026-09-05T19:06:31Z,mo-92642000,territory,,,,low,media,https://t.me/muslumirc/44305,context,0,False,1,1,False,False,False,needs_review,['not_editorially_useful'],[],context
evt_5391791c57f34709aa13f15e,,В Татарстане за неделю зафиксировано снижение цен на мясо,unknown,2026-09-05T09:00:00Z,2026-09-05T19:06:40Z,mo-92622000,territory,,,,low,media,https://biektaw.ru/news/v-respublike/v-tatarstane-za-nedeliu-zafiksirovano-snizenie-cen-na-miaso,context,0,False,1,1,False,False,False,needs_review,['not_editorially_useful'],[],context
evt_b403c1490c3746d8ab2c3170,,В Челнах загорелся термальный комплекс на Гэсе,reported,2026-09-05T08:44:11Z,2026-09-05T19:06:35Z,mo-92730000,territory,,,,low,media,https://t.me/chelnytv/46180,context,20,False,1,1,False,False,False,needs_review,['not_editorially_useful'],[],priority_review
evt_b73e47c0122cb848db796757,,Охотники Мензелинского района открыли сезон добычи пернатой дичи,resolved,2026-09-05T08:34:00Z,2026-09-05T19:06:44Z,mo-92640000,territory,,,,low,media,https://menzela.ru/news/tema-dnya/oxotniki-menzelinskogo-raiona-otkryli-sezon-dobyci-pernatoi-dici,context,59,False,1,1,False,False,False,needs_review,['not_editorially_useful'],[],priority_review
evt_97628bd310ae1f23419e9cf9,,В Нижнекамске прокуратура выявила незаконную выдачу потребительских займов под видом комиссионной торговли.,unknown,2026-09-05T08:30:07Z,2026-09-05T19:06:31Z,mo-92644101,settlement,Нижнекамск,51.8160376,55.6412879,low,media,https://t.me/ntr24ru/45271,context,20,False,1,1,False,False,False,needs_review,['not_editorially_useful'],[],priority_review
evt_a5c682a887385e5cb3da0ac2,,"На обновление 18 светофоров в Татарстане направили 125,7 млн рублей",reported,2026-09-05T08:16:00Z,2026-09-05T19:06:43Z,mo-92638000,territory,,,,low,media,https://mamadysh-rt.ru/news/obshchestvo/na-obnovlenie-18-svetoforov-v-tatarstane-napravili-1257-mln-rublei,context,16,False,1,1,False,False,False,needs_review,['not_editorially_useful'],[],priority_review
evt_13a4ba224970ab93d2303801,,В Челнах задымился термальный комплекс Cleversport,reported,2026-09-05T08:12:32Z,2026-09-05T19:06:34Z,mo-92730000,territory,,,,low,media,https://t.me/chelny_news1/48660,context,30,False,1,1,False,False,False,needs_review,['not_editorially_useful'],[],priority_review
evt_9838acc49654651c0d4f69de,,Открытое горение удалось ликвидировать уже в 9:30.,reported,2026-09-05T08:07:00Z,2026-09-05T19:06:46Z,mo-92730000,territory,,,,low,media,https://chelny-izvest.ru/news/proisshestviya/pozarnye-nazvali-istocnik-dyma-v-termalnom-komplekse-cleversport,context,46,False,1,1,False,False,False,needs_review,['not_editorially_useful'],[],priority_review
evt_1e4836dd21845d6acfa099c7,,В Мамадышском районе закупочная цена на молоко у частных хозяйств выросла до 27 рублей за литр,unknown,2026-09-05T08:00:26Z,2026-09-05T19:06:30Z,mo-92638000,territory,,,,low,media,https://t.me/novosti_mamadysha/63918,useful,87,False,1,1,True,False,False,ready,[],[],publish_now
evt_538b98d5ecb4d87b89425b4c,,"Кәче авылында Казансу аша ел әйләнәсе йөрү мөмкинлеге бирәчәк яңа күпер төзелә. Ул авылның ике өлешен тоташтырып, язгы ташу вакытында юл өзелү проблемасын хәл итәргә тиеш.",in_progress,2026-09-05T07:25:06Z,2026-09-05T19:06:27Z,mo-92612422,settlement,Качелино,49.8120355,56.0584119,low,media,https://t.me/arskmedia/27614,useful,87,False,1,1,True,False,False,ready,[],[],publish_now
evt_f91459dac2a3c6d016d66afe,,Татарстанда илкүләм проект буенча светофорларны модернизацияләү эшләре төгәлләнде,reported,2026-09-05T07:15:00Z,2026-09-05T19:06:46Z,mo-92658000,territory,,,,low,media,https://nashcheremshan.ru/news/respublikada/tatarstanda-ilkulam-proekt-buenca-svetoforlarny-modernizaciialau-eslare-togallande,context,16,False,1,1,False,False,False,needs_review,['not_editorially_useful'],[],priority_review
evt_d3106a5f1a7638f24598fac8,,Казанда штрафстоянкага 50 электр самокаты җибәргәннәр,unknown,2026-09-05T07:12:00Z,2026-09-05T19:06:46Z,mo-92656000,territory,,,,low,media,https://tulachi.ru/news/v-respublike/kazanda-strafstoiankaga-50-elektr-samokaty-ibargannar,context,0,False,1,1,False,False,False,needs_review,['not_editorially_useful'],[],context
evt_fa17d4ea3956d646fe2e5649,,Казанда яңа торак комплексы барлыкка киләчәк,in_progress,2026-09-05T07:10:00Z,2026-09-05T19:06:46Z,mo-92701000,territory,,,,low,media,https://tulachi.ru/news/v-respublike/kazanda-iana-torak-kompleksy-barlykka-kilacak,context,59,False,1,1,False,False,False,needs_review,['not_editorially_useful'],[],priority_review
evt_14ecb047960731a2081dfe78,,Россиядә картлык буенча пенсиянең уртача күләме 29 мең сумнан артып китәргә мөмкин,unknown,2026-09-05T07:00:00Z,2026-09-05T19:06:38Z,mo-92613000,territory,,,,low,media,https://atnya-rt.ru/news/khbrlr/rossiiada-kartlyk-buenca-pensiianen-urtaca-kulame-29-men-sumnan-artyp-kitarga-momkin,context,0,False,1,1,False,False,False,needs_review,['not_editorially_useful'],[],context
evt_1c7a10fcf8427a298a69fbb8,,Лучшее время для помощи — любое время ❤️,unknown,2026-09-05T06:59:01Z,2026-09-05T19:06:47Z,mo-92701000,territory,,,,low,official,https://t.me/kzn_official/23603,context,20,False,1,1,False,False,False,needs_review,['not_editorially_useful'],[],priority_review
evt_d12b654a61111c0b31cf8054,,"Казансу елгасы аша салыначак яңа корылма авылның ике өлешен тоташтырып, язгы ташу вакытында юл өзелү мәсьәләсен хәл итәргә тиеш.",in_progress,2026-09-05T06:44:00Z,2026-09-05T19:06:38Z,mo-92612000,territory,,,,low,media,https://arskmedia.ru/news/rayon-yaalyklary/kaceda-kazansu-asa-iana-kuper-tozela,useful,87,False,1,1,True,False,False,ready,[],[],publish_now
evt_289b5719a7bc77eaf4af6558,,"Работы прошли на перекрестках: 🚦Трубный проезд – Производственный проезд, 🚦Трубный проезд – Хлебный проезд 🚦Трубный проезд – Индустриал — Хлебный проезд",reported,2026-09-05T06:32:12Z,2026-09-05T19:06:34Z,mo-92730000,site,Трубный проезд / Хлебный проезд,52.4207008,55.7161402,low,media,https://t.me/chelny_news1/48658,useful,97,False,1,1,True,True,False,ready,[],[],publish_now
evt_5aeef7edb555d9d4b8ab2ba9,,"Работы прошли на перекрестках: 🚦Трубный проезд – Производственный проезд, 🚦Трубный проезд – Хлебный проезд 🚦Трубный проезд – Индустриал — Производственный проезд",reported,2026-09-05T06:32:12Z,2026-09-05T19:06:34Z,mo-92730000,site,Трубный проезд / Производственный проезд,52.4328069,55.7090397,low,media,https://t.me/chelny_news1/48658,useful,97,False,1,1,True,True,False,ready,[],[],publish_now
evt_98bff1317d142784ef222c46,,"Работы прошли на перекрестках: 🚦Трубный проезд – Производственный проезд, 🚦Трубный проезд – Хлебный проезд 🚦Трубный проезд – Индустриал — Индустриальный проезд",reported,2026-09-05T06:32:12Z,2026-09-05T19:06:34Z,mo-92730000,site,Трубный проезд / Индустриальный проезд,52.4272017,55.7123219,low,media,https://t.me/chelny_news1/48658,useful,97,False,1,1,True,True,False,ready,[],[],publish_now
evt_f740c22b6a0284a29b3533d5,,"Работы прошли на перекрестках: 🚦Трубный проезд – Производственный проезд, 🚦Трубный проезд – Хлебный проезд 🚦Трубный проезд – Индустриал — улица Машиностроительная",reported,2026-09-05T06:32:12Z,2026-09-05T19:06:34Z,mo-92730000,territory,,,,low,media,https://t.me/chelny_news1/48658,useful,97,False,1,1,True,False,False,ready,[],[],publish_now
evt_5bf1dfba520105fd2cbeddf6,,ХӨРМӘТЛЕ РАЙОНДА ЯШӘҮЧЕЛӘР!,reported,2026-09-05T06:10:12Z,2026-09-05T19:06:33Z,mo-92656000,territory,,,,low,media,https://t.me/TulInformm/35582,context,0,False,1,1,False,False,False,needs_review,['not_editorially_useful'],[],context
evt_fa48242debf8638f75cc0af9,,В Татарстане модернизировали 18 светофоров в рамках нацпроекта «Инфраструктура для жизни»,unknown,2026-09-05T06:07:00Z,2026-09-05T19:06:45Z,mo-92648000,territory,,,,low,media,https://pestrecy-rt.ru/news/v-respublike/v-tatarstane-modernizirovali-18-svetoforov-v-ramkax-nacproekta-infrastruktura-dlia-zizni,context,67,False,1,1,False,False,False,needs_review,['not_editorially_useful'],[],priority_review
evt_d9fc5c715b8409738579ffee,,"В конце 90-х перешла в бухгалтерию Гостелерадио Татарстана, а в начале 2000-х устроилась работать в Республиканскую клиническую больницу (РКБ), где трудилась до",reported,2026-09-05T06:04:01Z,2026-09-05T19:06:30Z,mo-92630151,territory,,,,low,media,https://t.me/volzhskie/36101,context,36,False,1,1,False,False,False,needs_review,['not_editorially_useful'],[],priority_review
evt_e5a3eb560fc608444d8eb838,,"В Казани проходит XVI Международный салон «Комплексная безопасность – 2026». А в рамках подготовки к форуму в Татарстане был построен современный учебно-тренировочный полигон для пожарных и спасателей - вместе с Министром РФ по делам гражданской обороны, чрезвычайным ситуациям и ликвидации последствий стихийных бедствий ознакомились с его работой. Это дополнительные возможности для наших спасателей тренироваться, приобретать новые навыки для спасения жизни наших людей!",resolved,2026-09-05T06:02:44Z,2026-09-05T19:06:29Z,mo-92701000,settlement,Казань,49.1115022,55.7946485,low,media,https://t.me/zpravda/108600,context,20,False,1,1,False,False,False,needs_review,['not_editorially_useful'],[],priority_review
evt_c1b8295b513a3903828dbb84,,Марат Ахметов оценил ход уборочных работ и строительство молочного комплекса в Агрызском районе,planned,2026-09-05T05:00:00Z,2026-09-05T19:06:35Z,mo-92601101,territory,,,,low,media,https://agryz-rt.ru/news/pecatnaia-versiia/marat-axmetov-ocenil-xod-uborocnyx-rabot-i-stroitelstvo-molocnogo-kompleksa-v-agryzskom-raione,useful,87,False,1,1,False,False,False,needs_review,['open_state_text_looks_finished'],[],priority_review
evt_f182b9f33e503bb5eacc36da,,Водителя Infiniti из Мамадышского района лишили прав за пьяную езду,unknown,2026-09-05T05:00:00Z,2026-09-05T19:06:43Z,mo-92638000,territory,,,,low,media,https://mamadysh-rt.ru/news/dorozhnyy-patrul/voditelia-infiniti-iz-mamadysskogo-raiona-lisili-prav-za-pianuiu-ezdu,context,20,False,1,1,False,False,False,needs_review,['not_editorially_useful'],[],priority_review
evt_9c2c12880d3caf9dc013b34a,,Экс-министр связи России стал фигурантом дела о миллиардной пирамиде Finiko,unknown,2026-09-05T04:36:51Z,2026-09-05T19:06:34Z,mo-92730000,territory,,,,low,media,https://t.me/chelny_news1/48656,context,36,False,1,1,False,False,False,needs_review,['not_editorially_useful'],[],priority_review
evt_c03e23637fe2f32c53c9268b,,"Отключение водоснабжения по адресу Вахитовский, Малая Красная, 7",planned,2026-09-05,2026-09-05T18:00:55Z,mo-92701000,building,"Малая Красная улица, 7",49.12806471655345,55.79839135,medium,utility,https://www.kznvodokanal.ru/accident#water-c776cdea8699a3942b387fe4,useful,97,False,2,1,True,True,False,ready,[],[],publish_now
evt_5d692266e1362f0bdf954dfa,,"Отключение водоснабжения в Ново-Савиновском районе, Ямашева проспект, 28",planned,2026-09-04T21:00:00Z,2026-09-05T15:48:02Z,mo-92701000,building,"проспект Ямашева, 28",49.09544985263713,55.82772165,medium,utility,https://www.kznvodokanal.ru/accident#water-7bd706fc536fae562d0d9a0e,useful,97,False,3,1,True,True,False,ready,[],[],publish_now
evt_788bb2b2fadc5a400a679fb4,,"Отключение водоснабжения на МАЛАЯ КРАСНАЯ, 7",planned,2026-09-04T21:00:00Z,2026-09-05T15:48:23Z,mo-92701000,building,"Малая Красная улица, 7",49.12806471655345,55.79839135,medium,utility,https://www.kznvodokanal.ru/accident#water-319f634f6436e5d012f2a307,useful,97,False,2,1,True,True,False,ready,[],[],publish_now
evt_c2895a8f83af2868fb890528,,Арча районында 100нче мәчет!,reported,2026-09-04T19:06:55Z,2026-09-05T19:06:27Z,mo-92612151,territory,,,,low,media,https://t.me/arskmedia/27610,useful,62,False,1,1,True,False,False,ready,[],[],publish_now
evt_2052b8a40420adc411cfe76e,,"По состоянию на 2026 год в республике работают шесть таких площадок с продукцией местных производителей, причем три из них открылись в текущем году.",resolved,2026-09-04T19:00:00Z,2026-09-05T19:06:40Z,mo-92622000,territory,,,,low,media,https://biektaw.ru/news/selskoe-hozyaystvo/tatarstan-zanial-vtoroe-mesto-v-rossii-po-cislu-fermerskix-ostrovkov,context,59,False,1,1,False,False,False,needs_review,['not_editorially_useful'],[],priority_review
evt_ab36b8332de5fd9ce8c91cd5,,Татарстан показал высокие результаты в федеральных и окружных молодёжных проектах,unknown,2026-09-04T18:30:00Z,2026-09-05T19:06:39Z,mo-92617000,territory,,,,low,media,https://bugulma-tatarstan.ru/news/news/tatarstan-pokazal-vysokie-rezultaty-v-federalnyx-i-okruznyx-molodeznyx-proektax,context,0,False,1,1,False,False,False,needs_review,['not_editorially_useful'],[],context
evt_1d66d865c4224ce9424f3502,,В последний месяц активно ведется ремонт дорог на нескольких участках.,unknown,2026-09-04T18:23:01Z,2026-09-05T19:06:26Z,mo-92608101,territory,,,,low,media,https://t.me/uvt24/32684,context,0,False,1,1,False,False,False,needs_review,['not_editorially_useful'],[],context
evt_7bd49adc108617f6011ee1d5,,Устранение аварий не терпит отлагательств. Срочные работы начаты на проспекте Универсиады,in_progress,2026-09-04T17:52:37Z,2026-09-05T19:06:48Z,mo-92701000,territory,,,,low,official,https://t.me/kvb_kzn/3872,useful,97,False,1,1,True,False,False,ready,[],[],publish_now
evt_389261652c81af8fcec93daa,,"Собранные у обманутых россиян деньги якобы выводились за границу через фирму, связанную со строительством и управлением недвижимостью в Иннополисе.",reported,2026-09-04T17:32:30Z,2026-09-05T19:06:25Z,,territory,,,,low,media,https://t.me/tatmediaofficial/158594,useful,70,False,1,1,True,False,False,ready,[],[],publish_now
evt_80507798da4317bb4f3e1c83,,"OpenAI, Google и Microsoft объединились против... самих себя? Более 100 IT-компаний предупреждают: ИИ может стать глобальной и опасной проблемой",unknown,2026-09-04T17:05:01Z,2026-09-05T19:06:28Z,mo-92617000,territory,,,,low,media,https://t.me/bugulgazeta/58352,context,0,False,1,1,False,False,False,needs_review,['not_editorially_useful'],[],context
evt_5af825c5a9d7857a2ae20ad5,,"Россиядә картлык буенча иминият пенсиясенең уртача күләме 2027 елда 29 мең сумнан артып китәргә мөмкин, дип хәбәр итте РИА Новостига РФ Хөкүмәте каршындагы Финанс университеты профессоры Александр Сафонов.",unknown,2026-09-04T16:34:01Z,2026-09-05T19:06:27Z,mo-92613000,territory,,,,low,media,https://t.me/atnatani/14063,context,0,False,1,1,False,False,False,needs_review,['not_editorially_useful'],[],context
evt_33af5968e2a4643e6a14db33,,Молодежь Татарстана добилась новых успехов в проектах ПФО,unknown,2026-09-04T16:30:00Z,2026-09-05T19:06:37Z,mo-92608000,territory,,,,low,media,https://almetievsk-ru.ru/news/goryachie-novosti/molodez-tatarstana-dobilas-novyx-uspexov-v-proektax-pfo,context,42,False,1,1,False,False,False,needs_review,['not_editorially_useful'],[],priority_review
evt_9a3990661913a6858bb0b630,,В Лаишевском районе открылись учебно-тренировочный комплекс МЧС России и новая пожарная часть,resolved,2026-09-04T16:21:00Z,2026-09-05T19:06:42Z,mo-92634480,territory,,,,low,media,https://laishevskyi.ru/news/tema-dnya/v-laisevskom-raione-otkrylis-ucebno-trenirovocnyi-kompleks-mcs-rossii-i-novaia-pozarnaia-cast,useful,79,False,1,1,True,False,False,ready,[],[],publish_now
evt_6a65921cdfa246ed1464c5f6,,"С началом учебного года на улицах стало больше детей, а значит, вопросы безопасности на дорогах выходят на первый план.",reported,2026-09-04T16:20:25Z,2026-09-05T19:06:29Z,mo-92628101,territory,,,,low,media,https://t.me/zpravda/108584,context,36,False,1,1,False,False,False,needs_review,['not_editorially_useful'],[],priority_review
evt_c0a2da45e9884ec13f3f253a,,Зеркала на заказ в Новосибирске,reported,2026-09-04T16:13:36Z,2026-09-04T20:37:25Z,mo-92658000,territory,,,,low,media,https://t.me/n_chrmshn/18607,noise,20,False,2,1,False,False,False,needs_review,['not_editorially_useful'],[],hide_noise
evt_9a66cd874df33eb29e271b63,,Сейчас средний возраст пациентов врача-пульмонолога — от 25 до 35 лет.,reported,2026-09-04T16:10:02Z,2026-09-05T19:06:31Z,,territory,,,,low,media,https://t.me/ntr24ru/45263,context,16,False,1,1,False,False,False,needs_review,['not_editorially_useful'],[],priority_review
evt_c8baf8cf31c35d4a8a58a943,,МАКС и Телеграм:,unknown,2026-09-04T16:01:36Z,2026-09-04T20:24:18Z,mo-92645000,territory,,,,low,media,https://t.me/shesmauk/35812,noise,0,False,2,1,False,False,False,needs_review,['not_editorially_useful'],[],hide_noise
evt_72d44a88200aef35874def34,,"В Казани проходит XVI Международный салон «Комплексная безопасность – 2026». А в рамках подготовки к форуму в Татарстане был построен современный учебно-тренировочный полигон для пожарных и спасателей - вместе с Министром РФ по делам гражданской обороны, чрезвычайным ситуациям и ликвидации последствий стихийных бедствий ознакомились с его работой. Это дополнительные возможности для наших спасателей тренироваться, приобретать новые навыки для спасения жизни наших людей!",resolved,2026-09-04T15:59:28Z,2026-09-05T19:06:25Z,mo-92701000,settlement,Казань,49.1115022,55.7946485,low,media,https://t.me/tatmediaofficial/158579,context,20,False,1,1,False,False,False,needs_review,['not_editorially_useful'],[],priority_review
evt_989d0743c8b389909794b1b3,,Работы проходят в рамках капитального ремонта дома.,in_progress,2026-09-04T15:37:40Z,2026-09-05T19:06:29Z,,territory,,,,low,media,https://t.me/ElabugaNK/46280,useful,89,False,1,1,True,False,False,ready,[],[],publish_now
evt_0cdb787befb98b9ab20e1a70,,Разбираем три главных нововведения и что они значат для жителей .,reported,2026-09-04T15:35:02Z,2026-09-05T19:06:28Z,mo-92617000,territory,,,,low,media,https://t.me/bugulgazeta/58351,context,0,False,1,1,False,False,False,needs_review,['not_editorially_useful'],[],context
evt_db25314da68070dea582d8e5,,HR-руководители 45 предприятий Татарстана изучили опыт «Казаньоргсинтеза»,reported,2026-09-04T15:26:00Z,2026-09-05T19:06:37Z,mo-92608000,territory,,,,low,media,https://almetievsk-ru.ru/news/goryachie-novosti/hr-rukovoditeli-45-predpriiatii-tatarstana-izucili-opyt-kazanyorgsinteza,context,36,False,1,1,False,False,False,needs_review,['not_editorially_useful'],[],priority_review
evt_f825b139f1d7a01c5b6faa24,,Пришло время делать прививки от гриппа,unknown,2026-09-04T15:16:00Z,2026-09-05T19:06:42Z,mo-92634000,territory,,,,low,media,https://laishevskyi.ru/news/sport/prislo-vremia-delat-privivki-ot-grippa,context,0,False,1,1,False,False,False,needs_review,['not_editorially_useful'],[],context
evt_fce90fd9dfe4d0b3e73f68c8,,Яшел Үзән районында 64 ишегалды ремонтланган,unknown,2026-09-04T15:10:00Z,2026-09-05T19:06:42Z,mo-92628101,territory,,,,low,media,https://yashel-uzan.ru/news/yashәesh/iasel-uzan-raionynda-64-isegaldy-remontlangan,context,20,False,1,1,False,False,False,needs_review,['not_editorially_useful'],[],priority_review
evt_7321460cb18da2b65d97b747,,Россияне смогут подтверждать льготы на проезд через приложение МАКС с 1 сентября,reported,2026-09-04T15:08:00Z,2026-09-05T19:06:38Z,mo-92604000,territory,,,,low,media,https://aksubayevo.ru/news/news/rossiiane-smogut-podtverzdat-lgoty-na-proezd-cerez-prilozenie-maks-s-1-sentiabria,context,16,False,1,1,False,False,False,needs_review,['not_editorially_useful'],[],priority_review
evt_c70e2bc91303dd3faba12ba7,,"Яшьлек"" яшьләр үзәге грантлар конкурсында откан проектын тормышка ашыра башлады",reported,2026-09-04T15:05:28Z,2026-09-05T19:06:32Z,,territory,,,,low,media,https://t.me/sabatannars/47529,context,20,False,1,1,False,False,False,needs_review,['not_editorially_useful'],[],priority_review
evt_d7021b6d5b986a7e27994927,,"Когда тебе платят больше, чем ты зарабатывал за неделю, мозг отключается. Но даже в сети у каждого действия есть последствия. И папин звонок — это лишь начало.",reported,2026-09-04T15:05:12Z,2026-09-05T19:06:26Z,mo-92606000,territory,,,,low,media,https://t.me/zariaaleks/32378,context,0,False,1,1,False,False,False,needs_review,['not_editorially_useful'],[],context
evt_642b601633b09cf9e92e876b,,В Лаишевском районе открылись учебно-тренировочный комплекс МЧС России и новая пожарная часть,resolved,2026-09-04T15:01:57Z,2026-09-05T19:06:30Z,mo-92634480,territory,,,,low,media,https://t.me/novayakama/54804,useful,79,False,1,1,True,False,False,ready,[],[],publish_now
evt_6bc087bfc56701125a2a9a39,,Берничә машина катнашында авариядә 26 яшьлек кыз һәлак булган,reported,2026-09-04T15:00:00Z,2026-09-05T19:06:39Z,mo-92615151,territory,,,,low,media,https://baltaci.ru/news/iuxidi-xabar-ita/bernica-masina-katnasynda-avariiada-26-iaslek-kyz-halak-bulgan,context,20,False,1,1,False,False,False,needs_review,['not_editorially_useful'],[],priority_review
evt_0567f62834089d1bf879d3a6,,Рустам Минниханов и Александр Куренков осмотрели выставку «Комплексная безопасность – 2026»,reported,2026-09-04T14:45:17Z,2026-09-05T19:06:25Z,,territory,,,,low,media,https://t.me/tatmediaofficial/158577,useful,79,False,1,1,True,False,False,ready,[],[],publish_now
evt_e4788f87cf235c874d58f7a3,,В Зеленодольске после масштабной реконструкции открыли кузницу будущих чемпионов - Спортивную школу олимпийского резерва.,resolved,2026-09-04T14:31:37Z,2026-09-05T19:06:29Z,mo-92628101,territory,,,,low,media,https://t.me/zpravda/108579,useful,87,False,1,1,True,False,False,ready,[],[],publish_now
evt_207d9c3fd414bdc4a26b7526,,Кыр һәм урып-җыю эшләре вакытында янгын куркынычсызлыгы кагыйдәләре,reported,2026-09-04T14:31:00Z,2026-09-05T19:06:38Z,mo-92612000,territory,,,,low,media,https://arskmedia.ru/news/rayon-yaalyklary/kyr-ham-uryp-yiu-eslare-vakytynda-iangyn-kurkynycsyzlygy-kagyidalare,context,0,False,1,1,False,False,False,needs_review,['not_editorially_useful'],[],context
evt_e9b5afe04aa3701e3f6c66d7,,Всероссийский наставнический проект «Школа межэтнической журналистисты» открыт для слушателей 18–30 лет из всех регионов страны.,resolved,2026-09-04T14:31:00Z,2026-09-05T19:06:44Z,mo-92645000,territory,,,,low,media,https://novoshishminsk.ru/news/v-respublike/skola-mezetniceskoi-zurnalistiki-obieiavliaet-nabor-na-2026-god,useful,87,False,1,1,True,False,False,ready,[],[],publish_now
evt_85751f42e48362dd3a63afab,,В Альметьевском городском суде завершено рассмотрение уголовного дела в отношении врача-гинеколога.,resolved,2026-09-04T14:22:01Z,2026-09-05T19:06:26Z,mo-92608101,settlement,Альметьевск,52.2963777,54.9005008,low,media,https://t.me/uvt24/32682,context,20,False,1,1,False,False,False,needs_review,['not_editorially_useful'],[],priority_review
evt_6bb05ef4a8e6b64d7003120d,,После выхода двух сюжетов ЮВТ-24 об аварийности моста в микрорайоне Урсала - ремонт сделан!,unknown,2026-09-04T14:17:35Z,2026-09-05T19:06:26Z,mo-92608000,territory,,,,low,media,https://t.me/uvt24/32681,context,16,False,1,1,False,False,False,needs_review,['not_editorially_useful'],[],priority_review
evt_c967cc411ebd4d11753fdbf5,,"Сегодня, 4 сентября, на третьи сутки после отключения специалисты НЧТС приступили к поэтапному подключению жилых домов к системе горячего водоснабжения.",resolved,2026-09-04T14:06:48Z,2026-09-05T19:06:35Z,mo-92730000,territory,,,,low,media,https://t.me/chelnytv/46171,useful,87,False,1,1,True,False,False,ready,[],[],publish_now
evt_495cc1af2308ce00bb7587be,,Максим Топилин ЗМКда: «Нәкъ менә шундый коллективлар төбәкнең азык-төлек иминлеген тәэмин итә һәм тармак стандартларын билгели»,reported,2026-09-04T14:04:27Z,2026-09-05T19:06:30Z,mo-92628000,territory,,,,low,media,https://t.me/yasheluzan/54093,context,0,False,1,1,False,False,False,needs_review,['not_editorially_useful'],[],context
evt_becd1751535cf6aa085edcd1,,"Завтра ночью и днем местами ожидается гроза с кратковременными усилениями ветра до 15-20 м/с, днем возможен град.",planned,2026-09-04T14:00:36Z,2026-09-05T19:06:30Z,mo-92634000,territory,,,,low,media,https://t.me/novayakama/54803,context,0,False,1,1,False,False,False,needs_review,['not_editorially_useful'],[],context
evt_7331feaaccff673048f58e3f,,В Татарстане раскрыли 25 нелегальных кредиторов,unknown,2026-09-04T14:00:00Z,2026-09-05T19:06:44Z,mo-92646000,territory,,,,low,media,https://nurlat-tat.ru/news/finansovaya-gramotnost/v-tatarstane-raskryli-25-nelegalnyx-kreditorov,context,0,False,1,1,False,False,False,needs_review,['not_editorially_useful'],[],context
evt_95d57842d32025e4366cf8fb,,Какие дипломы сегодня помогают быстрее найти работу,reported,2026-09-04T14:00:00Z,2026-09-05T19:06:40Z,mo-92622000,territory,,,,low,media,https://biektaw.ru/news/v-rossii/kakie-diplomy-segodnia-pomogaiut-bystree-naiti-rabotu,context,16,False,1,1,False,False,False,needs_review,['not_editorially_useful'],[],priority_review
evt_6cbaf4f25060896244639cfe,,Ветеринарный фельдшер из Мамадышского района отмечена благодарностью Минсельхоза РТ,reported,2026-09-04T13:38:23Z,2026-09-05T19:06:30Z,mo-92638000,territory,,,,low,media,https://t.me/novosti_mamadysha/63897,context,36,False,1,1,False,False,False,needs_review,['not_editorially_useful'],[],priority_review
evt_9131711bc593bd333f421fae,,В Набережных Челнах начали досрочно подавать горячую воду после завершения опрессовки тепловых сетей.,resolved,2026-09-04T13:37:59Z,2026-09-05T19:06:34Z,mo-92730000,territory,,,,low,media,https://t.me/chelny_news1/48618,useful,87,False,1,1,True,False,False,ready,[],[],publish_now
evt_d9efa204bfa1af324b5b4855,,Ремонт моста через Тойму завершат досрочно,reported,2026-09-04T13:36:23Z,2026-09-05T19:06:29Z,,territory,,,,low,media,https://t.me/ElabugaNK/46274,context,50,False,1,1,False,False,False,needs_review,['not_editorially_useful'],[],priority_review
evt_35de20de97534fcdb1d7baf5,,Две операции за один наркоз: врачи КДМЦ Челнов помогли 15-летнему пациенту,reported,2026-09-04T13:33:09Z,2026-09-05T19:06:34Z,mo-92730000,territory,,,,low,media,https://t.me/chelny_news1/48617,context,16,False,1,1,False,False,False,needs_review,['not_editorially_useful'],[],priority_review
evt_954cd8fbe81820203b60246b,,"Разбираем главные нюансы «гаражной амнистии» и рассказываем, как законно оформить постройку, даже если кооператив ликвидирован или границы участка сместились.",unknown,2026-09-04T13:31:30Z,2026-09-05T19:06:33Z,mo-92657000,territory,,,,low,media,https://t.me/yakti_ul/31317,context,0,False,1,1,False,False,False,needs_review,['not_editorially_useful'],[],context
evt_bf76b70a494f8583953d365d,,Всероссийская «Школа межэтнической журналистики» открыла набор слушателей,reported,2026-09-04T13:30:00Z,2026-09-05T19:06:39Z,mo-92620000,territory,,,,low,media,https://vuslon.ru/news/obschestvo/vserossiiskaia-skola-mezetniceskoi-zurnalistiki-otkryla-nabor-slusatelei,context,16,False,1,1,False,False,False,needs_review,['not_editorially_useful'],[],priority_review
evt_cd44052e39bf0dadfaf2c33f,,"👩‍⚕️💼 🤝Мы отправились в Кузкеево, чтобы показать труд этих самоотверженных людей и открыто поговорить о самых острых проблемах современной сельской жизни.",resolved,2026-09-04T13:29:16Z,2026-09-05T19:06:33Z,mo-92657000,territory,,,,low,media,https://t.me/yakti_ul/31316,noise,24,False,1,1,False,False,False,needs_review,['not_editorially_useful'],[],hide_noise
evt_72bef24acdd4e5ce511a9443,,"Не нужно подвергать себя опасности, чтобы увидеть работу пожарных 🔥",unknown,2026-09-04T13:21:29Z,2026-09-05T19:06:47Z,mo-92701000,territory,,,,low,official,https://t.me/kzn_official/23596,context,0,False,1,1,False,False,False,needs_review,['not_editorially_useful'],[],context
evt_13f8f99461ca71b4ee91f80b,,"Встреча прошла в формате открытого диалога: перед земляками отчитался глава поселения Сергей Федоров, а затем выступила заместитель руководителя Исполнительного",reported,2026-09-04T13:13:56Z,2026-09-05T19:06:30Z,mo-92633000,territory,,,,low,media,https://t.me/kukmor_tatarstan/56162,context,36,False,1,1,False,False,False,needs_review,['not_editorially_useful'],[],priority_review
evt_dcf86d9faa7f5a56071871ef,,Всероссийский наставнический проект «Школа межэтнической журналистики» открыл приём заявок на новый учебный год.,reported,2026-09-04T13:05:00Z,2026-09-05T19:06:44Z,mo-92646000,territory,,,,low,media,https://nurlat-tat.ru/news/novosti/startoval-nabor-v-skolu-mezetniceskoi-zurnalistiki,useful,70,False,1,1,True,False,False,ready,[],[],publish_now
evt_b1dfde1c202b09e7faf3f9ca,,"Нина Михайловна Васичкина из Тетюш хранила в сердце воспоминания о войне — она застала её семилетней девочкой. Её отец почти сразу ушёл на фронт, дважды был ранен — под Смоленском и Сталинградом, — и в 1944 году вернулся домой по инвалидности.",unknown,2026-09-04T13:02:26Z,2026-09-05T19:06:33Z,mo-92620465,territory,,,,low,media,https://t.me/tetyushy/51342,context,30,False,1,1,False,False,False,needs_review,['not_editorially_useful'],[],priority_review
evt_18e666462488e0dba3878fa8,,Бүген «Кызыл юл» җәмгыяте базасында терлекчелек буенча зона семинар-киңәшмәсе узды.,unknown,2026-09-04T13:02:23Z,2026-09-05T19:06:28Z,mo-92615000,territory,,,,low,media,https://t.me/xezmet_gazetasi/59753,context,0,False,1,1,False,False,False,needs_review,['not_editorially_useful'],[],context
evt_cee8756e7fa77fa0b3df77f1,,Банк России в I полугодии 2026 года выявил в Татарстане 25 нелегальных кредиторов,reported,2026-09-04T13:00:00Z,2026-09-05T19:06:37Z,mo-92605000,territory,,,,low,media,https://aktanysh-rt.ru/news/finans-gramotalylygy/bank-rossii-v-i-polugodii-2026-goda-vyiavil-v-tatarstane-25-nelegalnyx-kreditorov,context,16,False,1,1,False,False,False,needs_review,['not_editorially_useful'],[],priority_review
evt_eab783c8f8cf4b9872ad3c22,,Всероссийский наставнический проект «Школа межэтнической журналистики» открывает прием заявок.,reported,2026-09-04T12:59:00Z,2026-09-05T19:06:44Z,mo-92644000,territory,,,,low,media,https://nizhnekamsk-rt.ru/news/obschestvo/ucastniki-izucat-osnovy-gosudarstvennoi-nacionalnoi-politiki-rossii,context,50,False,1,1,False,False,False,needs_review,['not_editorially_useful'],[],priority_review
evt_31c83861b227710b9ec5b9d4,,"Очрашуда урам утлары, Түбән Үрәс авылында юл билгесе урнаштыру, мәктәпкә капиталь ремонт ясау мәсьәләләре күтәрелде.",unknown,2026-09-04T12:50:00Z,2026-09-05T19:06:42Z,mo-92633440,territory,,,,low,media,https://kukmor-rt.ru/news/sogy-yanalyklar/tuban-uras-irlegenda-xalyk-zyeny-uzdy-1788526316,context,20,False,1,1,False,False,False,needs_review,['not_editorially_useful'],[],priority_review
evt_c79b4a51c6dbcec889a01775,,В Казани начали проектировать новый участок второй линии метро.,in_progress,2026-09-04T12:49:01Z,2026-09-05T19:06:29Z,mo-92701000,settlement,Казань,49.1115022,55.7946485,low,media,https://t.me/zainsknews/61008,useful,87,False,1,1,True,False,False,ready,[],[],publish_now
evt_8f12edbaaef884bcc46b36f6,,В Тетюшском государственном колледже гражданской защиты после масштабного капитального ремонта торжественно открыли обновлённое общежитие — теперь оно носит звучное имя «Дом курсанта». Первого сентября на плацу царило особенное праздничное оживление: студенты и преподаватели с нетерпением ждали этого важного события. Разделить радость с курсантами и педагогами приехали почётные гости — в том числе глава района и представители республиканских ведомств.,resolved,2026-09-04T12:40:15Z,2026-09-05T19:06:33Z,mo-92655000,territory,,,,low,media,https://t.me/tetyushy/51341,useful,79,False,1,1,True,False,False,ready,[],[],publish_now
evt_7c42e35fb1bf3a1b0fc9fb88,,Машина йөртүче! Тизлекне кимет!» — Әйшәдә юл хәрәкәте иминлегенә багышланган акция узды,reported,2026-09-04T12:37:43Z,2026-09-05T19:06:30Z,mo-92628000,territory,,,,low,media,https://t.me/yasheluzan/54092,context,20,False,1,1,False,False,False,needs_review,['not_editorially_useful'],[],priority_review
evt_5422884d4c90bf4967d73a0f,,В Новом Ибрайкине Аксубаевского района состоялось открытие мемориальной доски бойцу СВО,reported,2026-09-04T12:26:50Z,2026-09-05T19:06:38Z,mo-92604430,settlement,Новое Ибрайкино,51.1654878,54.8679981,low,media,https://aksubayevo.ru/news/geroiami-ne-rozdaiutsia-imi-stanoviatsia/v-novom-ibraikine-aksubaevskogo-raiona-sostoialos-otkrytie-memorialnoi-doski-boicu-svo,context,36,False,2,2,False,False,False,needs_review,['not_editorially_useful'],[],priority_review
evt_ca4c55124c04d5f11fd9bb58,,Банк России в I полугодии 2026 года выявил в Татарстане 25 нелегальных кредиторов,unknown,2026-09-04T12:23:00Z,2026-09-05T19:06:44Z,mo-92645000,territory,,,,low,media,https://novoshishminsk.ru/news/finansovaya-gramotnost/bank-rossii-v-i-polugodii-2026-goda-vyiavil-v-tatarstane-25-nelegalnyx-kreditorov,context,0,False,1,1,False,False,False,needs_review,['not_editorially_useful'],[],context
evt_177ec99321bab5a77fa2084f,,Республика программасы нигезендә мәктәп ашханәсендә капиталь ремонт эшләре тәмамланды.,resolved,2026-09-04T12:17:33Z,2026-09-05T19:06:33Z,mo-92653420,territory,,,,low,media,https://t.me/sarman_rt/32021,context,0,False,1,1,False,False,False,needs_review,['not_editorially_useful'],[],context
evt_f24f090dc38c53b6155cdc1a,,Робот техникасы түгәрәгендә яңа сезонга старт бирелде!,unknown,2026-09-04T12:16:15Z,2026-09-05T19:06:31Z,mo-92642000,territory,,,,low,media,https://t.me/muslumirc/44284,context,0,False,1,1,False,False,False,needs_review,['not_editorially_useful'],[],context
evt_767329a3e36f1248ab84d2b4,,Авыл белән бергә үскән мәктәп: масштаблы ремонттан соң Белем көне,unknown,2026-09-04T12:15:00Z,2026-09-05T19:06:45Z,mo-92701000,territory,,,,low,media,https://tukai-rt.ru/news/mәgarif/avyl-belan-berga-uskan-maktap-masstably-remonttan-son-belem-kone,context,0,False,1,1,False,False,False,needs_review,['not_editorially_useful'],[],context
evt_24fdb17633cc278418668c70,,27 августа в Бавлинском районе прошло открытие 53-го конкурса операторов машинного доения.,reported,2026-09-04T12:05:04Z,2026-09-05T19:06:27Z,mo-92614000,territory,,,,low,media,https://t.me/BavlyinformNEWS/44442,context,20,False,1,1,False,False,False,needs_review,['not_editorially_useful'],[],priority_review
evt_bfb4bc0ee8001b374676a447,,"Всего в ЛПХ сейчас 685 КРС, и это число держится благодаря субсидиям.",planned,2026-09-04T12:04:47Z,2026-09-05T19:06:32Z,mo-92646000,territory,,,,low,media,https://t.me/nurlatinform/82239,context,16,False,1,1,False,False,False,needs_review,['not_editorially_useful'],[],priority_review
evt_d632cf4f01f471657778fd70,,* Г) Отключаю все уведомления на телефоне во время работы.,planned,2026-09-04T12:00:41Z,2026-09-05T19:06:26Z,mo-92607000,territory,,,,low,media,https://t.me/alki_vesti/20584,context,0,False,1,1,False,False,False,needs_review,['not_editorially_useful'],[],context
evt_d1ab089ebe94e348bbe26f05,,"Около 2,5 миллионов рублей господдержки получили жители Новоиглайкинского поселения",unknown,2026-09-04T12:00:00Z,2026-09-05T19:06:44Z,mo-92646000,territory,,,,low,media,https://nurlat-tat.ru/news/proekt-zivet-selo-zivet-rossiia/okolo-25-millionov-rublei-gospodderzki-polucili-ziteli-novo-iglaikinskogo-poseleniia,useful,80,False,1,1,True,False,False,ready,[],[],publish_now
evt_a104de86405fe3067e9791b7,,Банк России выявил в Татарстане 25 «черных» кредиторов,unknown,2026-09-04T11:58:00Z,2026-09-05T19:06:42Z,mo-92630000,territory,,,,low,media,https://kamskoe-ustie.ru/news/finansovaia-gramotnost/bank-rossii-vyiavil-v-tatarstane-25-cernyx-kreditorov,context,0,False,1,1,False,False,False,needs_review,['not_editorially_useful'],[],context
evt_6bc7e2f68932432f10b0adc6,,"В прошлом году здесь завершили первый этап работ за счет грантовых средств – подготовили площадку на берегу пруда, предварительно осушив болото.",resolved,2026-09-04T11:56:01Z,2026-09-05T19:06:30Z,mo-92630403,settlement,Балтачево,48.9736283,55.1621265,low,media,https://t.me/volzhskie/36087,useful,79,False,1,1,True,False,False,ready,[],[],publish_now
evt_995113dce20e5594706e41a8,,Банк России в I полугодии 2026 года выявил в Татарстане 25 нелегальных кредиторов,reported,2026-09-04T11:49:00Z,2026-09-05T19:06:42Z,mo-92629000,territory,,,,low,media,https://kaibicy.ru/news/finansovaya-gramotnost/bank-rossii-v-i-polugodii-2026-goda-vyiavil-v-tatarstane-25-nelegalnyx-kreditorov,context,16,False,1,1,False,False,False,needs_review,['not_editorially_useful'],[],priority_review
evt_d8bd5e267434669b68360e09,,Комендантский час для несовершеннолетних в Татарстане,reported,2026-09-04T11:48:45Z,2026-09-05T19:06:28Z,mo-92618000,territory,,,,low,media,https://t.me/buinsknews/47216,context,0,False,1,1,False,False,False,needs_review,['not_editorially_useful'],[],context
evt_c3dd4862fe2f013f7cac6d24,,"Воду отключат сегодня Сегодня, 4 сентября, в Чистополе с 15:30 до 18:00 будет ограничено водоснабжение в нескольких микрорайонах города.",planned,2026-09-04T11:46:00Z,2026-09-05T19:06:46Z,mo-92659101,settlement,Чистополь,50.6367311,55.3714831,low,media,https://chistopol-rt.ru/news/obschestvo/v-cistopole-ogranicat-vodosnabzenie-v-neskolkix-mikroraionax,useful,87,False,1,1,False,False,False,needs_review,['open_state_text_looks_finished'],[],priority_review
evt_e22bd770d0e05ae5ce48e5df,,В Татарстане открыли учебно-тренировочный комплекс МЧС и новую пожарно-спасательную часть,resolved,2026-09-04T11:45:16Z,2026-09-05T19:06:25Z,,territory,,,,low,media,https://t.me/tatmediaofficial/158547,context,59,False,1,1,False,False,False,needs_review,['not_editorially_useful'],[],priority_review
evt_d9887c7d9abc6b51a7c70669,,🔹 Алексей Кульков – начальник производства завода имени Серго (ПОЗиС).,reported,2026-09-04T11:40:22Z,2026-09-05T19:06:29Z,mo-92628000,territory,,,,low,media,https://t.me/zpravda/108565,context,36,False,1,1,False,False,False,needs_review,['not_editorially_useful'],[],priority_review
evt_ca575597f1560ef5c0c1a874,,"Он рассказал, как зародилось предприятие, его становлении и людях, кто стоял у истоков, кто вместе с заводом проходил непростые времена, помогал открывать новые",reported,2026-09-04T11:37:45Z,2026-09-05T19:06:34Z,mo-92659101,territory,,,,low,media,https://t.me/chistopol_news/41974,context,16,False,1,1,False,False,False,needs_review,['not_editorially_useful'],[],priority_review
evt_c3195297640265419c412bba,,Наши учёные научили ИИ предсказывать взгляд врача при чтении рентгеновского снимка,unknown,2026-09-04T11:36:01Z,2026-09-05T19:06:25Z,RU-TA,territory,,,,low,media,https://t.me/universityinnopolis/3578,context,0,False,1,1,False,False,False,needs_review,['not_editorially_useful'],[],context
evt_5fe6b91c52b538d7dc1b86dc,,Суд Бугульмы обязал компанию вернуть покупательнице более 61 тыс. рублей за навязанные услуги ⚖️📱,reported,2026-09-04T11:35:02Z,2026-09-05T19:06:28Z,mo-92617101,territory,,,,low,media,https://t.me/bugulgazeta/58338,context,16,False,1,1,False,False,False,needs_review,['not_editorially_useful'],[],priority_review
evt_e582fe07790a88a6ee99ffa9,,"электр җиһазларын һәм үткәргечләрне вакытында тикшереп торырга һәм ремонтларга, ә челтәрләрне монтажлау эшләрен квалификацияле белгечләргә тапшырырга кирәк.",reported,2026-09-04T11:33:29Z,2026-09-05T19:06:33Z,mo-92650151,territory,,,,low,media,https://t.me/rusloboda/35322,useful,62,False,1,1,True,False,False,ready,[],[],publish_now
evt_e658c2ac461dd39a3c1e9028,,"Жители Альметьевска ждут, когда ответственные службы завершат ремонтные работы и восстановят тротуары",unknown,2026-09-04T11:31:00Z,2026-09-05T19:06:37Z,mo-92608101,territory,,,,low,media,https://almetievsk-ru.ru/news/gorod/ziteli-almetevska-zdut-kogda-otvetstvennye-sluzby-zaversat-remontnye-raboty-i-vosstanoviat-trotuary,context,42,False,1,1,False,False,False,needs_review,['not_editorially_useful'],[],priority_review
evt_f24aee6ca9d8be9d80aa2321,,Балтачта һәм Салавыч авылында 10 бер этажлы йорттан торган комплекс төзелә,in_progress,2026-09-04T11:30:48Z,2026-09-05T19:06:28Z,mo-92615000,territory,,,,low,media,https://t.me/xezmet_gazetasi/59752,useful,79,False,1,1,True,False,False,ready,[],[],publish_now
evt_61785ea1e9fe5c7de0e508d3,,В Буинском районе началась выдача разрешений на добычу пушных зверей,unknown,2026-09-04T11:27:20Z,2026-09-05T19:06:28Z,mo-92618000,territory,,,,low,media,https://t.me/buinsknews/47201,useful,79,False,1,1,True,False,False,ready,[],[],publish_now
evt_fcddad998101d900a9e3948a,,Восстановление сооружения признано экономически нецелесообразным — стоимость капитального ремонта сопоставима со строительством нового объекта.,reported,2026-09-04T11:26:57Z,2026-09-05T19:06:28Z,mo-92618419,settlement,Большое Фролово,48.4087761,55.0500105,low,media,https://t.me/buinsknews/47200,useful,70,False,1,1,True,False,False,ready,[],[],publish_now
evt_4f2444c053aff9556959b92a,,В Татарстане ожидается ухудшение погоды,planned,2026-09-04T11:23:46Z,2026-09-05T19:06:28Z,mo-92618000,territory,,,,low,media,https://t.me/buinsknews/47199,context,0,False,1,1,False,False,False,needs_review,['not_editorially_useful'],[],context
evt_393e54028c63cfb4e7f6a688,,Казанда түләнмәгән штрафлары йөздән артып киткән машина йөртүченең машинасын алганнар,unknown,2026-09-04T11:22:00Z,2026-09-05T19:06:38Z,mo-92701000,territory,,,,low,media,https://atnya-rt.ru/news/yukhidi/kazanda-tulanmagan-straflary-iozdan-artyp-kitkan-masina-iortucenen-masinasyn-algannar,context,0,False,1,1,False,False,False,needs_review,['not_editorially_useful'],[],context
evt_288aa9189132939a9fd175f7,,Ремонт моста через реку Тойма в Елабужском районе планируют завершить значительно раньше первоначального срока.,resolved,2026-09-04T11:21:34Z,2026-09-05T19:06:34Z,mo-92730000,territory,,,,low,media,https://t.me/chelny_news1/48614,useful,70,False,1,1,False,False,False,needs_review,['resolved_text_looks_open'],[],priority_review
evt_e6e5ec0254cef0bdf7a1ef15,,Минсельхозпрод РТ объявляет отбор по гранту «Агромативатор»,unknown,2026-09-04T11:18:00Z,2026-09-05T19:06:46Z,mo-92655000,territory,,,,low,media,https://tetyushy.ru/news/obshchestvo/minselxozprod-rt-obieiavliaet-otbor-po-grantu-agromativator,context,0,False,1,1,False,False,False,needs_review,['not_editorially_useful'],[],context
evt_aaf3379a3e2d3cd2935b07f5,,Во Дворце культуры «Энергетик» торжественно открыли новый сезон образовательного проекта для людей старшего поколения.,resolved,2026-09-04T11:14:00Z,2026-09-05T19:06:36Z,mo-92730000,settlement,Набережные Челны,52.399207,55.7419774,low,official,https://nabchelny.ru/news/62353,useful,79,False,1,1,True,False,False,ready,[],[],publish_now
evt_13d0a6e42f0b30d58abe6a9a,,Мост через Тойму в Татарстане могут открыть на год раньше,unknown,2026-09-04T11:12:00Z,2026-09-05T19:06:46Z,mo-92730000,territory,,,,low,media,https://chelny-izvest.ru/news/facts/most-cerez-toimu-v-tatarstane-mogut-otkryt-na-god-ranse,context,16,False,1,1,False,False,False,needs_review,"['summary_too_short', 'not_editorially_useful']",[],priority_review
evt_d8c621d01f24466e60864c08,,Татарстанның төп символы булган Сөембикә манарасында масштаблы ремонт башланды,unknown,2026-09-04T11:04:00Z,2026-09-05T19:06:45Z,mo-92701000,territory,,,,low,media,https://sarman-rt.ru/news/rubriki-dlya-gazetyi-na-tatarskom/tatarstannyn-top-simvoly-bulgan-soembika-manarasynda-masstably-remont-baslandy,context,16,False,1,1,False,False,False,needs_review,['not_editorially_useful'],[],priority_review
evt_dab5d03912e0044bd7fc9127,,Татарстанцев предупреждают о повышенной опасности лосей,reported,2026-09-04T11:03:14Z,2026-09-05T19:06:33Z,mo-92650000,territory,,,,low,media,https://t.me/rusloboda/35321,context,0,False,1,1,False,False,False,needs_review,['not_editorially_useful'],[],context
evt_f0d6bcbc780d65b28f75cc7a,,"В Художественной галерее открылась экспозиция «По следам Тукая», приуроченная к 140-летию великого татарского поэта.",resolved,2026-09-04T11:02:21Z,2026-09-05T19:06:29Z,mo-92628101,territory,,,,low,media,https://t.me/zpravda/108564,useful,79,False,1,1,True,False,False,ready,[],[],publish_now
evt_9efdd49c4dc3ee144c6f0c97,,Сейчас он проходит подготовку перед отправкой на передовую.,unknown,2026-09-04T11:00:56Z,2026-09-05T19:06:25Z,,territory,,,,low,media,https://t.me/tatmediaofficial/158546,context,20,False,1,1,False,False,False,needs_review,['not_editorially_useful'],[],priority_review
evt_48a20a38d3a768b10283dc69,,В Нурлате ожидаются ливень и град,reported,2026-09-04T11:00:00Z,2026-09-05T19:06:44Z,mo-92646000,territory,,,,low,media,https://nurlat-tat.ru/news/pogoda/v-nurlate-ozidaiutsia-liven-i-grad-1788519934,context,20,False,1,1,False,False,False,needs_review,['not_editorially_useful'],[],priority_review
evt_a01359f334a5a1dcc7806e03,,Казанда Тинчурин театры өчен Грантны арттырдылар,reported,2026-09-04T11:00:00Z,2026-09-05T19:06:46Z,mo-92656000,territory,,,,low,media,https://tulachi.ru/news/v-respublike/kazanda-tincurin-teatry-ocen-grantny-arttyrdylar,context,16,False,1,1,False,False,False,needs_review,['not_editorially_useful'],[],priority_review
evt_a8b372ee83c8559990922952,,В Зеленодольске пос­ле масштабного капремонта открыли Спортивную школу олимпийского резерва № 1,resolved,2026-09-04T11:00:00Z,2026-09-05T19:06:41Z,mo-92628101,settlement,Зеленодольск,48.5097031,55.8477605,low,media,https://zpravda.ru/news/novosti/v-zelenodolske-posle-masstabnogo-kapremonta-otkryli-sportivnuiu-skolu-olimpiiskogo-rezerva-1,useful,87,False,1,1,True,False,False,ready,[],[],publish_now
evt_fece649f2fb84272b3dc530c,,Балтачта һәм Салавыч авылында 10 бер этажлы йорттан торган комплекс төзелә,in_progress,2026-09-04T11:00:00Z,2026-09-05T19:06:39Z,mo-92615151,territory,,,,low,media,https://baltaci.ru/news/kon-temasy/baltacta-ham-salavyc-avylynda-10-ber-etazly-iorttan-torgan-kompleks-tozela,useful,79,False,1,1,True,False,False,ready,[],[],publish_now
evt_1f528ad271f062105bf3866f,,"Гостей ждут выступление оркестра «Милли музыка», акустический лайв Defne, мастер-классы по строительству скворечников, рисованию натюрмортов, созданию кашпо, эк",reported,2026-09-04T10:59:01Z,2026-09-05T19:06:47Z,mo-92701000,territory,,,,low,official,https://t.me/kzn_official/23595,useful,62,False,1,1,True,False,False,ready,[],[],publish_now
evt_e086bd7d1586d222811f1e35,,Сейчас прямые рейсы в Мале из России выполняет только «Аэрофлот» из Москвы.,unknown,2026-09-04T10:58:08Z,2026-09-05T19:06:34Z,mo-92701000,territory,,,,low,media,https://t.me/chelny_news1/48612,context,20,False,1,1,False,False,False,needs_review,['not_editorially_useful'],[],priority_review
evt_4abfc90936f03897a1afee95,,Минтруд РТ напомнил о квотировании рабочих мест для участников СВО с 1 сентября,reported,2026-09-04T10:58:06Z,2026-09-05T19:06:27Z,mo-92614000,territory,,,,low,media,https://t.me/BavlyinformNEWS/44436,context,16,False,1,1,False,False,False,needs_review,['not_editorially_useful'],[],priority_review
evt_d0609cb3d42f7e25a3a8cff0,,Подвал в канализации: УК «Электротехников» заплатит штраф 140 тысяч рублей,reported,2026-09-04T10:47:08Z,2026-09-05T19:06:46Z,mo-92730000,territory,,,,low,media,https://chelny-izvest.ru/news/utility/podval-v-kanalizacii-uk-elektrotexnikov-zaplatit-straf-140-tysiac-rublei,context,16,False,2,2,False,False,False,needs_review,['not_editorially_useful'],[],priority_review
evt_f229a7be2508e1d596f58843,,Минсельхозпрод РТ объявляет отбор по гранту «Агромативатор»,unknown,2026-09-04T10:43:00Z,2026-09-05T19:06:46Z,mo-92656000,territory,,,,low,media,https://tulachi.ru/news/v-respublike/minselxozprod-rt-obieiavliaet-otbor-po-grantu-agromativator,context,0,False,1,1,False,False,False,needs_review,['not_editorially_useful'],[],context
evt_1b535090ef7abaa7627bc61f,,Ремонт моста через Тойму завершат досрочно,unknown,2026-09-04T10:38:00Z,2026-09-05T19:06:41Z,mo-92626000,territory,,,,low,media,https://elabuga-rt.ru/news/novosti/remont-mosta-cerez-toimu-zaversat-dosrocno,context,50,False,1,1,False,False,False,needs_review,['not_editorially_useful'],[],priority_review
evt_b362ec45b20e97783b2fcc22,,Жителей Пестречинского района предупредили о возможном отключении воды за долги,paused,2026-09-04T10:38:00Z,2026-09-05T19:06:45Z,mo-92648455,territory,,,,low,media,https://pestrecy-rt.ru/news/obschestvo/zitelei-pestrecinskogo-raiona-predupredili-o-vozmoznom-otkliucenii-vody-za-dolgi,useful,97,False,1,1,True,False,False,ready,[],[],publish_now
evt_fef9fa59d9bb8ab1fd9c41ac,,"В Татарстане ожидаются гроза, усиление ветра и туман",reported,2026-09-04T10:38:00Z,2026-09-05T19:06:40Z,mo-92624000,territory,,,,low,media,https://chuprale-online.ru/news/obschestvo/v-tatarstane-ozidaiutsia-groza-usilenie-vetra-i-tuman,context,0,False,1,1,False,False,False,needs_review,['not_editorially_useful'],[],context
evt_c6ceb5e60b174740fc6365fa,,Будут знать о правилах и основах пожарной безопасности со школьной скамьи,reported,2026-09-04T10:37:03Z,2026-09-05T19:06:35Z,mo-92730000,territory,,,,low,media,https://t.me/chelnytv/46155,context,36,False,1,1,False,False,False,needs_review,['not_editorially_useful'],[],priority_review
evt_03a13916095426b415ee53cb,,2026 елда автомобильчеләр ташламалардан һәм субсидияләрдән файдалана ала: https://tatar-inform.tatar/news/2026-elda-avtomobilcelar-taslamalardan-ham-subsidiyalardan-faidalana-ala-5928702,unknown,2026-09-04T10:34:04Z,2026-09-05T19:06:33Z,mo-92653000,territory,,,,low,media,https://t.me/sarman_rt/32019,context,0,False,1,1,False,False,False,needs_review,['not_editorially_useful'],[],context
evt_436f64664065ec6278e91b71,,2026 елда автомобильчеләр ташламалардан һәм субсидияләрдән файдалана ала: https://tatar-inform.tatar/news/2026-elda-avtomobilcelar-taslamalardan-ham-subsidiyalardan-faidalana-ala-5928702,unknown,2026-09-04T10:34:04Z,2026-09-05T19:06:35Z,mo-92730000,territory,,,,low,media,https://t.me/kunel_radio/10135,context,0,False,1,1,False,False,False,needs_review,['not_editorially_useful'],[],context
evt_5739fd6d3533377f258272d8,,2026 елда автомобильчеләр ташламалардан һәм субсидияләрдән файдалана ала: https://tatar-inform.tatar/news/2026-elda-avtomobilcelar-taslamalardan-ham-subsidiyalardan-faidalana-ala-5928702,unknown,2026-09-04T10:34:04Z,2026-09-05T19:06:26Z,mo-92608000,territory,,,,low,media,https://t.me/atannary/29072,context,0,False,1,1,False,False,False,needs_review,['not_editorially_useful'],[],context
evt_5bff99f7db02bc9d9174da7f,,2026 елда автомобильчеләр ташламалардан һәм субсидияләрдән файдалана ала: https://tatar-inform.tatar/news/2026-elda-avtomobilcelar-taslamalardan-ham-subsidiyalardan-faidalana-ala-5928702,unknown,2026-09-04T10:34:04Z,2026-09-05T19:06:30Z,mo-92628000,territory,,,,low,media,https://t.me/yasheluzan/54088,context,0,False,1,1,False,False,False,needs_review,['not_editorially_useful'],[],context
evt_94599874c7e5fdab25df07d7,,2026 елда автомобильчеләр ташламалардан һәм субсидияләрдән файдалана ала: https://tatar-inform.tatar/news/2026-elda-avtomobilcelar-taslamalardan-ham-subsidiyalardan-faidalana-ala-5928702,unknown,2026-09-04T10:34:04Z,2026-09-05T19:06:33Z,mo-92656000,territory,,,,low,media,https://t.me/TulInformm/35570,context,0,False,1,1,False,False,False,needs_review,['not_editorially_useful'],[],context
evt_acf2b0c10ade402675f639e6,,2026 елда автомобильчеләр ташламалардан һәм субсидияләрдән файдалана ала: https://tatar-inform.tatar/news/2026-elda-avtomobilcelar-taslamalardan-ham-subsidiyalardan-faidalana-ala-5928702,unknown,2026-09-04T10:34:04Z,2026-09-05T19:06:35Z,mo-92730000,territory,,,,low,media,https://t.me/shahrichally/31396,context,0,False,1,1,False,False,False,needs_review,['not_editorially_useful'],[],context
evt_bb1a67eac750f5e80c8ed3c3,,2026 елда автомобильчеләр ташламалардан һәм субсидияләрдән файдалана ала: https://tatar-inform.tatar/news/2026-elda-avtomobilcelar-taslamalardan-ham-subsidiyalardan-faidalana-ala-5928702,unknown,2026-09-04T10:34:04Z,2026-09-05T19:06:30Z,mo-92636000,territory,,,,low,media,https://t.me/zamansulyshy/17377,context,0,False,1,1,False,False,False,needs_review,['not_editorially_useful'],[],context
evt_c1282df348c9a5f7fd53fcab,,2026 елда автомобильчеләр ташламалардан һәм субсидияләрдән файдалана ала: https://tatar-inform.tatar/news/2026-elda-avtomobilcelar-taslamalardan-ham-subsidiyalardan-faidalana-ala-5928702,unknown,2026-09-04T10:34:04Z,2026-09-05T19:06:28Z,mo-92615000,territory,,,,low,media,https://t.me/xezmet_gazetasi/59751,context,0,False,1,1,False,False,False,needs_review,['not_editorially_useful'],[],context
evt_c75bc0638582c21cf3967c61,,2026 елда автомобильчеләр ташламалардан һәм субсидияләрдән файдалана ала: https://tatar-inform.tatar/news/2026-elda-avtomobilcelar-taslamalardan-ham-subsidiyalardan-faidalana-ala-5928702,unknown,2026-09-04T10:34:04Z,2026-09-05T19:06:32Z,,territory,,,,low,media,https://t.me/sabatannars/47517,context,0,False,1,1,False,False,False,needs_review,['not_editorially_useful'],[],context
evt_cb92219452c73b2ed0e746f6,,2026 елда автомобильчеләр ташламалардан һәм субсидияләрдән файдалана ала: https://tatar-inform.tatar/news/2026-elda-avtomobilcelar-taslamalardan-ham-subsidiyalardan-faidalana-ala-5928702,unknown,2026-09-04T10:34:04Z,2026-09-05T19:06:27Z,mo-92613000,territory,,,,low,media,https://t.me/atnatani/14058,context,0,False,1,1,False,False,False,needs_review,['not_editorially_useful'],[],context
evt_d3a451cb9084df1f8d820ae5,,2026 елда автомобильчеләр ташламалардан һәм субсидияләрдән файдалана ала: https://tatar-inform.tatar/news/2026-elda-avtomobilcelar-taslamalardan-ham-subsidiyalardan-faidalana-ala-5928702,unknown,2026-09-04T10:34:04Z,2026-09-05T19:06:31Z,mo-92642000,territory,,,,low,media,https://t.me/muslumirc/44275,context,0,False,1,1,False,False,False,needs_review,['not_editorially_useful'],[],context
evt_ad5fd3faafcf4cfffbdd5e66,,Татарстанда автомобиль алучылар өчен нинди дәүләт ярдәме бар?,unknown,2026-09-04T10:30:00Z,2026-09-05T19:06:45Z,mo-92657000,territory,,,,low,media,https://tukai-rt.ru/news/amgyiat/tatarstanda-avtomobil-alucylar-ocen-nindi-daulat-iardame-bar,context,0,False,1,1,False,False,False,needs_review,['not_editorially_useful'],[],context
evt_d1b3e307cf629265ff6fafe2,,"Полицейские открыли огонь, преследуя пьяного водителя в Татарстане",resolved,2026-09-04T10:25:00Z,2026-09-05T19:06:42Z,mo-92629000,territory,,,,low,media,https://kaibicy.ru/news/novosti/policeiskie-otkryli-ogon-presleduia-pianogo-voditelia-v-tatarstane,context,59,False,1,1,False,False,False,needs_review,['not_editorially_useful'],[],priority_review
evt_a20df1144d0af0bdc8bb9bc6,,В Татарстане увеличили число получателей гранта «Жилищный сертификат педагогу»,unknown,2026-09-04T10:23:00Z,2026-09-05T19:06:39Z,mo-92618000,territory,,,,low,media,https://buinsk-tat.ru/news/vchera-segodnya-zavtra/v-tatarstane-uvelicili-cislo-polucatelei-granta-zilishhnyi-sertifikat-pedagogu,context,0,False,1,1,False,False,False,needs_review,['not_editorially_useful'],[],context
evt_e530e95bac9ab065ad2ac23d,,На улице 30 лет Победы после ремонта появятся велодорожки,planned,2026-09-04T10:20:25Z,2026-09-05T19:06:31Z,mo-92644101,territory,,,,low,media,https://t.me/ntr24ru/45240,useful,80,False,1,1,False,False,False,needs_review,['open_state_text_looks_finished'],[],priority_review
evt_a67137671165b1aa5e80d4ed,,В Челны едут лечиться из-за границы: БСМП приняла пациентов из 17 стран,reported,2026-09-04T10:15:47Z,2026-09-05T19:06:34Z,mo-92730000,territory,,,,low,media,https://t.me/chelny_news1/48607,context,20,False,1,1,False,False,False,needs_review,['not_editorially_useful'],[],priority_review
evt_3c56f99855fda08de8c6831f,,Ильсия Бадретдинова выступит на закрытии конкурса водителей грузовиков в Челнах!,reported,2026-09-04T10:12:02Z,2026-09-05T19:06:33Z,mo-92657000,territory,,,,low,media,https://t.me/yakti_ul/31313,context,20,False,1,1,False,False,False,needs_review,['not_editorially_useful'],[],priority_review
evt_83bc6c378a7aae63da1782f0,,Число пожилых людей в мире впервые превысило численность детей,reported,2026-09-04T10:10:02Z,2026-09-05T19:06:29Z,mo-92627000,territory,,,,low,media,https://t.me/zainsknews/60991,context,67,False,1,1,False,False,False,needs_review,['not_editorially_useful'],[],priority_review
evt_0f859735928b905caf112a0a,,"В связи с этим в субботу, 5 сентября, с 8.00 до 20.00 будет произведено отключение водоснабжения в следующих домах: N 2, 3, 10, 12, 37а — улице Карла Маркса, 2",planned,2026-09-04T09:44:11Z,2026-09-05T19:06:29Z,mo-92628000,site,"улица Карла Маркса, 2",48.4899317,55.8517664,low,media,https://t.me/zpravda/108559,context,67,False,1,1,False,False,False,needs_review,['not_editorially_useful'],[],priority_review
evt_11bd76c6741e5e3ddfff67b0,,"В связи с этим в субботу, 5 сентября, с 8.00 до 20.00 будет произведено отключение водоснабжения в следующих домах: N 2, 3, 10, 12, 37а — улице Карла Маркса, 37а",planned,2026-09-04T09:44:11Z,2026-09-05T19:06:29Z,mo-92628000,building,"улица Карла Маркса, 37а",48.49650836179667,55.8507991,low,media,https://t.me/zpravda/108559,context,67,False,1,1,False,False,False,needs_review,['not_editorially_useful'],[],priority_review
evt_18c6b56c6064a6941a023e58,,"В связи с этим в субботу, 5 сентября, с 8.00 до 20.00 будет произведено отключение водоснабжения в следующих домах: N 2, 3, 10, 12, 37а — улице Карла Маркса, 12",planned,2026-09-04T09:44:11Z,2026-09-05T19:06:29Z,mo-92628000,building,"улица Карла Маркса, 12",48.49710657761378,55.8514996,low,media,https://t.me/zpravda/108559,context,67,False,1,1,False,False,False,needs_review,['not_editorially_useful'],[],priority_review
evt_22f91d37a1af8b61bebc5675,,"Отключение воды на улице Карла Маркса — улица Карла Маркса, 12",planned,2026-09-04T09:44:11Z,2026-09-05T15:47:50Z,mo-92628000,building,"улица Карла Маркса, 12",48.49710657761378,55.8514996,low,media,https://t.me/zpravda/108559,context,67,True,1,1,False,False,False,needs_review,['not_editorially_useful'],[],priority_review
evt_32d6f4552139b159197eaeab,,"В связи с этим в субботу, 5 сентября, с 8.00 до 20.00 будет произведено отключение водоснабжения в следующих домах: N 2, 3, 10, 12, 37а — улице Карла Маркса, 10",planned,2026-09-04T09:44:11Z,2026-09-05T19:06:29Z,mo-92628000,building,"улица Карла Маркса, 10",48.49748442040088,55.85199605,low,media,https://t.me/zpravda/108559,context,67,False,1,1,False,False,False,needs_review,['not_editorially_useful'],[],priority_review
evt_530a16805b3c33717e5e6c2e,,"Отключение воды на улице Карла Маркса — улица Карла Маркса, 10",planned,2026-09-04T09:44:11Z,2026-09-05T15:47:50Z,mo-92628000,building,"улица Карла Маркса, 10",48.49748442040088,55.85199605,low,media,https://t.me/zpravda/108559,context,67,True,1,1,False,False,False,needs_review,['not_editorially_useful'],[],priority_review
evt_5c8907c441b42895565e0c68,,"Отключение воды на улице Карла Маркса — улица Карла Маркса, 2",planned,2026-09-04T09:44:11Z,2026-09-05T15:47:50Z,mo-92628000,site,"улица Карла Маркса, 2",48.4899317,55.8517664,low,media,https://t.me/zpravda/108559,context,67,True,1,1,False,False,False,needs_review,['not_editorially_useful'],[],priority_review
evt_8d55500615e215423842ad1b,,"В связи с этим в субботу, 5 сентября, с 8.00 до 20.00 будет произведено отключение водоснабжения в следующих домах: N 2, 3, 10, 12, 37а — улице Карла Маркса, 3",planned,2026-09-04T09:44:11Z,2026-09-05T19:06:29Z,mo-92628000,building,"улица Карла Маркса, 3",48.48866021253663,55.85129725,low,media,https://t.me/zpravda/108559,context,67,False,1,1,False,False,False,needs_review,['not_editorially_useful'],[],priority_review
evt_8e8c646c1539c72ed2af5e7e,,"Отключение воды на улице Карла Маркса — улица Карла Маркса, 37а",planned,2026-09-04T09:44:11Z,2026-09-05T15:47:50Z,mo-92628000,building,"улица Карла Маркса, 37а",48.49650836179667,55.8507991,low,media,https://t.me/zpravda/108559,context,67,True,1,1,False,False,False,needs_review,['not_editorially_useful'],[],priority_review
evt_ef1fcb27fb27e780e6948a8f,,"Отключение воды на улице Карла Маркса — улица Карла Маркса, 3",planned,2026-09-04T09:44:11Z,2026-09-05T15:47:50Z,mo-92628000,building,"улица Карла Маркса, 3",48.48866021253663,55.85129725,low,media,https://t.me/zpravda/108559,context,67,True,1,1,False,False,False,needs_review,['not_editorially_useful'],[],priority_review
evt_4cd6a9cf0ab8c946c38ba19b,,От слов к делу: финансисты Зеленодольского района сдали ГТО!,reported,2026-09-04T09:40:22Z,2026-09-05T19:06:29Z,mo-92628000,territory,,,,low,media,https://t.me/zpravda/108553,context,0,False,1,1,False,False,False,needs_review,['not_editorially_useful'],[],context
evt_7ee149fdbf8fb36f6509b253,,Продлили приём заявок на премии «Промышленная робототехника» и «Автоматизация и роботизация складской логистики» — до 14 сентября,reported,2026-09-04T09:36:01Z,2026-09-05T19:06:25Z,RU-TA,territory,,,,low,media,https://t.me/universityinnopolis/3577,useful,62,False,1,1,True,False,False,ready,[],[],publish_now
evt_1f4c38790a59d536d5b8fd25,,"Полицейские открыли огонь, преследуя пьяного водителя в Татарстане",resolved,2026-09-04T09:35:00Z,2026-09-05T19:06:25Z,,territory,,,,low,media,https://t.me/tatmediaofficial/158543,context,59,False,1,1,False,False,False,needs_review,['not_editorially_useful'],[],priority_review
evt_b2c5ee4506707dec117dca05,,"Героиня нашего сюжета – сотрудник полиции, а именно центра исполнения административного законодательства. Ежедневно она оформляет больше 20 протоколов по нарушениям правопорядка. 1 сентября подразделение отметило 29 лет со дня образования.",reported,2026-09-04T09:32:24Z,2026-09-05T19:06:26Z,mo-92608000,territory,,,,low,media,https://t.me/uvt24/32675,context,0,False,1,1,False,False,False,needs_review,['not_editorially_useful'],[],context
evt_0f3242b2e51f66420fd48e75,,"Рассказали, как вести себя при угрозе теракта",unknown,2026-09-04T09:31:00Z,2026-09-05T19:06:42Z,mo-92634000,territory,,,,low,media,https://laishevskyi.ru/news/antiterror/rasskazali-kak-vesti-sebia-pri-ugroze-terakta,context,20,False,1,1,False,False,False,needs_review,['not_editorially_useful'],[],priority_review
evt_7825f9bde9eeb9566bbd50f4,,Гимназиядә янгын куркынычсызлыгы буенча өйрәнүләр узды,reported,2026-09-04T09:26:00Z,2026-09-05T19:06:37Z,mo-92607000,territory,,,,low,media,https://alki-rt.ru/news/yangyn-kurkynychsyzlygy/gimnaziiada-iangyn-kurkynycsyzlygy-buenca-oiranular-uzdy,context,42,False,1,1,False,False,False,needs_review,['not_editorially_useful'],[],priority_review
evt_5bf93b7eb2d2a9fc30829f39,,Социальная экспедиция в Дрожжановском техникуме: учимся выигрывать гранты!,unknown,2026-09-04T09:24:49Z,2026-09-05T19:06:28Z,mo-92624000,territory,,,,low,media,https://t.me/drozzanoe90/20783,context,20,False,1,1,False,False,False,needs_review,['not_editorially_useful'],[],priority_review
evt_572d70bf15521867d7090423,,Татарстанның төп символы булган Сөембикә манарасында масштаблы ремонт башланды,unknown,2026-09-04T09:14:00Z,2026-09-05T19:06:38Z,mo-92701000,territory,,,,low,media,https://atnya-rt.ru/news/khbrlr/tatarstannyn-top-simvoly-bulgan-soembika-manarasynda-masstably-remont-baslandy,context,0,False,1,1,False,False,False,needs_review,['not_editorially_useful'],[],context
evt_b78448fb6542f05cc5a7ecba,,Новое дело волонтеров Нурлата: теперь и браслеты выживания,unknown,2026-09-04T09:02:54Z,2026-09-05T19:06:32Z,mo-92646000,territory,,,,low,media,https://t.me/nurlatinform/82233,context,16,False,1,1,False,False,False,needs_review,['not_editorially_useful'],[],priority_review
evt_e9ff6245eab9bca80937e599,,Айгөл Таҗиевадан чүпрәсез камырлы пәрәмәчләр рецепты,reported,2026-09-04T09:02:42Z,2026-09-05T19:06:28Z,mo-92615000,territory,,,,low,media,https://t.me/xezmet_gazetasi/59747,context,0,False,1,1,False,False,False,needs_review,['not_editorially_useful'],[],context
evt_6f4cf49df38ff9dbe1d6b489,,Айгөл Таҗиевадан чүпрәсез камырлы пәрәмәчләр рецепты,reported,2026-09-04T09:00:00Z,2026-09-05T19:06:39Z,mo-92615151,territory,,,,low,media,https://baltaci.ru/news/ash-su-blmse/aigol-taievadan-cuprasez-kamyrly-paramaclar-recepty-1788497735,context,0,False,1,1,False,False,False,needs_review,['not_editorially_useful'],[],context
evt_0e21a6639a2c5ceb74f0979a,,В Татарстане в 2027 году откроют четыре новых кластера «Профессионалитета»,reported,2026-09-04T08:58:00Z,2026-09-05T19:06:44Z,mo-92644000,territory,,,,low,media,https://nizhnekamsk-rt.ru/news/obschestvo/v-tatarstane-v-2027-godu-otkroiut-cetyre-novyx-klastera-professionaliteta,context,50,False,1,1,False,False,False,needs_review,['not_editorially_useful'],[],priority_review
evt_e70c94988495a0db5c9762db,,Чаллы янындагы авариядә 26 яшьлек хатын-кыз һәлак булды 😱: https://shahrichalli.ru/news/kich-bgen-irtg/cally-ianyndagy-avariiada-26-iaslek-xatyn-kyz-halak-buldy,unknown,2026-09-04T08:50:33Z,2026-09-05T19:06:35Z,mo-92730000,territory,,,,low,media,https://t.me/shahrichally/31393,context,0,False,1,1,False,False,False,needs_review,['not_editorially_useful'],[],context
evt_52eda4bcf6faa22f8d6c3e00,,Минсельхозпрод РТ объявляет отбор по гранту «Агромативатор»,unknown,2026-09-04T08:47:00Z,2026-09-05T19:06:45Z,mo-92652000,territory,,,,low,media,https://saby-rt.ru/news/novosti/minselxozprod-rt-obieiavliaet-otbor-po-grantu-agromativator,context,16,False,1,1,False,False,False,needs_review,['not_editorially_useful'],[],priority_review
evt_e4bfe0888dd522f26e8b331e,,64 двора отремонтировали в Зеленодольском районе,reported,2026-09-04T08:40:24Z,2026-09-05T19:06:29Z,mo-92628000,territory,,,,low,media,https://t.me/zpravda/108540,useful,79,False,1,1,True,False,False,ready,[],[],publish_now
evt_734af3909bc5b90b4ece6aec,,Минсельхозпрод РТ объявляет отбор по гранту «Агромативатор»,unknown,2026-09-04T08:38:00Z,2026-09-05T19:06:42Z,mo-92629000,territory,,,,low,media,https://kaibicy.ru/news/novosti/minselxozprod-rt-obieiavliaet-otbor-po-grantu-agromativator,context,0,False,1,1,False,False,False,needs_review,['not_editorially_useful'],[],context
evt_5888b0e961f98ca533b37761,,Над регионами России за ночь уничтожено 490 беспилотников ✈💥,unknown,2026-09-04T08:35:16Z,2026-09-05T19:06:34Z,mo-92659000,territory,,,,low,media,https://t.me/chistopol_news/41969,context,0,False,1,1,False,False,False,needs_review,['not_editorially_useful'],[],context
evt_6de8b7572c4a087da48a888b,,Казанда 117 түләнмәгән штрафы булган йөртүчедән машинасын алганнар,resolved,2026-09-04T08:35:00Z,2026-09-05T19:06:45Z,mo-92701000,territory,,,,low,media,https://sarman-rt.ru/news/iminlek/kazanda-117-tulanmagan-strafy-bulgan-iortucedan-masinasyn-algannar,context,0,False,1,1,False,False,False,needs_review,['not_editorially_useful'],[],context
evt_f1fec07051e3a6edce51cdd5,,Минсельхозпрод РТ объявляет отбор по гранту «Агромативатор»,unknown,2026-09-04T08:34:00Z,2026-09-05T19:06:43Z,mo-92638000,territory,,,,low,media,https://mamadysh-rt.ru/news/obshchestvo/minselxozprod-rt-obieiavliaet-otbor-po-grantu-agromativator,context,0,False,1,1,False,False,False,needs_review,['not_editorially_useful'],[],context
evt_3943e3e8e4a3f8680d59b54e,,Минсельхозпрод РТ объявляет отбор по гранту «Агромативатор»,unknown,2026-09-04T08:31:00Z,2026-09-05T19:06:41Z,mo-92626000,territory,,,,low,media,https://elabuga-rt.ru/news/novosti/minselxozprod-rt-obieiavliaet-otbor-po-grantu-agromativator,context,0,False,1,1,False,False,False,needs_review,['not_editorially_useful'],[],context
evt_65eff7a4729c7d5689ff0392,,Минсельхозпрод РТ объявляет отбор по гранту «Агромативатор»,unknown,2026-09-04T08:29:00Z,2026-09-05T19:06:40Z,mo-92622000,territory,,,,low,media,https://biektaw.ru/news/v-respublike/minselxozprod-rt-obieiavliaet-otbor-po-grantu-agromativator,context,0,False,1,1,False,False,False,needs_review,['not_editorially_useful'],[],context
evt_2feeba8011d954a21bfeeb33,,Каждую пятницу мы просим вас принять активное участие в финансовой помощи для закупки необходимых вещей НАШИМ РЕБЯТАМ. Традиционно сумма перевода составляет 333 руб.,unknown,2026-09-04T08:27:38Z,2026-09-05T19:06:33Z,mo-92656000,territory,,,,low,media,https://t.me/TulInformm/35565,context,42,False,1,1,False,False,False,needs_review,['not_editorially_useful'],[],priority_review
evt_b29fea4e861cbe57465b65f0,,У челнинки сгорел гарнитур на кухне из-за замкнувшей проводки,reported,2026-09-04T08:20:33Z,2026-09-05T19:06:34Z,mo-92730000,territory,,,,low,media,https://t.me/chelny_news1/48604,context,20,False,1,1,False,False,False,needs_review,['not_editorially_useful'],[],priority_review
evt_1060dfef7d9ec7d82cd18b4d,,Минсельхозпрод РТ объявляет отбор по гранту «Агромативатор»,unknown,2026-09-04T08:19:00Z,2026-09-05T19:06:45Z,mo-92650000,territory,,,,low,media,https://rsloboda-rt.ru/news/obschestvo-i-myi/minselxozprod-rt-obieiavliaet-otbor-po-grantu-agromativator,context,0,False,1,1,False,False,False,needs_review,['not_editorially_useful'],[],context
evt_d09de7bc2de5b7db94cdbddf,,В Урсале приступили к ремонту моста,in_progress,2026-09-04T08:17:00Z,2026-09-05T19:06:38Z,mo-92608000,territory,,,,low,media,https://almetievsk-ru.ru/news/gorod/v-ursale-pristupili-k-remontu-mosta,useful,87,False,1,1,True,False,False,ready,[],[],publish_now
evt_00374ade811ceb56dcdf4e46,,1 сентября в нижней части Агрыза открыла двери новая гимназия №1 имени Героя Советского Союза Асафа Абдрахманова,unknown,2026-09-04T08:15:00Z,2026-09-05T19:06:35Z,mo-92601000,territory,,,,low,media,https://agryz-rt.ru/news/pecatnaia-versiia/devianosto-let-istorii-i-novaia-zizn-gimnaziia-1-v-agryze-vstretila-ucenikov-v-novom-zdanii,context,20,False,1,1,False,False,False,needs_review,['not_editorially_useful'],[],priority_review
evt_d54b15549ba37ec096ea4fa2,,"Хлеб «Столичный» обновили: меньше жиров, больше удобства",resolved,2026-09-04T08:14:00Z,2026-09-05T19:06:40Z,mo-92624000,territory,,,,low,media,https://chuprale-online.ru/news/obschestvo/xleb-stolicnyi-obnovili-mense-zirov-bolse-udobstva,context,16,False,1,1,False,False,False,needs_review,['not_editorially_useful'],[],priority_review
evt_c7b093cf219d2b0a2a9ea869,,"Протяжённость водопроводных сетей Альметьевска — около 320 км. Часть труб давно в эксплуатации, они подвержены коррозии и другим дефектам. И периодически это приводит к авариям. Жители сразу нескольких домов месяцами ждут, когда ответственные службы завершат ремонтные работы и восстановят тротуары. Подробнее – в сюжете Елены Бауэр.",unknown,2026-09-04T08:12:17Z,2026-09-05T19:06:26Z,mo-92608101,territory,,,,low,media,https://t.me/uvt24/32672,context,42,False,1,1,False,False,False,needs_review,['not_editorially_useful'],[],priority_review
evt_bfb6b91d05e3e26136ed93fc,,Яшел Үзән районында 64 ишегалды ремонтланган,unknown,2026-09-04T08:11:35Z,2026-09-05T19:06:30Z,mo-92628101,territory,,,,low,media,https://t.me/yasheluzan/54081,context,20,False,1,1,False,False,False,needs_review,['not_editorially_useful'],[],priority_review
evt_9c118f1efd510fe54030b1ed,,Татарстан Авыл хуҗалыгы министрлыгы «Агромотиватор» гранты буенча сайлап алуны игълан итә,unknown,2026-09-04T08:08:00Z,2026-09-05T19:06:43Z,mo-92636000,territory,,,,low,media,https://zamansulyshy.ru/news/jemgyiyat/tatarstan-avyl-xualygy-ministrlygy-agromotivator-granty-buenca-sailap-aluny-igielan-ita,context,0,False,1,1,False,False,False,needs_review,['not_editorially_useful'],[],context
evt_ef26081287bd71e4ccbe7c82,,У челнинки сгорел гарнитур на кухне из-за замкнувшей проводки,unknown,2026-09-04T08:04:00Z,2026-09-05T19:06:46Z,mo-92730000,territory,,,,low,media,https://chelny-izvest.ru/news/proisshestviya/u-celninki-sgorel-garnitur-na-kuxne-iz-za-zamknuvsei-provodki,context,0,False,1,1,False,False,False,needs_review,"['summary_too_short', 'not_editorially_useful']",[],context
evt_380dac0b519533471177009d,,"Озак еллар бинага капиталь ремонт ясау мәсьәләсе көн тәртибендә бик кискен торды һәм, ниһаять, республика ярдәме һәм нефтьчеләр тырышлыгы белән әлеге тулай тора",unknown,2026-09-04T08:03:01Z,2026-09-05T19:06:26Z,mo-92608000,territory,,,,low,media,https://t.me/atannary/29069,context,42,False,1,1,False,False,False,needs_review,['not_editorially_useful'],[],priority_review
evt_05206e6a5ca06b523caf1d6d,,Минсельхозпрод РТ объявляет отбор по гранту «Агромативатор»,unknown,2026-09-04T08:02:00Z,2026-09-05T19:06:38Z,mo-92613000,territory,,,,low,media,https://atnya-rt.ru/news/khbrlr/minselxozprod-rt-obieiavliaet-otbor-po-grantu-agromativator,context,0,False,1,1,False,False,False,needs_review,['not_editorially_useful'],[],context
evt_109de77e09b19930d261ed1d,,В Елабуге из-за аварии и ремонта ограничили холодную и горячую воду,unknown,2026-09-04T08:00:00Z,2026-09-05T19:06:41Z,mo-92626101,settlement,Елабуга,52.0539938,55.7577131,low,media,https://elabuga-rt.ru/news/novosti/v-elabuge-iz-za-avarii-i-remonta-ogranicili-xolodnuiu-i-goriacuiu-vodu,context,20,False,1,1,False,False,False,needs_review,['not_editorially_useful'],[],priority_review
evt_f604d6a300c919e4c00fcff3,,В Татарстане стартовал третий отбор по гранту «Агромотиватор» для ветеранов СВО,unknown,2026-09-04T08:00:00Z,2026-09-05T19:06:40Z,mo-92620000,territory,,,,low,media,https://vuslon.ru/news/obschestvo/v-tatarstane-startoval-tretii-otbor-po-grantu-agromotivator-dlia-veteranov-svo,context,0,False,1,1,False,False,False,needs_review,['not_editorially_useful'],[],context
evt_e9bcab88e78d52ec20d3f7da,,Минсельхозпрод РТ объявляет отбор по гранту «Агромативатор»,unknown,2026-09-04T07:58:00Z,2026-09-05T19:06:44Z,mo-92640000,territory,,,,low,media,https://menzela.ru/news/zhizn-respubliki/minselxozprod-rt-obieiavliaet-otbor-po-grantu-agromativator,context,0,False,1,1,False,False,False,needs_review,['not_editorially_useful'],[],context
evt_d226b953b39e057f40802595,,"Внимание! 4 сентября на территории Алькеевского района местами ожидаются: ночью и днем гроза с кратковременными усилениями ветра 15-18 м/с, ночью и утром туман.",reported,2026-09-04T07:50:46Z,2026-09-05T19:06:26Z,mo-92607000,territory,,,,low,media,https://t.me/alki_vesti/20573,context,0,False,1,1,False,False,False,needs_review,['not_editorially_useful'],[],context
evt_1fde0bd32ab25f7f1e6ad09e,,Минсельхозпрод РТ объявляет отбор по гранту «Агромативатор»,unknown,2026-09-04T07:41:00Z,2026-09-05T19:06:39Z,mo-92617000,territory,,,,low,media,https://bugulma-tatarstan.ru/news/news/minselxozprod-rt-obieiavliaet-otbor-po-grantu-agromativator,context,16,False,1,1,False,False,False,needs_review,['not_editorially_useful'],[],priority_review
evt_4c2abdb052fe714039bb7509,,Арча районында тарихи вакыйга: йөзенче мәчет төзелә,in_progress,2026-09-04T07:41:00Z,2026-09-05T19:06:38Z,mo-92612151,territory,,,,low,media,https://arskmedia.ru/news/rayon-yaalyklary/arca-raionynda-tarixi-vakyiga-iozence-macet-tozela,useful,79,False,1,1,True,False,False,ready,[],[],publish_now
evt_b94a3792eff20c4475e97d99,,Минсельхозпрод РТ объявляет отбор по гранту «Агромативатор»,unknown,2026-09-04T07:41:00Z,2026-09-05T19:06:39Z,mo-92618000,territory,,,,low,media,https://buinsk-tat.ru/news/vchera-segodnya-zavtra/minselxozprod-rt-obieiavliaet-otbor-po-grantu-agromativator,context,0,False,1,1,False,False,False,needs_review,['not_editorially_useful'],[],context
evt_b9516ddd4ead00a91aa81569,,"У 60-летнего мужчины из Нижнекамской больницы извлекли зубной имплант, который провалился в гайморову пазуху и оказался под глазницей",reported,2026-09-04T07:40:15Z,2026-09-05T19:06:29Z,mo-92628000,territory,,,,low,media,https://t.me/zpravda/108538,context,36,False,1,1,False,False,False,needs_review,['not_editorially_useful'],[],priority_review
evt_bf3b89f415580759d9a963fe,,"Приёмные семьи из Буинского, Спасского и Дрожжановского районов отправились в совместную поездку в Ульяновск.",unknown,2026-09-04T07:35:57Z,2026-09-05T19:06:28Z,mo-92618000,territory,,,,low,media,https://t.me/buinsknews/47198,context,20,False,1,1,False,False,False,needs_review,['not_editorially_useful'],[],priority_review
evt_3dad9821ff6408ca1d4b6eb2,,Минсельхозпрод РТ объявляет отбор по гранту «Агромативатор»,unknown,2026-09-04T07:30:00Z,2026-09-05T19:06:41Z,mo-92627000,territory,,,,low,media,https://zainsk-inform.ru/news/obschestvo/minselxozprod-rt-obieiavliaet-otbor-po-grantu-agromativator,context,0,False,1,1,False,False,False,needs_review,['not_editorially_useful'],[],context
evt_b768bf3e2a2a6847b4398f90,,Цифровой ID в МАКС: Татарстан в числе лидеров по заселению в гостиницы,reported,2026-09-04T07:29:00Z,2026-09-05T19:06:44Z,mo-92646000,territory,,,,low,media,https://nurlat-tat.ru/news/novosti/cifrovoi-id-v-maks-tatarstan-v-cisle-liderov-po-zaseleniiu-v-gostinicy,context,0,False,1,1,False,False,False,needs_review,['not_editorially_useful'],[],context
evt_2dde5bd661c345177744b955,,Минсельхозпрод Татарстана объявляет отбор по гранту «Агромативатор»,unknown,2026-09-04T07:27:00Z,2026-09-05T19:06:40Z,mo-92624000,territory,,,,low,media,https://chuprale-online.ru/news/obschestvo/minselxozprod-tatarstana-obieiavliaet-otbor-po-grantu-agromativator,context,16,False,2,2,False,False,False,needs_review,['not_editorially_useful'],[],priority_review
evt_f5108ee41cfb5f038a584d5a,,Минсельхозпрод РТ объявляет отбор по гранту «Агромативатор»,unknown,2026-09-04T07:27:00Z,2026-09-05T19:06:43Z,mo-92639000,territory,,,,low,media,https://mendeleevskyi.ru/news/selskoe-xoziaistvo/minselxozprod-rt-obieiavliaet-otbor-po-grantu-agromativator,context,0,False,1,1,False,False,False,needs_review,['not_editorially_useful'],[],context
evt_545eae072cbbd2a82439dbaf,,Минсельхозпрод РТ объявляет отбор по гранту «Агромативатор»,unknown,2026-09-04T07:23:00Z,2026-09-05T19:06:38Z,mo-92608000,territory,,,,low,media,https://almetievsk-ru.ru/news/goryachie-novosti/minselxozprod-rt-obieiavliaet-otbor-po-grantu-agromativator,context,16,False,1,1,False,False,False,needs_review,['not_editorially_useful'],[],priority_review
evt_999f9a2eb3f7fffc74de7925,,Минсельхозпрод РТ объявляет отбор по гранту «Агромативатор»,unknown,2026-09-04T07:17:00Z,2026-09-05T19:06:44Z,mo-92645000,territory,,,,low,media,https://novoshishminsk.ru/news/selskoe-hozyaystvo/minselxozprod-rt-obieiavliaet-otbor-po-grantu-agromativator,context,0,False,1,1,False,False,False,needs_review,['not_editorially_useful'],[],context
evt_aab2caa08519604ee0911280,,Минсельхозпрод РТ объявляет отбор по гранту «Агромативатор»,unknown,2026-09-04T07:17:00Z,2026-09-05T19:06:43Z,mo-92636000,territory,,,,low,media,https://leninogorsk-rt.ru/news/novostnaya-lenta/minselxozprod-rt-obieiavliaet-otbor-po-grantu-agromativator,context,0,False,1,1,False,False,False,needs_review,['not_editorially_useful'],[],context
evt_7883df75b6cd75c01ce1331f,,В центре Казани введут ограничения движения 27 и 28 октября — улице Карла Маркса,planned,2026-09-04T07:15:24Z,2026-09-05T19:06:25Z,mo-92701000,street,улица Карла Маркса,49.12494773304076,55.79623108603794,low,media,https://t.me/tatmediaofficial/158535,useful,97,False,2,1,True,True,False,ready,[],[],publish_now
evt_ab1c8e6ebea85439cb2c4c1a,,В центре Казани введут ограничения движения 27 и 28 октября — улице Пушкина,planned,2026-09-04T07:15:24Z,2026-09-05T19:06:25Z,mo-92701000,street,улица Пушкина,49.12579180688482,55.796732757045056,low,media,https://t.me/tatmediaofficial/158535,useful,97,False,2,1,True,True,False,ready,[],[],publish_now
evt_ff3a0a162c4e8d6d028be33e,,В центре Казани введут ограничения движения 27 и 28 октября — улицу Театральную,planned,2026-09-04T07:15:24Z,2026-09-05T19:06:25Z,mo-92701000,street,Театральная улица,49.12444104605762,55.79686659243734,low,media,https://t.me/tatmediaofficial/158535,useful,97,False,2,1,True,True,False,ready,[],[],publish_now
evt_c5232a15522457a5ad59e046,,Минсельхозпрод РТ объявляет отбор по гранту «Агромативатор»,unknown,2026-09-04T07:15:00Z,2026-09-05T19:06:42Z,mo-92630000,territory,,,,low,media,https://kamskoe-ustie.ru/news/sel-hoz/minselxozprod-rt-obieiavliaet-otbor-po-grantu-agromativator,context,0,False,1,1,False,False,False,needs_review,['not_editorially_useful'],[],context
evt_782dfb841cdc4e1278a9ea41,,Юллар төзү һәм ремонтлау - шәһәр киңлеген төзекләндерүдә өстенлекләрнең берсе.,reported,2026-09-04T07:13:01Z,2026-09-05T19:06:27Z,mo-92608000,street,улица Бигаш,52.2781819,54.9112003,low,media,https://t.me/atannary/29068,context,30,False,1,1,False,False,False,needs_review,['not_editorially_useful'],[],priority_review
evt_629359f068a24aaf3ffb57f4,,Жителям Татарстана напомнили о рисках встречи с лосями,unknown,2026-09-04T07:12:00Z,2026-09-05T19:06:45Z,mo-92650000,territory,,,,low,media,https://rsloboda-rt.ru/news/obschestvo-i-myi/ziteliam-tatarstana-napomnili-o-riskax-vstreci-s-losiami,context,0,False,1,1,False,False,False,needs_review,['not_editorially_useful'],[],context
evt_46438575cc96a013641de47f,,Минсельхозпрод РТ объявляет отбор по гранту «Агромативатор»,unknown,2026-09-04T07:08:00Z,2026-09-05T19:06:38Z,mo-92610000,territory,,,,low,media,https://apastovo.ru/news/v-respublike/minselxozprod-rt-obieiavliaet-otbor-po-grantu-agromativator,context,0,False,1,1,False,False,False,needs_review,['not_editorially_useful'],[],context
evt_ae46caf8273766ce3f6e250a,,Министерство сельского хозяйства и продовольствия РТ открыло приём заявок на грант «Агромотиватор» для ветеранов и действующих участников специальной военной оп,unknown,2026-09-04T07:06:00Z,2026-09-05T19:06:47Z,mo-92632000,territory,,,,low,media,https://spas-rt.ru/news/apk-dela-problemy/ucastniki-svo-iz-tatarstana-mogut-polucit-do-7-mln-rublei-na-razvitie-agrobiznesa,useful,70,False,1,1,True,False,False,ready,[],[],publish_now
evt_fd15915887eaf79242a1d0c2,,Минсельхозпрод РТ объявляет отбор по гранту «Агромативатор»,unknown,2026-09-04T07:05:00Z,2026-09-05T19:06:35Z,mo-92601000,territory,,,,low,media,https://agryz-rt.ru/news/selskoe-hozyaistvo/minselxozprod-rt-obieiavliaet-otbor-po-grantu-agromativator,context,16,False,1,1,False,False,False,needs_review,['not_editorially_useful'],[],priority_review
evt_b9602693b97cccdca4f31f98,,Елабужан приглашают на сельскохозяйственную ярмарку,reported,2026-09-04T07:04:27Z,2026-09-05T19:06:29Z,,territory,,,,low,media,https://t.me/ElabugaNK/46254,context,16,False,1,1,False,False,False,needs_review,['not_editorially_useful'],[],priority_review
evt_c316830ec6e9096e8a03d254,,Минсельхозпрод РТ объявляет отбор по гранту «Агромативатор»,unknown,2026-09-04T07:03:00Z,2026-09-05T19:06:42Z,mo-92634000,territory,,,,low,media,https://laishevskyi.ru/news/kriminal/minselxozprod-rt-obieiavliaet-otbor-po-grantu-agromativator,context,0,False,1,1,False,False,False,needs_review,['not_editorially_useful'],[],context
evt_96a4881ecd1c03d9804a8acd,,Члены комиссии по безопасности дорожного движения говорили о езде на опасной мототехнике,reported,2026-09-04T07:00:18Z,2026-09-05T19:06:32Z,mo-92646000,territory,,,,low,media,https://t.me/nurlatinform/82221,context,36,False,1,1,False,False,False,needs_review,['not_editorially_useful'],[],priority_review
evt_7d6507cc64f907daa3713941,,Чаллы янындагы авариядә 26 яшьлек хатын-кыз һәлак булды,unknown,2026-09-04T07:00:00Z,2026-09-05T19:06:47Z,mo-92730000,territory,,,,low,media,https://shahrichalli.ru/news/kich-bgen-irtg/cally-ianyndagy-avariiada-26-iaslek-xatyn-kyz-halak-buldy,useful,79,False,1,1,True,False,False,ready,[],[],publish_now
evt_d9f5a7b75965c48b03133e9d,,Минсельхозпрод РТ объявляет отбор по гранту «Агромотиватор»,unknown,2026-09-04T07:00:00Z,2026-09-05T19:06:41Z,mo-92628000,territory,,,,low,media,https://zpravda.ru/news/novosti/minselxozprod-rt-obieiavliaet-otbor-po-grantu-agromotivator,context,0,False,1,1,False,False,False,needs_review,['not_editorially_useful'],[],context
evt_63e5170a1eb22bc8f5056452,,Минсельхозпрод РТ объявляет отбор по гранту «Агромативатор»,unknown,2026-09-04T06:57:00Z,2026-09-05T19:06:47Z,mo-92654000,territory,,,,low,media,https://yutazy.ru/news/selskoe-hozyaystvo/minselxozprod-rt-obieiavliaet-otbor-po-grantu-agromativator,context,0,False,1,1,False,False,False,needs_review,['not_editorially_useful'],[],context
evt_59c5ad17f2e642a913f3be2f,,Минсельхозпрод РТ объявляет отбор по гранту «Агромативатор»,unknown,2026-09-04T06:56:00Z,2026-09-05T19:06:37Z,mo-92605000,territory,,,,low,media,https://aktanysh-rt.ru/news/avyl-khualygy-sulyshy/minselxozprod-rt-obieiavliaet-otbor-po-grantu-agromativator,context,0,False,1,1,False,False,False,needs_review,['not_editorially_useful'],[],context
evt_5ffdf5202175f7d0789d6594,,Минсельхозпрод РТ объявляет отбор по гранту «Агромативатор»,unknown,2026-09-04T06:55:00Z,2026-09-05T19:06:38Z,mo-92614000,territory,,,,low,media,https://bavly-tat.ru/news/polezno-znat/minselxozprod-rt-obieiavliaet-otbor-po-grantu-agromativator,context,0,False,1,1,False,False,False,needs_review,['not_editorially_useful'],[],context
evt_7c5dd8e1a05933ca6c672d7c,,В Приволжском районе начался ремонт улиц Дубравной и Габишева.,in_progress,2026-09-04T06:52:30Z,2026-09-05T19:06:47Z,mo-92701000,territory,,,,low,official,https://t.me/kzn_official/23589,context,20,False,1,1,False,False,False,needs_review,['not_editorially_useful'],[],priority_review
evt_4a134538a5213c1674d2f4d1,,Минсельхозпрод РТ объявляет отбор по гранту «Агромативатор»,unknown,2026-09-04T06:52:00Z,2026-09-05T19:06:45Z,mo-92648000,territory,,,,low,media,https://pestrecy-rt.ru/news/v-respublike/minselxozprod-rt-obieiavliaet-otbor-po-grantu-agromativator,context,0,False,1,1,False,False,False,needs_review,['not_editorially_useful'],[],context
evt_f6933e973f45687666d3870d,,Минсельхозпрод РТ объявляет отбор по гранту «Агромативатор»,unknown,2026-09-04T06:52:00Z,2026-09-05T19:06:44Z,mo-92646000,territory,,,,low,media,https://nurlat-tat.ru/news/selskoe-xoziaistvo/minselxozprod-rt-obieiavliaet-otbor-po-grantu-agromativator,context,0,False,1,1,False,False,False,needs_review,['not_editorially_useful'],[],context
evt_23d7d422476dfbf8dc4d5a71,,Минсельхозпрод РТ объявляет отбор по гранту «Агромативатор»,unknown,2026-09-04T06:51:00Z,2026-09-05T19:06:39Z,mo-92615000,territory,,,,low,media,https://baltaci.ru/news/trud/minselxozprod-rt-obieiavliaet-otbor-po-grantu-agromativator,context,0,False,1,1,False,False,False,needs_review,['not_editorially_useful'],[],context
evt_50de145c5b7601572aaba3de,,Минсельхозпрод РТ объявляет отбор по гранту «Агромативатор»,unknown,2026-09-04T06:51:00Z,2026-09-05T19:06:44Z,mo-92642000,territory,,,,low,media,https://muslumirc.ru/news/avyl-khualygy/minselxozprod-rt-obieiavliaet-otbor-po-grantu-agromativator,context,16,False,1,1,False,False,False,needs_review,['not_editorially_useful'],[],priority_review
evt_f9faed7959a0f17c082e4a76,,Минсельхозпрод РТ объявляет отбор по гранту «Агромативатор»,unknown,2026-09-04T06:49:00Z,2026-09-05T19:06:37Z,mo-92606000,territory,,,,low,media,https://alekseyevsk.ru/news/selskoe-hozyaystvo/minselxozprod-rt-obieiavliaet-otbor-po-grantu-agromativator,context,0,False,1,1,False,False,False,needs_review,['not_editorially_useful'],[],context
evt_9c4068b026bc2a66a718cdf6,,В Азеевском поселении открылась новая спортивная площадка,resolved,2026-09-04T06:45:37Z,2026-09-05T19:06:32Z,mo-92645432,territory,,,,low,media,https://t.me/shesmauk/35796,useful,79,False,1,1,True,False,False,ready,[],[],publish_now
evt_3111f83cc58e33e0cae35883,,На днях пешеходную часть моста временно перекрывали из-за ремонтных работ.,in_progress,2026-09-04T06:45:09Z,2026-09-05T19:06:26Z,mo-92608000,territory,,,,low,media,https://t.me/uvt24/32665,useful,87,False,1,1,True,False,False,ready,[],[],publish_now
evt_aa10a7f0d734b4020aa75fe5,,В Татарстане открылся прием заявлений на получение разрешений на охоту пушных животных в общедоступных угодьях.,resolved,2026-09-04T06:37:49Z,2026-09-05T19:06:31Z,,territory,,,,low,media,https://t.me/ntr24ru/45232,context,59,False,1,1,False,False,False,needs_review,['not_editorially_useful'],[],priority_review
evt_809ceba78d9a17a8eabfb0e4,,В Азеевском поселении открылась новая спортивная площадка,resolved,2026-09-04T06:37:00Z,2026-09-05T19:06:44Z,mo-92645000,territory,,,,low,media,https://novoshishminsk.ru/news/novosti-rayona/v-azeevskom-poselenii-otkrylas-novaia-sportivnaia-ploshhadka,useful,79,False,1,1,True,False,False,ready,[],[],publish_now
evt_6aa726aecb79c7f8b18257fb,,"В Татарстане начался сезон гона у лосей, Госкомитет по биоресурсам предупреждает водителей об опасности.",reported,2026-09-04T06:28:46Z,2026-09-05T19:06:26Z,mo-92608000,territory,,,,low,media,https://t.me/uvt24/32664,context,16,False,1,1,False,False,False,needs_review,['not_editorially_useful'],[],priority_review
evt_33897a5eac97e89a3f78a668,,Беренче катта яшәү һәм эшләүнең үз үзенчәлекләре бар инде аның. Бүген иртән эшкә килгән төшкә безне бик күңелле буламаган күренеш көтте 😥,reported,2026-09-04T06:27:26Z,2026-09-05T19:06:30Z,mo-92628000,territory,,,,low,media,https://t.me/yasheluzan/54078,context,0,False,1,1,False,False,False,needs_review,['not_editorially_useful'],[],context
evt_f238d1e514383509cda1073c,,Фотофакт,unknown,2026-09-04T06:19:21Z,2026-09-05T19:06:32Z,mo-92640101,territory,,,,low,media,https://t.me/smi_menzela/28801,context,36,False,1,1,False,False,False,needs_review,['not_editorially_useful'],[],priority_review
evt_622f1c65c8e772f34d7f072e,,Бабье лето начнётся 8 сентября после шторма,reported,2026-09-04T06:17:00Z,2026-09-05T19:06:41Z,mo-92627000,territory,,,,low,media,https://zainsk-inform.ru/news/obschestvo/babe-leto-nacnetsia-8-sentiabria-posle-storma,context,0,False,1,1,False,False,False,needs_review,['not_editorially_useful'],[],context
evt_96ce247b572096fea6af7ce2,,Бабье лето придёт в Татарстан после осеннего шторма,reported,2026-09-04T06:10:08Z,2026-09-05T19:06:29Z,mo-92627000,territory,,,,low,media,https://t.me/zainsknews/60976,context,20,False,1,1,False,False,False,needs_review,['not_editorially_useful'],[],priority_review
evt_8e0762dfa174d4a7edaca1d3,,В Черемшанском районе поймали похитителя алкоголя,reported,2026-09-04T06:09:29Z,2026-09-05T19:06:33Z,mo-92658460,territory,,,,low,media,https://t.me/n_chrmshn/18591,context,36,False,1,1,False,False,False,needs_review,['not_editorially_useful'],[],priority_review
evt_74f91e4191c9a15a68b91ee1,,"Берничә мәктәпкә капиталь ремонт ясалды, калганнары да төзекләндерелде.",unknown,2026-09-04T06:02:00Z,2026-09-05T19:06:27Z,mo-92608000,territory,,,,low,media,https://t.me/atannary/29067,context,0,False,1,1,False,False,False,needs_review,['not_editorially_useful'],[],context
evt_9385ecff6212fd1103121ad0,,Учителя татарского языка определили направления работы на новый учебный год31 а,reported,2026-09-04T06:01:46Z,2026-09-05T19:06:32Z,mo-92640000,territory,,,,low,media,https://t.me/smi_menzela/28796,context,16,False,1,1,False,False,False,needs_review,['not_editorially_useful'],[],priority_review
evt_3af5d34951399cf87b3a6eaf,,"Путь в профессию начался с мастер-класса от коллег из Болгара, куда он отправился после учёбы.",reported,2026-09-04T05:58:45Z,2026-09-05T19:06:30Z,mo-92701000,territory,,,,low,media,https://t.me/novosti_mamadysha/63874,context,20,False,1,1,False,False,False,needs_review,['not_editorially_useful'],[],priority_review
evt_f4bd268d1e26fd9a84b1f057,,Обгон под запрещающий знак привел к трагедии: в массовой аварии в РТ погибла молодая девушка,unknown,2026-09-04T05:57:00Z,2026-09-05T19:06:42Z,mo-92629000,territory,,,,low,media,https://kaibicy.ru/news/proissestviia/obgon-pod-zapreshhaiushhii-znak-privel-k-tragedii-v-massovoi-avarii-v-rt-pogibla-molodaia-devuska,context,20,False,1,1,False,False,False,needs_review,['not_editorially_useful'],[],priority_review
evt_7e26fedded98699606c8b37b,,В дни выборов в Лениногорске и селах района будут открыты 56 избирательных участков,resolved,2026-09-04T05:54:00Z,2026-09-05T19:06:43Z,mo-92636101,settlement,Лениногорск,52.4469099,54.5994324,low,media,https://leninogorsk-rt.ru/news/novostnaya-lenta/v-dni-vyborov-v-leninogorske-i-selax-raiona-budut-otkryty-56-izbiratelnyx-ucastkov,useful,87,False,2,2,False,False,False,needs_review,['resolved_text_looks_open'],[],priority_review
evt_fec26fb24b3479d86c2a88e0,,"Ты думал, это просто текст?",reported,2026-09-04T05:52:18Z,2026-09-05T19:06:28Z,mo-92620000,territory,,,,low,media,https://t.me/verhniyuslon/41066,context,0,False,1,1,False,False,False,needs_review,['not_editorially_useful'],[],context
evt_14d93d1677be11d794678ba7,,В Челнах открыли новое здание филиала бюро судмедэкспертизы,resolved,2026-09-04T05:50:00Z,2026-09-05T19:06:46Z,mo-92730000,territory,,,,low,media,https://chelny-izvest.ru/news/health/v-celnax-otkryli-novoe-zdanie-filiala-biuro-sudmedekspertizy,useful,79,False,1,1,True,False,False,ready,[],[],publish_now
evt_9b3922762379119aa30696a7,,Киләсе елда уртача пенсия 29 мең сумнан артырга мөмкин,unknown,2026-09-04T05:42:00Z,2026-09-05T19:06:45Z,mo-92657000,territory,,,,low,media,https://tukai-rt.ru/news/amgyiat/kilase-elda-urtaca-pensiia-29-men-sumnan-artyrga-momkin,context,0,False,1,1,False,False,False,needs_review,['not_editorially_useful'],[],context
evt_cd78d7c56dafb2a7fbd1f080,,"Районда социаль әһәмияткә ия программалар гамәлгә ашырыла, торак төзелә, юллар, мәктәпләр, социаль, спорт һәм мәдәният учреждениеләре ремонтлана.",in_progress,2026-09-04T05:41:41Z,2026-09-05T19:06:27Z,mo-92608000,territory,,,,low,media,https://t.me/atannary/29066,context,59,False,1,1,False,False,False,needs_review,['not_editorially_useful'],[],priority_review
evt_c27104ce27f1f8c6f11327ce,,За появление в пьяном виде в общественном месте суд назначил административный арест ⚖️🍺,unknown,2026-09-04T05:40:02Z,2026-09-05T19:06:28Z,mo-92615430,territory,,,,low,media,https://t.me/bugulgazeta/58305,context,0,False,1,1,False,False,False,needs_review,['not_editorially_useful'],[],context
evt_72d58595eaaf8d67349de7dc,,Защита от гриппа: Роспотребнадзор запустил сезон вакцинации,unknown,2026-09-04T05:38:00Z,2026-09-05T19:06:38Z,mo-92614000,territory,,,,low,media,https://bavly-tat.ru/news/zdorove/zashhita-ot-grippa-rospotrebnadzor-zapustil-sezon-vakcinacii,context,0,False,1,1,False,False,False,needs_review,['not_editorially_useful'],[],context
evt_cfc0679e7ebf5426ffb09726,,Отремонтированные и построенные к 1 сентября здания образовательных учреждений были введены в эксплуатацию.,resolved,2026-09-04T05:36:52Z,2026-09-05T19:06:32Z,mo-92640000,street,улица Карла Маркса,53.0906956,55.7189803,low,media,https://t.me/smi_menzela/28792,useful,97,False,1,1,True,True,False,ready,[],[],publish_now
evt_e0a9dc48418bccb1b3a24340,,"4 сентября отмечают День овощей — отличный повод напомнить, как важны эти дары природы для нашего самочувствия.",unknown,2026-09-04T05:34:20Z,2026-09-05T19:06:32Z,mo-92640000,territory,,,,low,media,https://t.me/smi_menzela/28788,context,0,False,1,1,False,False,False,needs_review,['not_editorially_useful'],[],context
evt_4835c45b6bca093d31756ae7,,Воздушная защита: сколько стоят страховки от БПЛА в Челнах,reported,2026-09-04T05:30:00Z,2026-09-05T19:06:46Z,mo-92730000,territory,,,,low,media,https://chelny-izvest.ru/news/social/vozdusnaia-zashhita-skolko-stoiat-straxovki-ot-bpla-v-celnax,context,20,False,1,1,False,False,False,needs_review,['not_editorially_useful'],[],priority_review
evt_b3be30adbe6bdae345a073e4,,Двери «Нептуна» открыты: новый сезон — сегодня!,resolved,2026-09-04T05:21:10Z,2026-09-05T19:06:31Z,mo-92639000,territory,,,,low,media,https://t.me/mndnews/80788,useful,79,False,1,1,True,False,False,ready,[],[],publish_now
evt_fe7809b06a9dcfd3c3ad9558,,Названы главные отличия съедобных опят от ложных,unknown,2026-09-04T05:16:00Z,2026-09-05T19:06:43Z,mo-92638000,territory,,,,low,media,https://mamadysh-rt.ru/news/obshchestvo/nazvany-glavnye-otliciia-sieedobnyx-opiat-ot-loznyx,context,0,False,1,1,False,False,False,needs_review,['not_editorially_useful'],[],context
evt_30c85355610650765fd06ba3,,Более 250 ветеранов специальной военной операции с начала года прошли лечение и восстановление в реабилитационных центрах Социального фонда России.,reported,2026-09-04T05:13:00Z,2026-09-05T19:06:44Z,mo-92645000,territory,,,,low,media,https://novoshishminsk.ru/news/novosti-rayona/cifra-nedeli-veterany-svo-proxodiat-reabilitaciiu-v-centrax-sfr,context,20,False,2,2,False,False,False,needs_review,['not_editorially_useful'],[],priority_review
evt_9d77ae0939f739da527821bc,,Этот двор был отремонтирован одним из первых в этом году среди 19 объектов по программе Раиса Рустама Минниханова «Наш двор».,resolved,2026-09-04T05:12:31Z,2026-09-05T19:06:31Z,mo-92636101,territory,,,,low,media,https://t.me/len_vesti/29696,useful,97,False,1,1,True,False,False,ready,[],[],publish_now
evt_1155d3e96c43aaaa9e6621f0,,Отремонтированные и построенные к 1 сентября здания образовательных учреждений были введены в эксплуатацию.,resolved,2026-09-04T05:10:00Z,2026-09-05T19:06:44Z,mo-92640101,territory,,,,low,media,https://menzela.ru/news/reportazh/glava-menzelinskogo-raiona-provel-obieezd-stroitelnyx-obieektov,context,59,False,1,1,False,False,False,needs_review,['not_editorially_useful'],[],priority_review
evt_b9649f2d2ef31f233f9dd3cf,,Югары Ушма авылыннан махсус хәрби оперция ветераны Евгений Гришкин «Гаилә» илкүләм проекты кысаларында шиномонтаж һәм остаханә эшләтеп җибәрүгә дәүләт ярдәме алды. Акчалар база җиһазларын кредитларсыз сатып алырга мөмкинлек бирде. Бүген аның эше актив үсә.,reported,2026-09-04T05:04:44Z,2026-09-05T19:06:28Z,mo-92615428,territory,,,,low,media,https://t.me/xezmet_gazetasi/59744,context,50,False,1,1,False,False,False,needs_review,['not_editorially_useful'],[],priority_review
evt_677f9105ab515bff5ec03ec8,,"По данным Лаборатории солнечной астрономии ИКИ РАН, геомагнитная обстановка будет спокойной: буря, начавшаяся двумя днями ранее, полностью завершилась, остаточн",planned,2026-09-04T04:40:14Z,2026-09-05T19:06:33Z,mo-92650000,territory,,,,low,media,https://t.me/rusloboda/35306,context,0,False,1,1,False,False,False,needs_review,['not_editorially_useful'],[],context
evt_legacy_00308ee9a5f2529be3d524d7,public-e87eb1aa094c361b,Университет Иннополис продлил приём заявок на отраслевые премии по роботизации,unknown,2026-09-04T00:00:00Z,2026-09-04T15:47:31Z,mo-92620109,territory,,,,high,official,https://innopolis.university/news/awards-new-dates/,context,42,True,1,0,False,False,False,needs_review,"['missing_primary_evidence', 'not_editorially_useful']",[],priority_review
evt_legacy_1de2e1df2103bb4352a6dddb,public-a03753d315f32bcb,О средних потребительских ценах на автомобильный бензин и дизельное топливо по Республике Татарстан на 31 августа 2026 года,unknown,2026-09-04T00:00:00Z,2026-09-04T13:14:12Z,RU-TA,territory,,,,high,official,https://16.rosstat.gov.ru/news/document/289776,context,0,True,1,0,False,False,False,needs_review,"['missing_primary_evidence', 'not_editorially_useful']",[],context
evt_legacy_4603c879b80bd70cd90813ec,public-f45fc190c5ae52ff,Об уровне и индексах потребительских цен на некоторые виды продовольственных товаров по Республике Татарстан на 31 августа 2026 года,unknown,2026-09-04T00:00:00Z,2026-09-04T13:14:12Z,RU-TA,territory,,,,high,official,https://16.rosstat.gov.ru/news/document/289775,context,0,True,1,0,False,False,False,needs_review,"['missing_primary_evidence', 'not_editorially_useful']",[],context
evt_legacy_57c97c22b38659121eae0ca2,public-8d61c2ac0c602721,На телеканале UNIVER TV стартовал проект «Молодая наука»,unknown,2026-09-04T00:00:00Z,2026-09-04T15:47:33Z,RU-TA,territory,,,,high,official,https://media.kpfu.ru/news/na-telekanale-univer-tv-startoval-proekt-molodaya-nauka,context,0,True,1,0,False,False,False,needs_review,"['missing_primary_evidence', 'not_editorially_useful']",[],context
evt_legacy_5dd9219f01d985196c3ee5da,public-a37fdab52356d851,Лицеи Казанского университета вошли в рейтинг лучших школ России RAEX-2026,unknown,2026-09-04T00:00:00Z,2026-09-04T15:47:33Z,RU-TA,territory,,,,high,official,https://media.kpfu.ru/news/licei-kazanskogo-universiteta-voshli-v-reyting-luchshikh-shkol-rossii-raex-2026,context,16,True,1,0,False,False,False,needs_review,"['missing_primary_evidence', 'not_editorially_useful']",[],priority_review
evt_legacy_6e426f1bc1d5e6c053669b3d,public-2ccc2db7a23f54d6,О покрытии Юпитера Луной рассказал астроном Казанского федерального,unknown,2026-09-04T00:00:00Z,2026-09-04T15:47:33Z,RU-TA,territory,,,,high,official,https://media.kpfu.ru/news/o-pokrytii-yupitera-lunoy-rasskazal-astronom-kazanskogo-federalnogo,context,0,True,1,0,False,False,False,needs_review,"['missing_primary_evidence', 'not_editorially_useful']",[],context
evt_legacy_800b817ae1081a9aaa7f0d9e,public-5a67a417dc6caad9,"Миколог КФУ рассказал, что скрывают осенние опята",unknown,2026-09-04T00:00:00Z,2026-09-04T15:47:33Z,RU-TA,territory,,,,high,official,https://media.kpfu.ru/news/mikolog-kazanskogo-federalnogo-rasskazal-chto-skryvayut-osennie-opyata,context,0,True,1,0,False,False,False,needs_review,"['missing_primary_evidence', 'not_editorially_useful']",[],context
evt_legacy_d51f84ab1170bde30fb981b1,public-7d859d4de8b29454,"Подготовлен комплексный информационный доклад ""Социально-экономическое положение Республики Татарстан"" за январь-июль 2026 года",unknown,2026-09-04T00:00:00Z,2026-09-04T13:14:12Z,RU-TA,territory,,,,high,official,https://16.rosstat.gov.ru/news/document/289820,context,0,True,1,0,False,False,False,needs_review,"['missing_primary_evidence', 'not_editorially_useful']",[],context
evt_c35fe3f46c28575771078e9b,,Плановое отключение водоснабжения в Приволжском,planned,2026-09-04,2026-09-05T18:01:17Z,mo-92632462,territory,,,,medium,utility,https://www.kznvodokanal.ru/accident#water-e62c946cebbf2ab4304d734f,useful,97,False,2,1,True,False,False,ready,[],[],publish_now
evt_3443ecaf6ec52a938aca7027,,Лицеи КФУ улучшили позиции в рейтинге RAEX-2026,reported,2026-09-03T21:00:00Z,2026-09-05T18:56:08Z,mo-92701000,territory,,,,medium,media,http://media.kpfu.ru/news/licei-kazanskogo-universiteta-voshli-v-reyting-luchshikh-shkol-rossii-raex-2026,context,16,False,2,1,False,False,False,needs_review,['not_editorially_useful'],[],priority_review
evt_42fbc0f16ad76b0e9f4b6bbb,,"Плановое отключение водоснабжения в Приволжском, КРЫМСКАЯ (П.КУЮКИ), 2",in_progress,2026-09-03T21:00:00Z,2026-09-05T19:12:18Z,mo-92632462,territory,,,,medium,utility,https://www.kznvodokanal.ru/accident#water-db12df38771d3abc32f80c88,useful,87,False,2,1,True,False,False,ready,[],[],publish_now
evt_61b480370ead480e67ee4115,,На телеканале UNIVER TV стартовал проект «Молодая наука»,reported,2026-09-03T21:00:00Z,2026-09-05T18:58:04Z,mo-92701000,territory,,,,medium,media,http://media.kpfu.ru/news/na-telekanale-univer-tv-startoval-proekt-molodaya-nauka,context,16,False,2,1,False,False,False,needs_review,['not_editorially_useful'],[],priority_review
evt_aa67ee2b7ed062887a4a271b,,"Отключение водоснабжения на Авиастроительном, ЗЕЛИНСКОГО, 102",in_progress,2026-09-03T21:00:00Z,2026-09-05T19:12:43Z,mo-92701000,building,"улица Зелинского, 102",49.02921970202706,55.8764229,medium,utility,https://www.kznvodokanal.ru/accident#water-cdcbc195ee0cd34fb68b1662,useful,97,False,3,1,True,True,False,ready,[],[],publish_now
evt_9feeff6d3a166e7f8c40b458,,"за сегодня, 3 сентября",reported,2026-09-03T18:34:52Z,2026-09-05T19:06:26Z,,territory,,,,low,media,https://t.me/tatmediaofficial/158526,context,20,False,1,1,False,False,False,needs_review,['not_editorially_useful'],[],priority_review
evt_8c59a1448b711505ae36e60a,,Минздрав России планирует обновить порядок проведения диспансеризации. Об этом пишут РИА Новости,planned,2026-09-03T18:03:47Z,2026-09-05T19:06:32Z,mo-92648000,territory,,,,low,media,https://t.me/pestresy/48378,context,0,False,1,1,False,False,False,needs_review,['not_editorially_useful'],[],context
evt_49f7ed08554032182ec72964,,🔻 Яшел Үзәндә ремонттан соң тантаналы рәвештә 1 нче номерлы олимпия резервы спорт мәктәбе ачылды.,reported,2026-09-03T17:40:36Z,2026-09-05T19:06:29Z,mo-92628101,territory,,,,low,media,https://t.me/zpravda/108525,context,59,False,1,1,False,False,False,needs_review,['not_editorially_useful'],[],priority_review
evt_5880355badbd966af5842355,,"Аварийные службы полностью восстановили электроснабжение в части Нижнекамска, которая осталась без света из-за пожара на трансформаторе в Большом Афанасово, сообщила пресс-служба администрации.",reported,2026-09-03T17:33:42Z,2026-09-05T19:06:31Z,mo-92644405,settlement,Большое Афанасово,51.7750744,55.5997218,low,media,https://t.me/ntr24ru/45219,useful,87,False,1,1,True,False,False,ready,[],[],publish_now
evt_63a25b608a4a4ec3e3410a02,,После завершения каждый участник получит именной сертификат с результатом.,planned,2026-09-03T17:13:01Z,2026-09-05T19:06:30Z,mo-92633000,territory,,,,low,media,https://t.me/kukmor_tatarstan/56135,context,0,False,1,1,False,False,False,needs_review,['not_editorially_useful'],[],context
evt_61776c055914636d4171d7b1,,Студентам Татарстана показали сериал о рисках вовлечения в опасные интернет-схемы,reported,2026-09-03T17:05:00Z,2026-09-05T19:06:41Z,mo-92626000,territory,,,,low,media,https://elabuga-rt.ru/news/novosti/studentam-tatarstana-pokazali-serial-o-riskax-vovleceniia-v-opasnye-internet-sxemy,context,0,False,1,1,False,False,False,needs_review,['not_editorially_useful'],[],context
evt_35677e55f136369730ed4e4a,,Салон «Комплексная безопасность» впервые открылся в Казани,resolved,2026-09-03T17:00:00Z,2026-09-05T19:06:40Z,mo-92701000,settlement,Казань,49.1115022,55.7946485,low,media,https://biektaw.ru/news/v-respublike/salon-kompleksnaia-bezopasnost-vpervye-otkrylsia-v-kazani,useful,79,False,1,1,True,False,False,ready,[],[],publish_now
evt_ba63c47b38f87ca860d50bf2,,"Сначала он совершил касательное столкновение с грузовым автомобилем КАМАЗ, а затем — с легковыми машинами Toyota RAV4 и Toyota Land Cruiser, которые двигались з",reported,2026-09-03T16:57:00Z,2026-09-05T19:06:46Z,mo-92655000,territory,,,,low,media,https://tetyushy.ru/news/okno-gibdd/smertelnoe-dtp-v-zainskom-raione-est-pogibsaia-i-postradavsie,context,36,False,1,1,False,False,False,needs_review,['not_editorially_useful'],[],priority_review
evt_0522d1a24dc712de3f649190,,"🔥 Что можно сжигать: • сухую траву, листву, ботву • мелкие ветки и чистые древесные обрезки • бумагу и картон 🚫 Что категорически запрещено: • пластик, плёнку,",reported,2026-09-03T16:54:02Z,2026-09-05T19:06:31Z,mo-92639000,territory,,,,low,media,https://t.me/mndnews/80763,context,0,False,1,1,False,False,False,needs_review,['not_editorially_useful'],[],context
evt_39661ea344dece69b549bff9,,Шаурмечную в Елабуге закрыли на 90 суток,paused,2026-09-03T16:45:24Z,2026-09-05T19:06:29Z,mo-92626101,street,улица Баки Урманче,52.024352,55.7755206,low,media,https://t.me/ElabugaNK/46242,context,30,False,1,1,False,False,False,needs_review,['not_editorially_useful'],[],priority_review
evt_3a53a4344578922b2debb62f,,Жителей Кукморского района призывают остерегаться ядовитого борщевика,unknown,2026-09-03T16:16:01Z,2026-09-05T19:06:30Z,mo-92633000,territory,,,,low,media,https://t.me/kukmor_tatarstan/56134,context,0,False,1,1,False,False,False,needs_review,['not_editorially_useful'],[],context
evt_13af7645f98a65ffe095914c,,Во дворе дома № 6 на улице Вокзальной прошел праздник по случаю завершения ремонта по республиканской программе. Отремонтировали дворы  — улице Корабельной,reported,2026-09-03T16:12:07Z,2026-09-05T19:06:31Z,mo-92644101,street,Корабельная улица,51.7925864,55.6267299,low,media,https://t.me/ntr24ru/45207,useful,89,False,1,1,True,True,False,ready,[],[],publish_now
evt_334450b7b93fe807f9ccefad,,Во дворе дома № 6 на улице Вокзальной прошел праздник по случаю завершения ремонта по республиканской программе. Отремонтировали дворы  — улице Вокзальной,reported,2026-09-03T16:12:07Z,2026-09-05T19:06:31Z,mo-92644101,street,Вокзальная улица,51.8036306,55.6186598,low,media,https://t.me/ntr24ru/45207,useful,89,False,1,1,True,True,False,ready,[],[],publish_now
evt_fcf19bb77bd86b5fa56b2c9c,,Теплицаны кышка әзерләү: чистарту һәм дезинфекция,reported,2026-09-03T16:04:43Z,2026-09-05T19:06:30Z,mo-92628000,territory,,,,low,media,https://t.me/yasheluzan/54062,context,0,False,1,1,False,False,False,needs_review,['not_editorially_useful'],[],context
evt_ee85dd511fa2ac00263d6ae9,,Теплицаны кышка әзерләү: чистарту һәм дезинфекция,reported,2026-09-03T16:00:00Z,2026-09-05T19:06:42Z,mo-92628000,territory,,,,low,media,https://yashel-uzan.ru/news/kirklekishlr/teplicany-kyska-azerlau-cistartu-ham-dezinfekciia,context,0,False,1,1,False,False,False,needs_review,['not_editorially_useful'],[],context
evt_ade7a1ce00e47f0105d58b61,,Наши 42 первокурсника и второкурсника получили стипендии от ИТ-компаний 🥰,unknown,2026-09-03T15:38:33Z,2026-09-05T19:06:25Z,RU-TA,territory,,,,low,media,https://t.me/universityinnopolis/3573,context,16,False,1,1,False,False,False,needs_review,['not_editorially_useful'],[],priority_review
evt_63c94a6e230ad99d1529382c,,"В Нижнекамске управляющая компания «Эйбэт» завершила комплексный ремонт в многоквартирных домах по улице Гагарина. Все коммунальные недочеты выявленные ранее в ходе проверок, были устранены.",resolved,2026-09-03T15:35:02Z,2026-09-05T19:06:31Z,mo-92644101,street,улица Гагарина,51.8511866,55.6537726,low,media,https://t.me/ntr24ru/45204,useful,97,False,1,1,True,True,False,ready,[],[],publish_now
evt_301d1b754cd8943c6b1a3836,,"У 60-летнего мужчины из Нижнекамской больницы извлекли зубной имплант, который провалился в гайморову пазуху и оказался под глазницей",reported,2026-09-03T15:32:37Z,2026-09-05T19:06:26Z,,territory,,,,low,media,https://t.me/tatmediaofficial/158514,context,36,False,1,1,False,False,False,needs_review,['not_editorially_useful'],[],priority_review
evt_c5ff7990310465f1b461a625,,На трассе Челны - Альметьевск в массовом ДТП погибла 26-летняя девушка,unknown,2026-09-03T15:16:00Z,2026-09-05T19:06:47Z,mo-92608101,territory,,,,low,media,https://chelny-izvest.ru/news/proisshestviya/na-trasse-celny-almetevsk-v-massovom-dtp-pogibla-26-letniaia-devuska,context,0,False,1,1,False,False,False,needs_review,['not_editorially_useful'],[],context
evt_5de097667f06467643dc2f89,,Минздрав России планирует обновить порядок диспансеризации,planned,2026-09-03T15:11:02Z,2026-09-05T19:06:30Z,mo-92633000,territory,,,,low,media,https://t.me/kukmor_tatarstan/56129,context,0,False,1,1,False,False,False,needs_review,['not_editorially_useful'],[],context
evt_83ebf723f6c74bbe2de9c5e7,,"Перед тем, как сносить стены, необходимо сначала обратиться в проектную организацию и подготовить документацию.",unknown,2026-09-03T15:05:01Z,2026-09-05T19:06:31Z,,territory,,,,low,media,https://t.me/ntr24ru/45202,context,20,False,1,1,False,False,False,needs_review,['not_editorially_useful'],[],priority_review
evt_1540c126d5e38c42a230b4ef,,"Осень таит разные риски — рассказали, как оставаться в безопасности: смотрите в наших карточках.",unknown,2026-09-03T15:04:02Z,2026-09-05T19:06:33Z,mo-92655000,territory,,,,low,media,https://t.me/tetyushy/51314,context,0,False,1,1,False,False,False,needs_review,['not_editorially_useful'],[],context
evt_33800511b734fbea8784dd90,,"Что можно сжигать на даче в 2026 году: правила, расстояния и штрафы",unknown,2026-09-03T14:57:00Z,2026-09-05T19:06:43Z,mo-92639000,territory,,,,low,media,https://mendeleevskyi.ru/news/stati/cto-mozno-szigat-na-dace-v-2026-godu-pravila-rasstoianiia-i-strafy,context,0,False,1,1,False,False,False,needs_review,['not_editorially_useful'],[],context
evt_2d234a534b06a9c180a1ef91,,26-летняя девушка погибла в ДТП на трассе Челны – Заинск – Альметьевск,reported,2026-09-03T14:32:47Z,2026-09-05T19:06:26Z,mo-92608101,territory,,,,low,media,https://t.me/uvt24/32659,useful,87,False,1,1,True,False,False,ready,[],[],publish_now
evt_2013ab6b02e54fce423c2252,,ГИБДД объявила планы рейдов на сентябрь,reported,2026-09-03T14:20:22Z,2026-09-05T19:06:29Z,mo-92628000,territory,,,,low,media,https://t.me/zpravda/108482,context,16,False,1,1,False,False,False,needs_review,['not_editorially_useful'],[],priority_review
evt_0a2e899dc65de4621d27046a,,В Нижнекамске активно ведутся работы по ремонту дорожной сети на проспекте Химиков. Сейчас рабочие преступили к обновлению самых сложных участков — тротуара у дома № 64 и пешеходного пути у заброшенной стройки.,in_progress,2026-09-03T14:05:02Z,2026-09-05T19:06:31Z,mo-92644101,street,проспект Химиков,51.8383642,55.6543705,low,media,https://t.me/ntr24ru/45199,useful,97,False,1,1,True,True,True,ready,[],[],publish_now
evt_862c4b75f3fcb325f3b5843d,,Безналичная оплата может появиться почти в 80% транспорта РТ к 2030 году,reported,2026-09-03T14:02:55Z,2026-09-05T19:06:26Z,,territory,,,,low,media,https://t.me/tatmediaofficial/158512,context,0,False,1,1,False,False,False,needs_review,['not_editorially_useful'],[],context
evt_1a69763ae275db054c94739b,,Жителям Альметьевска показали полный график перекрытия дорог из-за проведения Дня нефтяника — улица Ленина,reported,2026-09-03T14:02:38Z,2026-09-05T19:06:26Z,mo-92608101,territory,,,,low,media,https://t.me/uvt24/32658,context,46,False,1,1,False,False,False,needs_review,['not_editorially_useful'],[],priority_review
evt_2935d588808b901d1f5caedc,,Жителям Альметьевска показали полный график перекрытия дорог из-за проведения Дня нефтяника — ул. Ленина,reported,2026-09-03T14:02:38Z,2026-09-05T19:06:26Z,mo-92608101,territory,,,,low,media,https://t.me/uvt24/32658,context,46,False,1,1,False,False,False,needs_review,['not_editorially_useful'],[],priority_review
evt_2e676a9db0cb3a8ae3299839,,Жителям Альметьевска показали полный график перекрытия дорог из-за проведения Дня нефтяника — улица Ленина,reported,2026-09-03T14:02:38Z,2026-09-05T19:06:26Z,mo-92608101,territory,,,,low,media,https://t.me/uvt24/32658,context,46,False,1,1,False,False,False,needs_review,['not_editorially_useful'],[],priority_review
evt_4b565cd151d2d2d34c419f8a,,Жителям Альметьевска показали полный график перекрытия дорог из-за проведения Дня нефтяника — ул. Белоглазова,reported,2026-09-03T14:02:38Z,2026-09-05T19:06:26Z,mo-92608101,street,улица Белоглазова,52.293067,54.9050013,low,media,https://t.me/uvt24/32658,context,46,False,1,1,False,False,False,needs_review,['not_editorially_useful'],[],priority_review
evt_9e29edf4aff2c9f1aad1603c,,Жителям Альметьевска показали полный график перекрытия дорог из-за проведения Дня нефтяника — улица Гагарина,reported,2026-09-03T14:02:38Z,2026-09-05T19:06:26Z,mo-92608101,street,улица Гагарина,52.2951987,54.9026722,low,media,https://t.me/uvt24/32658,context,46,False,1,1,False,False,False,needs_review,['not_editorially_useful'],[],priority_review
evt_a83f8b01c49756097ec9bca3,,Жителям Альметьевска показали полный график перекрытия дорог из-за проведения Дня нефтяника — ул. Гагарина,reported,2026-09-03T14:02:38Z,2026-09-05T19:06:26Z,mo-92608101,street,улица Гагарина,52.29512815981261,54.90321547470197,low,media,https://t.me/uvt24/32658,context,46,False,2,1,False,False,False,needs_review,['not_editorially_useful'],[],priority_review
evt_b3e74ad6aaa874a798ee70ea,,Жителям Альметьевска показали полный график перекрытия дорог из-за проведения Дня нефтяника — улица Ленина,reported,2026-09-03T14:02:38Z,2026-09-05T19:06:26Z,mo-92608101,territory,,,,low,media,https://t.me/uvt24/32658,context,46,False,1,1,False,False,False,needs_review,['not_editorially_useful'],[],priority_review
evt_e3033c5099f34eeb943b9d9f,,Жителям Альметьевска показали полный график перекрытия дорог из-за проведения Дня нефтяника — ул. Тимирязева,reported,2026-09-03T14:02:38Z,2026-09-05T19:06:26Z,mo-92608101,street,улица Тимирязева,52.3104417,54.9019577,low,media,https://t.me/uvt24/32658,context,46,False,1,1,False,False,False,needs_review,['not_editorially_useful'],[],priority_review
evt_e57539ad64d972ddaff11f40,,Жителям Альметьевска показали полный график перекрытия дорог из-за проведения Дня нефтяника — ул. Радищева,reported,2026-09-03T14:02:38Z,2026-09-05T19:06:26Z,mo-92608101,street,улица Радищева,52.294363089286605,54.90965016881246,low,media,https://t.me/uvt24/32658,context,46,False,2,1,False,False,False,needs_review,['not_editorially_useful'],[],priority_review
evt_2dbecfe2964e1350ac9f1f94,,Подвергла угрозе весь дом: челнинку наказали за незаконную перепланировку,unknown,2026-09-03T14:00:00Z,2026-09-05T19:06:47Z,mo-92730000,territory,,,,low,media,https://chelny-izvest.ru/news/utility/celninku-nakazali-za-nezakonnuiu-pereplanirovku,context,0,False,1,1,False,False,False,needs_review,['not_editorially_useful'],[],context
evt_b83e0bb837b16bda7b464421,,На гранты Раиса РТ на развитие гражданского общества направили 163 млн рублей,unknown,2026-09-03T13:52:00Z,2026-09-05T19:06:43Z,mo-92636000,territory,,,,low,media,https://leninogorsk-rt.ru/news/novostnaya-lenta/na-granty-raisa-rt-na-razvitie-grazdanskogo-obshhestva-napravili-163-mln-rublei,context,16,False,1,1,False,False,False,needs_review,['not_editorially_useful'],[],priority_review
evt_6e46c1e1321b3258375f93f5,,В Татарстане объявлено штормовое предупреждение из-за пожаров,planned,2026-09-03T13:50:00Z,2026-09-05T19:06:45Z,mo-92650000,territory,,,,low,media,https://rsloboda-rt.ru/news/obschestvo-i-myi/v-tatarstane-obieiavleno-stormovoe-preduprezdenie-iz-za-pozarov,context,24,False,1,1,False,False,False,needs_review,['not_editorially_useful'],[],priority_review
evt_938164241eb6f688f676c083,,В Нижнекамске утром 4 сентября будет временно приостановлено движение трамваев по маршруту № 6 из-за ремонта на переездах в районе трамвайных остановок «11-ый микрорайон» - «ул. Менделеева».,paused,2026-09-03T13:43:06Z,2026-09-05T19:06:31Z,mo-92644101,street,улица Менделеева,51.8573508,55.651964,low,media,https://t.me/ntr24ru/45198,context,46,False,1,1,False,False,False,needs_review,['not_editorially_useful'],[],priority_review
evt_c6d583c343b7df13aaf8dd1f,,"Тигез, шома чакрымнар артачак",reported,2026-09-03T13:41:38Z,2026-09-05T19:06:33Z,mo-92656000,territory,,,,low,media,https://t.me/TulInformm/35538,context,42,False,1,1,False,False,False,needs_review,['not_editorially_useful'],[],priority_review
evt_e2e23a12785f10b648f2b50a,,В Татарстане в аварии с BMW погибла 26-летняя пассажирка,reported,2026-09-03T13:41:00Z,2026-09-05T19:06:45Z,mo-92612462,territory,,,,low,media,https://rsloboda-rt.ru/news/obschestvo-i-myi/v-tatarstane-v-avarii-s-bmw-pogibla-26-letniaia-passazirka,context,36,False,2,2,False,False,False,needs_review,['not_editorially_useful'],[],priority_review
evt_c9c05fcbcd79e40371dc3040,,"Золотой возраст, железная воля: сборная Татарстана готова к Спартакиаде!",planned,2026-09-03T13:40:23Z,2026-09-05T19:06:29Z,mo-92628000,territory,,,,low,media,https://t.me/zpravda/108476,context,36,False,1,1,False,False,False,needs_review,"['not_editorially_useful', 'open_state_text_looks_finished']",[],priority_review
evt_7ec03904e9288e2ba2fdaf09,,В связи с проведением работ по ремонту ливневой канализации на улице Сулеймановой с 3 сентября до окончания работ будет закрыто движение транспортных средств на участке от улицы Советской до улицы Тельмана.,reported,2026-09-03T13:40:09Z,2026-09-05T19:06:26Z,mo-92608000,territory,,,,low,media,https://t.me/uvt24/32657,context,46,False,1,1,False,False,False,needs_review,['not_editorially_useful'],[],priority_review
evt_4c4f411035d0ac93d70e621d,,Вакцинация для лиц 60+: рекомендации специалистов Роспотребнадзора,unknown,2026-09-03T13:35:00Z,2026-09-05T19:06:46Z,mo-92659000,territory,,,,low,media,https://chistopol-rt.ru/news/zdravoohranenie/sdelaite-privivku-pravilno-sovety-dlia-liudei-starsego-vozrasta,context,0,False,1,1,False,False,False,needs_review,['not_editorially_useful'],[],context
evt_c7ef07b395525b0855fab86d,,Әлмәтле каршы як хәрәкәт полосасына чыккан өчен штрафны кире кага алмады,unknown,2026-09-03T13:33:56Z,2026-09-05T19:06:38Z,mo-92608000,territory,,,,low,media,https://almet-rt.ru/news/inayat-m-za/66379,context,0,False,2,2,False,False,False,needs_review,['not_editorially_useful'],[],context
evt_7014a91357db5e38c7c485fa,,Минздрав предложил новый порядок диспансеризации с акцентом на группы риска,unknown,2026-09-03T13:25:00Z,2026-09-05T19:06:47Z,mo-92654000,territory,,,,low,media,https://yutazy.ru/news/obschestvo/minzdrav-predlozil-novyi-poriadok-dispanserizacii-s-akcentom-na-gruppy-riska,context,0,False,1,1,False,False,False,needs_review,['not_editorially_useful'],[],context
evt_d885a54d9a98c5435534b8cd,,"В Татарстане прогнозируют грозу, сильный ветер и туман",reported,2026-09-03T13:22:00Z,2026-09-05T19:06:46Z,mo-92701000,territory,,,,low,media,https://tetyushy.ru/news/obshchestvo/v-tatarstane-prognoziruiut-grozu-silnyi-veter-i-tuman,context,20,False,1,1,False,False,False,needs_review,['not_editorially_useful'],[],priority_review
evt_4a84bacb3a603f8485b1e944,,Судебные приставы Бугульмы привлекли к ответственности двух должников за неоплаченные штрафы,unknown,2026-09-03T13:17:00Z,2026-09-05T19:06:39Z,mo-92617101,territory,,,,low,media,https://bugulma-tatarstan.ru/news/crime/sudebnye-pristavy-bugulmy-privlekli-k-otvetstvennosti-dvux-dolznikov-za-neoplacennye-strafy,context,0,False,1,1,False,False,False,needs_review,['not_editorially_useful'],[],context
evt_548807ad7f29d82462585cf6,,Судебные приставы Бугульмы привлекли к ответственности двух должников за неоплаченные штрафы ⚖️🚔,unknown,2026-09-03T13:14:21Z,2026-09-05T19:06:28Z,mo-92617101,territory,,,,low,media,https://t.me/bugulgazeta/58284,context,67,False,1,1,False,False,False,needs_review,['not_editorially_useful'],[],priority_review
evt_643ab23ef923779155c64824,,В Чистополе состоится официальное закрытие мотосезона,reported,2026-09-03T13:02:50Z,2026-09-05T19:06:34Z,mo-92659101,settlement,Чистополь,50.6367311,55.3714831,low,media,https://t.me/chistopol_news/41952,context,20,False,1,1,False,False,False,needs_review,['not_editorially_useful'],[],priority_review
evt_896ee186d4929e5dd1219e76,,"Сейчас здесь приводят в порядок дополнительное помещение, чтобы было больше места для сбора и хранения помощи тем, кто оказался в трудной жизненной ситуации.",planned,2026-09-03T12:57:01Z,2026-09-05T19:06:26Z,mo-92606000,territory,,,,low,media,https://t.me/zariaaleks/32354,context,0,False,1,1,False,False,False,needs_review,['not_editorially_useful'],[],context
evt_f1a1ae0a299ccd845e92e766,,Константин Иванов провел встречу с жителями Булдырского поселения,unknown,2026-09-03T12:57:00Z,2026-09-05T19:06:46Z,mo-92659000,territory,,,,low,media,https://chistopol-rt.ru/news/obschestvo/konstantin-ivanov-provel-vstrecu-s-ziteliami-buldyrskogo-poseleniia,context,0,False,1,1,False,False,False,needs_review,['not_editorially_useful'],[],context
evt_6d34b9972f9e82bcb62c96ca,,Роспотребнадзор дал рекомендации по вакцинации для людей старше 60 лет,unknown,2026-09-03T12:49:00Z,2026-09-05T19:06:37Z,mo-92606000,territory,,,,low,media,https://alekseyevsk.ru/news/obshchestvo/rospotrebnadzor-dal-rekomendacii-po-vakcinacii-dlia-liudei-starse-60-let,context,0,False,1,1,False,False,False,needs_review,['not_editorially_useful'],[],context
evt_0afa10d5e2c45646a17e71ac,,"В ГАПОУ «Бавлинский политехнический техникум» состоялась торжественная линейка, приуроченная ко Дню знаний, началу 2026/2027 учебного года и – что особенно знач",reported,2026-09-03T12:44:54Z,2026-09-05T19:06:27Z,mo-92614000,territory,,,,low,media,https://t.me/BavlyinformNEWS/44409,context,36,False,1,1,False,False,False,needs_review,['not_editorially_useful'],[],priority_review
evt_8bf8f3ad7a6ad91d2ea9d1f3,,В Бавлинском районе начался набор в Университет третьего возраста,reported,2026-09-03T12:44:29Z,2026-09-05T19:06:27Z,mo-92614101,building,"улица Хади Такташа, 21",53.23579036328869,54.40563075,low,media,https://t.me/BavlyinformNEWS/44408,context,30,False,1,1,False,False,False,needs_review,['not_editorially_useful'],[],priority_review
evt_579e37e4ad14e99012ee9853,,Ремонт на проспекте Ямашева — на финишной прямой.,in_progress,2026-09-03T12:39:52Z,2026-09-05T19:06:47Z,mo-92701000,street,проспект Ямашева,49.1114905,55.8269727,low,official,https://t.me/kzn_official/23584,context,30,False,1,1,False,False,False,needs_review,['not_editorially_useful'],[],priority_review
evt_e68d658c2270b854b4b04a48,,Экологи обнаружили незаконный пирс на альметьевском водохранилище,reported,2026-09-03T12:38:01Z,2026-09-05T19:06:26Z,mo-92608000,territory,,,,low,media,https://t.me/uvt24/32649,context,59,False,1,1,False,False,False,needs_review,['not_editorially_useful'],[],priority_review
evt_b93a3e58abae68a80ce8029a,,Бәләкәч» бакчасы тәрбиячеләре «Безнең яңа тәрбияче» грантына ия булды,unknown,2026-09-03T12:36:00Z,2026-09-05T19:06:45Z,mo-92652000,territory,,,,low,media,https://saby-rt.ru/news/rayon/balakac-bakcasy-tarbiiacelare-beznen-iana-tarbiiace-grantyna-iia-buldy,context,0,False,1,1,False,False,False,needs_review,['not_editorially_useful'],[],context
evt_c516d18aadc60aaa8d76f0a8,,"Сначала автомобиль по касательной столкнулся с КАМАЗом, после чего — с Toyota RAV4 и Toyota Land Cruiser, которые двигались за грузовиком.",reported,2026-09-03T12:36:00Z,2026-09-05T19:06:41Z,mo-92626000,territory,,,,low,media,https://elabuga-rt.ru/news/avtovesti/passazirka-bmw-pogibla-v-massovom-dtp-v-zainskom-raione,context,20,False,1,1,False,False,False,needs_review,['not_editorially_useful'],[],priority_review
evt_c3badb3f0df5c4e18a370a14,,Средства ПВО уничтожили 416 украинских дронов за ночь,unknown,2026-09-03T12:35:06Z,2026-09-05T19:06:34Z,mo-92659000,territory,,,,low,media,https://t.me/chistopol_news/41951,context,0,False,1,1,False,False,False,needs_review,['not_editorially_useful'],[],context
evt_9009920edde8e34e4e4bf2a3,,Дарим подарок первому внимательному: Прямо сейчас на сайте zpravda.ru вышла статья про эту локацию.,resolved,2026-09-03T12:34:26Z,2026-09-05T19:06:29Z,mo-92628101,territory,,,,low,media,https://t.me/zpravda/108475,context,67,False,1,1,False,False,False,needs_review,['not_editorially_useful'],[],priority_review
evt_908fb00badf8d41edf8bf9e8,,В Кукморе прошел рейд по безопасности детей-пассажиров,reported,2026-09-03T12:34:01Z,2026-09-05T19:06:30Z,mo-92633000,territory,,,,low,media,https://t.me/kukmor_tatarstan/56118,context,36,False,1,1,False,False,False,needs_review,['not_editorially_useful'],[],priority_review
evt_cc1504c0e6bfb73f12574de2,,"Из рябины готовят варенье, джемы, мармелад, компоты, наливки, сиропы",reported,2026-09-03T12:25:00Z,2026-09-05T19:06:40Z,mo-92624000,territory,,,,low,media,https://chuprale-online.ru/news/recepty/iz-riabiny-gotoviat-varene-dzemy-marmelad-kompoty-nalivki-siropy,context,16,False,1,1,False,False,False,needs_review,['not_editorially_useful'],[],priority_review
evt_036fa9a5e9059b5c56217541,,Магазину в Бавлах грозит штраф за продажу алкоголя несовершеннолетнему,unknown,2026-09-03T12:22:00Z,2026-09-05T19:06:38Z,mo-92608000,territory,,,,low,media,https://almetievsk-ru.ru/news/goryachie-novosti/magazinu-v-bavlax-grozit-straf-za-prodazu-alkogolia-nesoversennoletnemu,context,20,False,1,1,False,False,False,needs_review,"['summary_too_short', 'not_editorially_useful']",[],priority_review
evt_0ac1441feec878a6b7d67074,,В Буинске увековечили память тренера-героя: на доме Айрата Сиразиева открыли мемориальную доску,resolved,2026-09-03T12:19:04Z,2026-09-05T19:06:28Z,mo-92618101,settlement,Буинск,48.2930213,54.9712371,low,media,https://t.me/buinsknews/47173,useful,87,False,1,1,True,False,False,ready,[],[],publish_now
evt_63e2504af68398f1092b0520,,Ләйсән» йөзү бассейны җәй айларында ремонтлар башлану сәбәпле эшләмичә торды.,unknown,2026-09-03T12:12:00Z,2026-09-05T19:06:37Z,mo-92607000,territory,,,,low,media,https://alki-rt.ru/news/yaңalyiklar/laisan-iozu-basseiny-iana-sezonga-azerlana,context,0,False,1,1,False,False,False,needs_review,['not_editorially_useful'],[],context
evt_d67b4dd225f286d9c0c3c6cf,,В Тетюшском районе завершён ремонт кровли пристроя Большетарханского СДК,resolved,2026-09-03T12:05:00Z,2026-09-05T19:06:46Z,mo-92655000,territory,,,,low,media,https://tetyushy.ru/news/obshchestvo/v-tetiusskom-raione-zaversen-remont-krovli-pristroia-bolsetarxanskogo-sdk,context,20,False,1,1,False,False,False,needs_review,['not_editorially_useful'],[],priority_review
evt_3fcb13a1a7dd7b8f2eb8c78c,,"СЕРИЯ 2: Когда тебе платят больше, чем ты зарабатывал за неделю, мозг отключается. Но даже в сети у каждого действия есть последствия. И папин звонок — это лишь начало.",reported,2026-09-03T12:04:32Z,2026-09-05T19:06:30Z,mo-92633000,territory,,,,low,media,https://t.me/kukmor_tatarstan/56117,context,0,False,1,1,False,False,False,needs_review,['not_editorially_useful'],[],context
evt_6a31792caf7daa1aa36a78d4,,В Санкт-Петербурге завершился Международный конкурс-фестиваль музыкально-художественного творчества «Праздник детства».,reported,2026-09-03T12:00:45Z,2026-09-05T19:06:34Z,mo-92659101,territory,,,,low,media,https://t.me/chistopol_news/41948,context,20,False,1,1,False,False,False,needs_review,['not_editorially_useful'],[],priority_review
evt_f7a5e3ffc3d58b7b090c7fbb,,Нижнекамское кафе опечатано на 60 суток: у поваров найден опасный стафилококк,paused,2026-09-03T11:57:52Z,2026-09-05T19:06:34Z,mo-92730000,street,улица Менделеева,52.3558256,55.6931728,low,media,https://t.me/chelny_news1/48567,context,30,False,1,1,False,False,False,needs_review,['not_editorially_useful'],[],priority_review
evt_fbe6849151fdeebb8f12a6a1,,В Буинске увековечили память тренера-героя: на доме Айрата Сиразиева открыли мемориальную доску,resolved,2026-09-03T11:50:00Z,2026-09-05T19:06:39Z,mo-92618101,street,улица Гагарина,48.2916559,54.9872893,low,media,https://buinsk-tat.ru/news/vchera-segodnya-zavtra/v-buinske-uvekovecili-pamiat-trenera-geroia-na-dome-airata-sirazieva-otkryli-memorialnuiu-dosku,useful,89,False,1,1,True,True,False,ready,[],[],publish_now
evt_90b16473a6dac58e2b6c6df8,,В Чистополе состоится официальное закрытие мотосезона,unknown,2026-09-03T11:24:00Z,2026-09-05T19:06:46Z,mo-92659101,settlement,Чистополь,50.6367311,55.3714831,low,media,https://chistopol-rt.ru/news/obschestvo/v-cistopole-sostoitsia-oficialnoe-zakrytie-motosezona,context,20,False,1,1,False,False,False,needs_review,"['summary_too_short', 'not_editorially_useful']",[],priority_review
evt_b545e3f1db862274249aeb2c,,Республика көне уңаеннан ТР Муниципаль берәмлекләре арасында республика смотр-конкурсында җиңүчеләргә автомобильләр тапшырылды.,reported,2026-09-03T11:22:30Z,2026-09-05T19:06:33Z,,territory,,,,low,media,https://t.me/sabatannars/47502,context,42,False,1,1,False,False,False,needs_review,['not_editorially_useful'],[],priority_review
evt_cab71e757f2e551c1e304b6f,,В поселке Элеваторная гора открыли стелу,resolved,2026-09-03T11:21:43Z,2026-09-05T19:06:34Z,mo-92730000,street,улица Лермонтова,52.3385542,55.7117236,low,media,https://t.me/chelny_news1/48564,useful,89,False,1,1,True,True,False,ready,[],[],publish_now
evt_3972ac3f28b98b8f5fea0928,,Напоминаем,reported,2026-09-03T11:18:17Z,2026-09-05T19:06:33Z,mo-92653000,territory,,,,low,media,https://t.me/sarman_rt/32000,context,16,False,1,1,False,False,False,needs_review,['not_editorially_useful'],[],priority_review
evt_6d98816a2dfc793bed9e7386,,Айрат Сафина: «Вакцинация остаётся важной мерой профилактики »,reported,2026-09-03T11:05:14Z,2026-09-05T19:06:33Z,mo-92650000,territory,,,,low,media,https://t.me/rusloboda/35289,context,16,False,1,1,False,False,False,needs_review,['not_editorially_useful'],[],priority_review
evt_0118c2bc756f76de445cface,,НКО Татарстана могут получить гранты Раиса РТ на развитие гражданского общества,unknown,2026-09-03T10:55:00Z,2026-09-05T19:06:46Z,mo-92659000,territory,,,,low,media,https://chistopol-rt.ru/news/obschestvo/nko-tatarstana-mogut-polucit-granty-raisa-rt-na-razvitie-grazdanskogo-obshhestva,context,16,False,1,1,False,False,False,needs_review,['not_editorially_useful'],[],priority_review
evt_f452ada9f7012497275962e8,,Жительница Альметьевска не смогла оспорить штраф за выезд на «встречку»,unknown,2026-09-03T10:50:00Z,2026-09-05T19:06:38Z,mo-92608101,territory,,,,low,media,https://almetievsk-ru.ru/news/goryachie-novosti/zitelnica-almetevska-ne-smogla-osporit-straf-za-vyezd-na-vstrecku,context,0,False,1,1,False,False,False,needs_review,['not_editorially_useful'],[],context
evt_84100d82c4b1d4e8ea92c4d6,,В поселке Элеваторная гора открыли стелу,resolved,2026-09-03T10:48:00Z,2026-09-05T19:06:47Z,mo-92730000,territory,,,,low,media,https://chelny-izvest.ru/news/facts/v-poselke-elevatornaia-gora-otkryli-stelu,useful,79,False,1,1,False,False,False,needs_review,['summary_too_short'],[],priority_review
evt_d59fa81c192f57649b649b35,,Татарстанда «Татар йорт » фотоконкурсы старт ала,reported,2026-09-03T10:48:00Z,2026-09-05T19:06:46Z,mo-92656000,territory,,,,low,media,https://tulachi.ru/news/v-respublike/tatarstanda-tatar-iort-fotokonkursy-start-ala,context,42,False,1,1,False,False,False,needs_review,['not_editorially_useful'],[],priority_review
evt_22dfd0239932476e7fa51c76,,Форум TIME: Казань в октябре соберет бизнес России и Индии на площадке «Казань Экспо»,unknown,2026-09-03T10:43:00Z,2026-09-05T19:06:38Z,mo-92701000,territory,,,,low,media,https://almetievsk-ru.ru/news/goryachie-novosti/forum-time-kazan-v-oktiabre-soberet-biznes-rossii-i-indii-na-ploshhadke-kazan-ekspo,context,0,False,1,1,False,False,False,needs_review,['not_editorially_useful'],[],context
evt_f8be0ac8139aaf476ff22f97,,Жительница Альметьевска не смогла оспорить штраф за выезд на «встречку»,unknown,2026-09-03T10:34:46Z,2026-09-05T19:06:26Z,mo-92608101,territory,,,,low,media,https://t.me/uvt24/32647,context,36,False,1,1,False,False,False,needs_review,['not_editorially_useful'],[],priority_review
evt_5c30a92d885384b6cb6e253a,,Казанда «Октава» торак комплексы төзеләчәк,in_progress,2026-09-03T10:32:00Z,2026-09-05T19:06:42Z,mo-92628000,territory,,,,low,media,https://yashel-uzan.ru/news/yashәesh/kazanda-oktava-torak-kompleksy-tozelacak,useful,79,False,1,1,True,False,False,ready,[],[],publish_now
evt_16000de8dc43fbc21502e4dd,,Черемшанцев предупреждают об опасном для домашней птицы заболевании – птичьем гриппе,unknown,2026-09-03T10:22:29Z,2026-09-05T19:06:33Z,mo-92658000,territory,,,,low,media,https://t.me/n_chrmshn/18579,context,0,False,1,1,False,False,False,needs_review,['not_editorially_useful'],[],context
evt_fc78f60f9f1d0becf7e603ff,,"Проверка началась после информации о случае инфекционного заболевания, связанном с употреблением продукции заведения.",paused,2026-09-03T10:19:00Z,2026-09-05T19:06:41Z,mo-92626101,settlement,Елабуга,52.0539938,55.7577131,low,media,https://elabuga-rt.ru/news/novosti/sud-priostanovil-rabotu-zakusocnoi-saurmeniia-u-zory-v-elabuge-na-90-sutok,context,20,False,1,1,False,False,False,needs_review,['not_editorially_useful'],[],priority_review
evt_5b28fe64471ba685ddfc9bbd,,В Татарстане открыт набор операторов БПЛА легендарных «Гераней»,resolved,2026-09-03T10:17:00Z,2026-09-05T19:06:43Z,mo-92636000,territory,,,,low,media,https://leninogorsk-rt.ru/news/novostnaya-lenta/v-tatarstane-otkryt-nabor-operatorov-bpla-legendarnyx-geranei,useful,87,False,1,1,True,False,False,ready,[],[],publish_now
evt_a01934a5c7d78c635d6c93ac,,В части Нижнекамска во второй половине дня 3 сентября в связи с возгоранием электрического трансформатора в селе Большое Афанасово отключилось электроснабжение.,in_progress,2026-09-03T10:15:56Z,2026-09-05T19:06:31Z,mo-92644405,territory,,,,low,media,https://t.me/ntr24ru/45186,useful,97,False,1,1,True,False,False,ready,[],[],publish_now
evt_d610db96d2a0b4201c448f9e,,"На полигоне новобранцев сначала готовят как инженеров и сборщиков, и только потом допускают к управлению дронами.",reported,2026-09-03T10:10:00Z,2026-09-05T19:06:43Z,mo-92638000,territory,,,,low,media,https://mamadysh-rt.ru/news/obshchestvo/v-tatarstane-gotoviat-elitu-bespilotnyx-voisk-na-simuliatorax,context,16,False,1,1,False,False,False,needs_review,['not_editorially_useful'],[],priority_review
evt_04ff1f3de9c18b0c3855c6e2,,Мөслим картлар һәм инвалидлар интернат-йорты психологы Резеда Шаммасова үз эшендә уңышлы реабилитация ысулларының берсе — анималотерапия технологиясе ярдәмендә психологик коррекция куллана.,reported,2026-09-03T10:09:49Z,2026-09-05T19:06:31Z,mo-92642443,territory,,,,low,media,https://t.me/muslumirc/44215,context,0,False,1,1,False,False,False,needs_review,['not_editorially_useful'],[],context
evt_723a11759f476c479ca3a214,,В Татарстане открыт набор операторов БПЛА легендарных «Гераней»,resolved,2026-09-03T10:08:00Z,2026-09-05T19:06:46Z,mo-92659000,territory,,,,low,media,https://chistopol-rt.ru/news/obschestvo/v-tatarstane-otkryt-nabor-operatorov-bpla-legendarnyx-geranei,context,59,False,1,1,False,False,False,needs_review,['not_editorially_useful'],[],priority_review
evt_942709afca8c54720ff512e9,,Балалар өчен шампуньне ничек сайларга?,reported,2026-09-03T10:03:56Z,2026-09-05T19:06:30Z,mo-92628000,territory,,,,low,media,https://t.me/yasheluzan/54045,context,42,False,1,1,False,False,False,needs_review,['not_editorially_useful'],[],priority_review
evt_04e1ac844a4ddef1041f4a3d,,Балалар өчен шампуньне ничек сайларга?,reported,2026-09-03T10:00:00Z,2026-09-05T19:06:42Z,mo-92628000,territory,,,,low,media,https://yashel-uzan.ru/news/kirklekishlr/balalar-ocen-sampunne-nicek-sailarga,context,42,False,1,1,False,False,False,needs_review,['not_editorially_useful'],[],priority_review
evt_85cc5d4b10674c77feb4aeb9,,Столица Татарстана впервые приняла салон «Комплексная безопасность»,unknown,2026-09-03T10:00:00Z,2026-09-05T19:06:40Z,mo-92701000,territory,,,,low,media,https://vuslon.ru/news/obschestvo/stolica-tatarstana-vpervye-priniala-salon-kompleksnaia-bezopasnost,context,20,False,1,1,False,False,False,needs_review,['not_editorially_useful'],[],priority_review
evt_a56b03889c46da7e25bc20d9,,Казан аэропортында парковка өчен түләү системасы үзгәрәчәк,reported,2026-09-03T10:00:00Z,2026-09-05T19:06:45Z,mo-92701000,territory,,,,low,media,https://tukai-rt.ru/news/amgyiat/kazan-aeroportynda-parkovka-ocen-tulau-sistemasy-uzgaracak,useful,87,False,1,1,True,False,False,ready,[],[],publish_now
evt_49d7107085e6d2e0e1f9bcfb,,В Татарстане готовят операторов дронов: как в бригаде «Варяг» обучают «Сталинских соколов»,unknown,2026-09-03T09:56:00Z,2026-09-05T19:06:46Z,mo-92655000,territory,,,,low,media,https://tetyushy.ru/news/beznengeroilar/v-tatarstane-gotoviat-operatorov-dronov-kak-v-brigade-variag-obucaiut-stalinskix-sokolov,context,0,False,1,1,False,False,False,needs_review,['not_editorially_useful'],[],context
evt_2df965e2fa27c883aa408f34,,Жителям Альметьевска показали полный график перекрытия дорог из-за проведения Дня нефтяника,reported,2026-09-03T09:42:00Z,2026-09-05T19:06:38Z,mo-92608101,territory,,,,low,media,https://almetievsk-ru.ru/news/poleznyie-novosti/ziteliam-almetevska-pokazali-polnyi-grafik-perekrytiia-dorog-iz-za-provedeniia-dnia-neftianika,context,0,False,1,1,False,False,False,needs_review,"['summary_too_short', 'not_editorially_useful']",[],context
evt_f51c8d814296072ace80e898,,В Татарстане назвали самые популярные направления грантов Раиса РТ,unknown,2026-09-03T09:40:00Z,2026-09-05T19:06:41Z,mo-92628000,territory,,,,low,media,https://zpravda.ru/news/novosti/v-tatarstane-nazvali-samye-populiarnye-napravleniia-grantov-raisa-rt,context,16,False,1,1,False,False,False,needs_review,['not_editorially_useful'],[],priority_review
evt_ad4d0a33627962e406d0d3b4,,Верхнеуслонцев предупреждают о плановых отключениях электроэнергии,planned,2026-09-03T09:34:51Z,2026-09-05T19:06:28Z,mo-92620000,territory,,,,low,media,https://t.me/verhniyuslon/41045,useful,87,False,1,1,True,False,False,ready,[],[],publish_now
evt_cb188a5206bf4164ea4ec3e9,,Красноармейкада йорт яна. Янгынның сәбәпләре ачыклана,reported,2026-09-03T09:28:23Z,2026-09-05T19:06:27Z,mo-92608000,territory,,,,low,media,https://t.me/atannary/29054,context,0,False,1,1,False,False,False,needs_review,['not_editorially_useful'],[],context
evt_a1b23cb211ce759269b337d1,,Водителей без ОСАГО будут штрафовать не чаще одного раза в сутки,reported,2026-09-03T09:26:01Z,2026-09-05T19:06:27Z,mo-92614000,territory,,,,low,media,https://t.me/BavlyinformNEWS/44399,context,16,False,1,1,False,False,False,needs_review,['not_editorially_useful'],[],priority_review
evt_71bd74ce9edc268aebde4acd,,Воспитанник нижнекамской школы хоккея вошел в число самых высокооплачиваемых игроков КХЛ,reported,2026-09-03T09:17:29Z,2026-09-05T19:06:31Z,,territory,,,,low,media,https://t.me/ntr24ru/45184,useful,87,False,1,1,True,False,False,ready,[],[],publish_now
evt_d5d1cdf3e94bf069bcf8d2e9,,В Альметьевске расширяют проект контроля артериального давления,reported,2026-09-03T09:17:00Z,2026-09-05T19:06:45Z,mo-92608101,settlement,Альметьевск,52.2963777,54.9005008,low,media,https://rsloboda-rt.ru/news/obschestvo-i-myi/v-almetevske-rassiriaiut-proekt-kontrolia-arterialnogo-davleniia,context,36,False,1,1,False,False,False,needs_review,['not_editorially_useful'],[],priority_review
evt_f1a9caecba429f151d6f6a3a,,"34 нарушения обнаружили жилинспекторы в доме 8 Марта, 17",unknown,2026-09-03T09:16:00Z,2026-09-05T19:06:38Z,mo-92608000,territory,,,,low,media,https://almetievsk-ru.ru/news/gorod/34-naruseniia-obnaruzili-zilinspektory-v-dome-8-marta-17,context,30,False,1,1,False,False,False,needs_review,['not_editorially_useful'],[],priority_review
evt_be057dfd9bc7993623f60a8b,,"Уже завершено обновление участков общей протяженностью 3,8 км.",resolved,2026-09-03T09:11:43Z,2026-09-05T19:06:48Z,mo-92701000,territory,,,,low,official,https://t.me/kzn_official/23578,context,42,False,1,1,False,False,False,needs_review,['not_editorially_useful'],[],priority_review
evt_50cae2634d817082efbd4b53,,Квартиры бизнес-класса в Казани без ипотеки,reported,2026-09-03T09:02:26Z,2026-09-04T20:12:16Z,mo-92622000,territory,,,,low,media,https://t.me/vgora_vesti/45663,context,36,False,2,1,False,False,False,needs_review,['not_editorially_useful'],[],priority_review
evt_bab1d8fe3bac7c3c7f3bd9ff,,"Отсутствие локального акта означает, что эти вопросы остаются за рамками трудовых обязанностей, и санкции за „неформальный“ вид будут неправомерными», — подчерк",reported,2026-09-03T09:00:30Z,2026-09-05T19:06:29Z,mo-92644423,territory,,,,low,media,https://t.me/kaibicy/45843,context,0,False,1,1,False,False,False,needs_review,['not_editorially_useful'],[],context
evt_056f5f4a0b07244026074753,,Верхнеуслонцев предупреждают о плановых отключениях электроэнергии — Мира,planned,2026-09-03T09:00:00Z,2026-09-05T19:06:40Z,mo-92620450,territory,,,,low,media,https://vuslon.ru/news/obschestvo/verxneusloncev-preduprezdaiut-o-planovyx-otkliuceniiax-elektroenergii,useful,97,False,1,1,True,False,False,ready,[],[],publish_now
evt_2618bae94a35c0a1868bfeb2,,Верхнеуслонцев предупреждают о плановых отключениях электроэнергии — улицы Дружбы,planned,2026-09-03T09:00:00Z,2026-09-05T19:06:40Z,mo-92620450,territory,,,,low,media,https://vuslon.ru/news/obschestvo/verxneusloncev-preduprezdaiut-o-planovyx-otkliuceniiax-elektroenergii,useful,97,False,1,1,True,False,False,ready,[],[],publish_now
evt_39b9c9a44e327bd3cf4c8dde,,Верхнеуслонцев предупреждают о плановых отключениях электроэнергии — Молодёжная,planned,2026-09-03T09:00:00Z,2026-09-05T19:06:40Z,mo-92620420,territory,,,,low,media,https://vuslon.ru/news/obschestvo/verxneusloncev-preduprezdaiut-o-planovyx-otkliuceniiax-elektroenergii,useful,97,False,1,1,True,False,False,ready,[],[],publish_now
evt_3c1960bbcfd6b9678b6a6cda,,Верхнеуслонцев предупреждают о плановых отключениях электроэнергии — улица Лесная,planned,2026-09-03T09:00:00Z,2026-09-05T19:06:40Z,mo-92620420,territory,,,,low,media,https://vuslon.ru/news/obschestvo/verxneusloncev-preduprezdaiut-o-planovyx-otkliuceniiax-elektroenergii,useful,97,False,1,1,True,False,False,ready,[],[],publish_now
evt_6222fb193f613610bd50e0ce,,Верхнеуслонцев предупреждают о плановых отключениях электроэнергии — Набережная,planned,2026-09-03T09:00:00Z,2026-09-05T19:06:40Z,mo-92620475,territory,,,,low,media,https://vuslon.ru/news/obschestvo/verxneusloncev-preduprezdaiut-o-planovyx-otkliuceniiax-elektroenergii,useful,97,False,1,1,True,False,False,ready,[],[],publish_now
evt_64a95a1032ca51bc13b66e00,,Верхнеуслонцев предупреждают о плановых отключениях электроэнергии — улицы Деловая,planned,2026-09-03T09:00:00Z,2026-09-05T19:06:40Z,mo-92620475,territory,,,,low,media,https://vuslon.ru/news/obschestvo/verxneusloncev-preduprezdaiut-o-planovyx-otkliuceniiax-elektroenergii,useful,97,False,1,1,True,False,False,ready,[],[],publish_now
evt_65e8f96fbd63b91f566b73a8,,Верхнеуслонцев предупреждают о плановых отключениях электроэнергии — Пионерская,planned,2026-09-03T09:00:00Z,2026-09-05T19:06:40Z,mo-92620450,territory,,,,low,media,https://vuslon.ru/news/obschestvo/verxneusloncev-preduprezdaiut-o-planovyx-otkliuceniiax-elektroenergii,useful,97,False,1,1,True,False,False,ready,[],[],publish_now
evt_6a9f293497b89b2fd94de906,,Верхнеуслонцев предупреждают о плановых отключениях электроэнергии — Рабочая,planned,2026-09-03T09:00:00Z,2026-09-05T19:06:40Z,mo-92620475,territory,,,,low,media,https://vuslon.ru/news/obschestvo/verxneusloncev-preduprezdaiut-o-planovyx-otkliuceniiax-elektroenergii,useful,97,False,1,1,True,False,False,ready,[],[],publish_now
evt_6f17167f3c0d8a2dc81ee882,,Верхнеуслонцев предупреждают о плановых отключениях электроэнергии — Центральная,planned,2026-09-03T09:00:00Z,2026-09-05T19:06:40Z,mo-92620420,street,Центральная улица,48.7259982,55.3626907,low,media,https://vuslon.ru/news/obschestvo/verxneusloncev-preduprezdaiut-o-planovyx-otkliuceniiax-elektroenergii,useful,97,False,1,1,True,True,False,ready,[],[],publish_now
evt_78d25f9b90e10e4b21c9f8a9,,Верхнеуслонцев предупреждают о плановых отключениях электроэнергии — Молодёжная,planned,2026-09-03T09:00:00Z,2026-09-05T19:06:40Z,mo-92620450,territory,,,,low,media,https://vuslon.ru/news/obschestvo/verxneusloncev-preduprezdaiut-o-planovyx-otkliuceniiax-elektroenergii,useful,97,False,1,1,True,False,False,ready,[],[],publish_now
evt_7984552c4c5be8de8e1fd390,,Верхнеуслонцев предупреждают о плановых отключениях электроэнергии — Школьная,planned,2026-09-03T09:00:00Z,2026-09-05T19:06:40Z,mo-92620420,street,Школьная улица,48.7154764,55.3724429,low,media,https://vuslon.ru/news/obschestvo/verxneusloncev-preduprezdaiut-o-planovyx-otkliuceniiax-elektroenergii,useful,97,False,1,1,True,True,False,ready,[],[],publish_now
evt_98eee3d4993cd03065def9fb,,Верхнеуслонцев предупреждают о плановых отключениях электроэнергии — улица Центральная,planned,2026-09-03T09:00:00Z,2026-09-05T19:06:40Z,mo-92620403,street,Центральная улица,48.6177903,55.3829657,low,media,https://vuslon.ru/news/obschestvo/verxneusloncev-preduprezdaiut-o-planovyx-otkliuceniiax-elektroenergii,useful,97,False,1,1,True,True,False,ready,[],[],publish_now
evt_b9d15713a196ef86c2f666c6,,Верхнеуслонцев предупреждают о плановых отключениях электроэнергии — улицы Зелёная,planned,2026-09-03T09:00:00Z,2026-09-05T19:06:40Z,mo-92620420,street,Зелёная улица,48.7246978,55.3608136,low,media,https://vuslon.ru/news/obschestvo/verxneusloncev-preduprezdaiut-o-planovyx-otkliuceniiax-elektroenergii,useful,97,False,1,1,True,True,False,ready,[],[],publish_now
evt_c7799e59f52f80c1931c15ae,,Верхнеуслонцев предупреждают о плановых отключениях электроэнергии — Центральная,planned,2026-09-03T09:00:00Z,2026-09-05T19:06:40Z,mo-92620475,territory,,,,low,media,https://vuslon.ru/news/obschestvo/verxneusloncev-preduprezdaiut-o-planovyx-otkliuceniiax-elektroenergii,useful,97,False,1,1,True,False,False,ready,[],[],publish_now
evt_c9066976d8d9f9b1379f1ac0,,Верхнеуслонцев предупреждают о плановых отключениях электроэнергии — Лагерная,planned,2026-09-03T09:00:00Z,2026-09-05T19:06:40Z,mo-92620475,territory,,,,low,media,https://vuslon.ru/news/obschestvo/verxneusloncev-preduprezdaiut-o-planovyx-otkliuceniiax-elektroenergii,useful,97,False,1,1,True,False,False,ready,[],[],publish_now
evt_e9fb4f5ef90bdb9a76b018cf,,Верхнеуслонцев предупреждают о плановых отключениях электроэнергии — Комсомольская,planned,2026-09-03T09:00:00Z,2026-09-05T19:06:40Z,mo-92620450,territory,,,,low,media,https://vuslon.ru/news/obschestvo/verxneusloncev-preduprezdaiut-o-planovyx-otkliuceniiax-elektroenergii,useful,97,False,1,1,True,False,False,ready,[],[],publish_now
evt_ea0e7cea2b578a1e3a5ea824,,Верхнеуслонцев предупреждают о плановых отключениях электроэнергии — Садовая,planned,2026-09-03T09:00:00Z,2026-09-05T19:06:40Z,mo-92620450,territory,,,,low,media,https://vuslon.ru/news/obschestvo/verxneusloncev-preduprezdaiut-o-planovyx-otkliuceniiax-elektroenergii,useful,97,False,1,1,True,False,False,ready,[],[],publish_now
evt_ef81a0132e46ff9e051ba86a,,Верхнеуслонцев предупреждают о плановых отключениях электроэнергии — улицы Боевая,planned,2026-09-03T09:00:00Z,2026-09-05T19:06:40Z,mo-92620420,territory,,,,low,media,https://vuslon.ru/news/obschestvo/verxneusloncev-preduprezdaiut-o-planovyx-otkliuceniiax-elektroenergii,useful,97,False,1,1,True,False,False,ready,[],[],publish_now
evt_f12c3201c2c9a5d35889bd40,,Верхнеуслонцев предупреждают о плановых отключениях электроэнергии — Тихая,planned,2026-09-03T09:00:00Z,2026-09-05T19:06:40Z,mo-92620420,territory,,,,low,media,https://vuslon.ru/news/obschestvo/verxneusloncev-preduprezdaiut-o-planovyx-otkliuceniiax-elektroenergii,useful,97,False,1,1,True,False,False,ready,[],[],publish_now
evt_ff98bb74e7d221342c741bed,,Верхнеуслонцев предупреждают о плановых отключениях электроэнергии — Центральная,planned,2026-09-03T09:00:00Z,2026-09-05T19:06:40Z,mo-92620420,territory,,,,low,media,https://vuslon.ru/news/obschestvo/verxneusloncev-preduprezdaiut-o-planovyx-otkliuceniiax-elektroenergii,useful,97,False,1,1,True,False,False,ready,[],[],publish_now
evt_44ee31afc08397ae8a8ece5d,,Жителю Казани грозит штраф за постройку сауны в своей квартире,reported,2026-09-03T08:59:56Z,2026-09-05T19:06:29Z,mo-92701000,street,улица Восстания,49.092912,55.8350476,low,media,https://t.me/kaibicy/45837,context,30,False,1,1,False,False,False,needs_review,['not_editorially_useful'],[],priority_review
evt_7408025435ba12c901ad570b,,Татарстан эш бирүчеләре исәп-хисап өчен штрафны 50% ташлама белән түли ала,unknown,2026-09-03T08:59:00Z,2026-09-05T19:06:45Z,mo-92652000,territory,,,,low,media,https://saby-rt.ru/news/amgyiat/tatarstan-es-birucelare-isap-xisap-ocen-strafny-50-taslama-belan-tuli-ala,context,0,False,1,1,False,False,False,needs_review,['not_editorially_useful'],[],context
evt_df31d8b01618aee505310dc4,,"Тетюшская татарская школа открыла двери: линейка, подарки и напутствия первоклассникам",reported,2026-09-03T08:55:00Z,2026-09-05T19:06:46Z,mo-92655000,territory,,,,low,media,https://tetyushy.ru/news/obshchestvo/tetiusskaia-tatarskaia-skola-otkryla-dveri-lineika-podarki-i-naputstviia-pervoklassnikam,context,36,False,1,1,False,False,False,needs_review,['not_editorially_useful'],[],priority_review
evt_3262c1431c764cb7e4d37698,,В Чистополе по жалобам жителей отремонтировали повреждённые колодцы,resolved,2026-09-03T08:50:00Z,2026-09-05T19:06:46Z,mo-92659101,street,улица Энгельса,50.6064515,55.365964,low,media,https://chistopol-rt.ru/news/obschestvo/v-cistopole-po-zalobam-zitelei-otremontirovali-povrezdennye-kolodcy,useful,97,False,1,1,True,True,False,ready,[],[],publish_now
evt_cd247ed69344e538b184697b,,"Бу 2023 елдагы территория ремонты бәясеннән дүрт тапкырдан артыграк – ул вакытта эшләргә 7,4 млн сум бүлеп бирелгән иде.",resolved,2026-09-03T08:47:00Z,2026-09-05T19:06:42Z,mo-92628000,territory,,,,low,media,https://yashel-uzan.ru/news/yashәesh/laestagy-kama-dingeze-pliazy-davyldan-son-ianartylacak,context,67,False,1,1,False,False,False,needs_review,['not_editorially_useful'],[],priority_review
evt_b64c85b8ade4603589ea7377,,"Набор открыт для кандидатов, в том числе для тех, кто проходит срочную службу.",resolved,2026-09-03T08:42:00Z,2026-09-05T19:06:37Z,mo-92606000,territory,,,,low,media,https://alekseyevsk.ru/news/obshchestvo/sborka-simuliatory-vylet-kak-gotoviat-pilotov-geranei-v-tatarstane,useful,87,False,1,1,True,False,False,ready,[],[],publish_now
evt_a8a2ec8c93681c2fd6ae3e73,,"С сентября банки будут обязаны предоставлять клиентам возможность открывать счета, совершать переводы и оплачивать покупки с помощью цифрового рубля.",reported,2026-09-03T08:41:00Z,2026-09-05T19:06:45Z,mo-92657405,territory,,,,low,media,https://rsloboda-rt.ru/news/obschestvo-i-myi/cto-izmenitsia-s-1-sentiabria-dlia-semei-skol-i-bankov,context,16,False,1,1,False,False,False,needs_review,['not_editorially_useful'],[],priority_review
evt_474d5b91d06cf5b0898f87bd,,Администрация Нижнекамска ответила на жалобу жителя о состоянии сквера «Эластик»,reported,2026-09-03T08:40:44Z,2026-09-05T19:06:31Z,mo-92644101,territory,,,,low,media,https://t.me/ntr24ru/45181,context,0,False,1,1,False,False,False,needs_review,['not_editorially_useful'],[],context
evt_b512386285dd44255c95b9c1,,В Казани открылся международный салон «Комплексная безопасность»,resolved,2026-09-03T08:40:00Z,2026-09-05T19:06:47Z,mo-92701000,settlement,Казань,49.1115022,55.7946485,low,media,https://spas-rt.ru/news/novosti/v-kazani-otkrylsia-mezdunarodnyi-salon-kompleksnaia-bezopasnost,useful,79,False,1,1,True,False,False,ready,[],[],publish_now
evt_8d3c86f132661136b1e8e1a0,,"ЖК Символ. До 30.09: лоты от 18,5 млн/₽ со скидкой 12%",reported,2026-09-03T08:39:23Z,2026-09-04T20:09:41Z,mo-92606000,territory,,,,low,media,https://t.me/zariaaleks/32348,context,16,False,2,1,False,False,False,needs_review,['not_editorially_useful'],[],priority_review
evt_7710c10505d506575a0cb4b7,,У вас договор не с соцсетями»: жилинспекция отреагировала на жалобы жителей Челнов,resolved,2026-09-03T08:37:43Z,2026-09-05T19:06:35Z,mo-92730000,territory,,,,low,media,https://t.me/chelny_news1/48558,context,36,False,1,1,False,False,False,needs_review,['not_editorially_useful'],[],priority_review
evt_bf897da73dc0b35099210f05,,В Красноармейке горит частный дом,reported,2026-09-03T08:35:00Z,2026-09-05T19:06:38Z,mo-92608000,territory,,,,low,media,https://almetievsk-ru.ru/news/proissestviia-dnia/v-krasnoarmeike-gorit-castnyi-dom,useful,79,False,1,1,False,False,False,needs_review,['summary_too_short'],[],priority_review
evt_acab540787ca88f2ec44e05a,,В Казани открылся салон «Комплексная безопасность»,resolved,2026-09-03T08:34:00Z,2026-09-05T19:06:41Z,mo-92701000,settlement,Казань,49.1115022,55.7946485,low,media,https://zainsk-inform.ru/news/obschestvo/v-kazani-otkrylsia-salon-kompleksnaia-bezopasnost,useful,79,False,1,1,True,False,False,ready,[],[],publish_now
evt_1dcd70ac8c49447f7aa3c719,,В Лаишевском районе пройдут испытания для спасателей и любителей экстрима,unknown,2026-09-03T08:32:00Z,2026-09-05T19:06:42Z,mo-92701000,territory,,,,low,media,https://laishevskyi.ru/news/obschestvo/v-laisevskom-raione-proidut-ispytaniia-dlia-spasatelei-i-liubitelei-ekstrima,context,20,False,1,1,False,False,False,needs_review,['not_editorially_useful'],[],priority_review
evt_d6a71cbcea22c6122cea297f,,ЮВТ-24 снова выехал по жалобам альметьевцев...,reported,2026-09-03T08:29:24Z,2026-09-05T19:06:26Z,mo-92608000,territory,,,,low,media,https://t.me/uvt24/32638,context,16,False,1,1,False,False,False,needs_review,['not_editorially_useful'],[],priority_review
evt_7dc46d33b85c8822ad0b1221,,На проспекте Мира в Елабуге временно отключили холодную воду,planned,2026-09-03T08:27:00Z,2026-09-05T19:06:41Z,mo-92626101,street,проспект Мира,52.0103278,55.759246,low,media,https://elabuga-rt.ru/news/novosti/na-prospekte-mira-v-elabuge-vremenno-otkliucili-xolodnuiu-vodu,useful,97,False,1,1,True,True,False,ready,[],[],publish_now
evt_371b14d8ff51658c40e77d98,,"1 сентября 2004 года боевики захватили школу в Беслане. Три дня ада без воды и еды. 334 погибших, из которых 186 — дети. Эти цифры невозможно принять, эту боль невозможно забыть... 🙏💔",reported,2026-09-03T08:22:51Z,2026-09-05T19:06:28Z,mo-92624000,territory,,,,low,media,https://t.me/drozzanoe90/20756,useful,87,False,1,1,True,False,False,ready,[],[],publish_now
evt_1d8dae60c6ef08d77a6d0315,,Ремонт на проспекте Ямашева выходит на финишную прямую. — Проспект Ямашева,in_progress,2026-09-03T08:22:01Z,2026-09-05T19:06:49Z,mo-92701000,street,проспект Ямашева,49.1114905,55.8269727,low,official,https://t.me/avianovsav/6313,context,30,False,1,1,False,False,False,needs_review,['not_editorially_useful'],[],priority_review
evt_538f258e2584183f14338d33,,Проверь свою цифровую грамотность на всероссийском «ИТ-диктанте»!,reported,2026-09-03T08:20:21Z,2026-09-05T19:06:28Z,mo-92624000,territory,,,,low,media,https://t.me/drozzanoe90/20755,context,0,False,1,1,False,False,False,needs_review,['not_editorially_useful'],[],context
evt_333230544315169695e61e50,,Автосалон LADA в Казани,planned,2026-09-03T08:19:32Z,2026-09-04T20:13:16Z,mo-92633000,territory,,,,low,media,https://t.me/kukmor_tatarstan/56110,noise,24,False,4,2,False,False,False,needs_review,['not_editorially_useful'],[],hide_noise
evt_039304ec1a68f59dfe4e9fd1,,У вас договор не с соцсетями»: жилинспекция отреагировала на жалобы жителей Челнов,unknown,2026-09-03T08:19:00Z,2026-09-05T19:06:47Z,mo-92730000,territory,,,,low,media,https://chelny-izvest.ru/news/utility/zilinspekciia-otreagirovala-na-zaloby-zitelei-celnov,context,0,False,1,1,False,False,False,needs_review,['not_editorially_useful'],[],context
evt_d00d5bb8c64e981d23f71693,,Ары авылы халкы бердәм булып өмә ясады,reported,2026-09-03T08:07:00Z,2026-09-05T19:06:38Z,mo-92613434,territory,,,,low,media,https://atnya-rt.ru/news/sogy-khbrlr/ary-avyly-xalky-berdam-bulyp-oma-iasady,context,59,False,1,1,False,False,False,needs_review,['not_editorially_useful'],[],priority_review
evt_a20d31cdf670b15ebfda0efe,,Аксубаевские ветеринары обеспечивают эпизоологическое благополучие животноводства «МОЛКО»,reported,2026-09-03T08:04:54Z,2026-09-05T19:06:27Z,mo-92604000,territory,,,,low,media,https://t.me/selskayanovaksubaevo/34720,context,16,False,1,1,False,False,False,needs_review,['not_editorially_useful'],[],priority_review
evt_e2b53085f72667f1a27e73de,,Байлар Сабасының 5нче номерлы «Бәләкәч» балалар бакчасы тәрбиячеләре З.И.Гаянова һәм А.Р.Закирова «Безнең яңа тәрбияче» грантлар конкурсында җиңү яуладылар.,unknown,2026-09-03T08:04:01Z,2026-09-05T19:06:33Z,,territory,,,,low,media,https://t.me/sabatannars/47493,context,0,False,1,1,False,False,False,needs_review,['not_editorially_useful'],[],context
evt_9389a5e8f8c8e8022d0275ec,,Картлар йортында анималотерапия технологиясе ярдәмендә психологик коррекция кулланалар,reported,2026-09-03T08:03:00Z,2026-09-05T19:06:44Z,mo-92642000,territory,,,,low,media,https://muslumirc.ru/news/olkan-buyn/kartlar-iortynda-animaloterapiia-texnologiiase-iardamenda-psixologik-korrekciia-kullanalar,context,0,False,1,1,False,False,False,needs_review,['not_editorially_useful'],[],context
evt_2ffbd922ab9c48edbe77395e,,Минцифры запускает «ИТ-диктант»: тест из 32 вопросов о технологиях и безопасности,unknown,2026-09-03T07:51:00Z,2026-09-05T19:06:38Z,mo-92608000,territory,,,,low,media,https://almetievsk-ru.ru/news/goryachie-novosti/mincifry-zapuskaet-it-diktant-test-iz-32-voprosov-o-texnologiiax-i-bezopasnosti,context,0,False,1,1,False,False,False,needs_review,['not_editorially_useful'],[],context
evt_85979b1ae4c44bcc229f76b6,,Жителям района предлагают проверить свои знания в сфере цифровых технологий,reported,2026-09-03T07:50:00Z,2026-09-05T19:06:42Z,mo-92630000,territory,,,,low,media,https://kamskoe-ustie.ru/news/obrazovanie/ziteliam-raiona-predlagaiut-proverit-svoi-znaniia-v-sfere-cifrovyx-texnologii,context,0,False,1,1,False,False,False,needs_review,['not_editorially_useful'],[],context
evt_2457a10786202ce4b716299d,,Камская транспортная прокуратура выявила серьезные нарушения санитарных норм в трёх кафе в аэропорту «Бегишево».,resolved,2026-09-03T07:45:10Z,2026-09-05T19:06:31Z,mo-92627420,territory,,,,low,media,https://t.me/ntr24ru/45179,context,0,False,1,1,False,False,False,needs_review,['not_editorially_useful'],[],context
evt_3e8751b67d10b26a09c5ad7f,,Цифровой ликбез: проверим себя за 60 минут!,reported,2026-09-03T07:45:01Z,2026-09-05T19:06:31Z,mo-92639000,territory,,,,low,media,https://t.me/mndnews/80737,context,0,False,1,1,False,False,False,needs_review,['not_editorially_useful'],[],context
evt_fa1ca9d2562028ba590dc50c,,Планируете купить новый а/м? Успейте выгодно в июле!,planned,2026-09-03T07:44:06Z,2026-09-04T20:37:47Z,mo-92657405,territory,,,,low,media,https://t.me/chelnytv/46127,noise,20,False,2,1,False,False,False,needs_review,['not_editorially_useful'],[],hide_noise
evt_5c76ed7784239a038d754632,,Инвесторы представят проект туристического комплекса в Албайском поселении,reported,2026-09-03T07:43:00Z,2026-09-05T19:06:43Z,mo-92638000,territory,,,,low,media,https://mamadysh-rt.ru/news/obshchestvo/investory-predstaviat-proekt-turisticeskogo-kompleksa-v-albaiskom-poselenii,context,36,False,1,1,False,False,False,needs_review,['not_editorially_useful'],[],priority_review
evt_59d72c53a2df65016a061775,,Стартовал прием заявок на Республиканский конкурс театральных постановок «ПрофилАрт»!,reported,2026-09-03T07:38:00Z,2026-09-05T19:06:44Z,mo-92645000,territory,,,,low,media,https://novoshishminsk.ru/news/novosti-rayona/startoval-priem-zaiavok-na-respublikanskii-konkurs-teatralnyx-postanovok-profilart,useful,62,False,1,1,True,False,False,ready,[],[],publish_now
evt_7971f121c6280bbb2441fca7,,Бугульминцев наказали тремя сутками ареста за неуплату штрафов,unknown,2026-09-03T07:26:59Z,2026-09-05T19:06:26Z,mo-92617101,territory,,,,low,media,https://t.me/uvt24/32636,context,20,False,1,1,False,False,False,needs_review,['not_editorially_useful'],[],priority_review
evt_a187bcb6310f14121dc32641,,"Средняя зарплата в России достигла 114,7 тысячи рублей",reported,2026-09-03T07:23:54Z,2026-09-05T19:06:35Z,mo-92730000,territory,,,,low,media,https://t.me/chelny_news1/48555,context,0,False,1,1,False,False,False,needs_review,['not_editorially_useful'],[],context
evt_724b5493661777ba490f895e,,Берәрегезгә машина ремонтларга кирәкмиме?😂,unknown,2026-09-03T07:22:43Z,2026-09-05T19:06:35Z,mo-92730000,territory,,,,low,media,https://t.me/shahrichally/31366,context,0,False,1,1,False,False,False,needs_review,['not_editorially_useful'],[],context
evt_39245bac299bf1fd1e466af8,,"XVI Международный салон «Комплексная безопасность» впервые открылся в Казани, а не в Москве.",resolved,2026-09-03T07:21:00Z,2026-09-05T19:06:44Z,mo-92701000,settlement,Казань,49.1115022,55.7946485,low,media,https://novoshishminsk.ru/news/v-respublike/kazan-stala-novoi-ploshhadkoi-dlia-mezdunarodnogo-salona-kompleksnaia-bezopasnost,useful,79,False,4,4,True,False,False,ready,[],[],publish_now
evt_bd631db78322dbe3336d2461,,"Маршрут «Метеора» через Елабугу перевез 9,2 тысячи пассажиров",unknown,2026-09-03T07:10:00Z,2026-09-05T19:06:41Z,mo-92626000,territory,,,,low,media,https://elabuga-rt.ru/news/novosti/marsrut-meteora-cerez-elabugu-perevez-92-tysiaci-passazirov,context,59,False,1,1,False,False,False,needs_review,['not_editorially_useful'],[],priority_review
evt_fda69ade447eac695b7cbeac,,Сүздән — эшкә: Яшел Үзән районының финанс хезмәте ГТО тапшырды!,reported,2026-09-03T07:02:33Z,2026-09-05T19:06:30Z,mo-92628101,territory,,,,low,media,https://t.me/yasheluzan/54022,context,0,False,1,1,False,False,False,needs_review,['not_editorially_useful'],[],context
evt_d0f01e643b0cf423af7c87b4,,С 11 по 13 сентября пройдет всероссийский «ИТ-диктант»,reported,2026-09-03T07:01:00Z,2026-09-05T19:06:44Z,mo-92644000,territory,,,,low,media,https://nizhnekamsk-rt.ru/news/obschestvo/s-11-po-13-sentiabria-proidet-vserossiiskii-it-diktant,context,0,False,1,1,False,False,False,needs_review,['not_editorially_useful'],[],context
evt_d71ec73967b765b53bfcde89,,Сүздән — эшкә: Яшел Үзән районының финанс хезмәте ГТО тапшырды,reported,2026-09-03T07:00:00Z,2026-09-05T19:06:42Z,mo-92628101,territory,,,,low,media,https://yashel-uzan.ru/news/yashәesh/suzdan-eska-iasel-uzan-raionynyn-finans-xezmate-gto-tapsyrdy,context,0,False,1,1,False,False,False,needs_review,['not_editorially_useful'],[],context
evt_e95e6517f046d77fa8b5a5a5,,В Зеленодольском медколледже открыли капитально отремонтированный корпус,resolved,2026-09-03T07:00:00Z,2026-09-05T19:06:41Z,mo-92628101,territory,,,,low,media,https://zpravda.ru/news/novosti/v-zelenodolskom-medkolledze-otkryli-kapitalno-otremontirovannyi-korpus,useful,87,False,1,1,True,False,False,ready,[],[],publish_now
evt_6020fbba3f077997dc76b67b,,В Казани открылся салон МЧС «Комплексная безопасность»,resolved,2026-09-03T06:57:00Z,2026-09-05T19:06:43Z,mo-92701000,settlement,Казань,49.1115022,55.7946485,low,media,https://mamadysh-rt.ru/news/obshchestvo/v-kazani-otkrylsia-salon-mcs-kompleksnaia-bezopasnost,useful,79,False,1,1,True,False,False,ready,[],[],publish_now
evt_6b715e5ae2684dd5034ce457,,Салон «Комплексная безопасность» впервые открылся в Казани на базе МВЦ «Казань Экспо»,resolved,2026-09-03T06:57:00Z,2026-09-05T19:06:38Z,mo-92701000,settlement,Казань,49.1115022,55.7946485,low,media,https://almetievsk-ru.ru/news/goryachie-novosti/salon-kompleksnaia-bezopasnost-vpervye-otkrylsia-v-kazani-na-baze-mvc-kazan-ekspo,useful,79,False,1,1,True,False,False,ready,[],[],publish_now
evt_e22585f52a37904977b1e852,,НКО Татарстана и других регионов подали 485 заявок на гранты Раиса РТ,unknown,2026-09-03T06:57:00Z,2026-09-05T19:06:43Z,mo-92639000,territory,,,,low,media,https://mendeleevskyi.ru/news/v-respublike-1708003091/nko-tatarstana-i-drugix-regionov-podali-485-zaiavok-na-granty-raisa-rt,context,0,False,1,1,False,False,False,needs_review,['not_editorially_useful'],[],context
evt_5525092714a131a2181ecc0d,,"XVI Международный салон «Комплексная безопасность» впервые за свою историю открылся не в столичном регионе, а на площадке «Казань Экспо».",resolved,2026-09-03T06:52:00Z,2026-09-05T19:06:44Z,mo-92701000,settlement,Казань,49.1115022,55.7946485,low,media,https://nurlat-tat.ru/news/novosti/salon-kompleksnaia-bezopasnost-vpervye-startoval-v-kazani,useful,79,False,1,1,True,False,False,ready,[],[],publish_now
evt_bdb5916fa24e066b649aa102,,Нижнекамский городской суд приостановил деятельность кафе «СанСити» на улице Менделеева 35а в связи с выявленными в ходе проверки нарушениями.,paused,2026-09-03T06:50:57Z,2026-09-05T19:06:31Z,,territory,,,,low,media,https://t.me/ntr24ru/45177,context,30,False,1,1,False,False,False,needs_review,['not_editorially_useful'],[],priority_review
evt_ca503a8b1d51a33d9d1e3ce7,,Международный салон «Комплексная безопасность» открылся в столице Татарстана,resolved,2026-09-03T06:43:00Z,2026-09-05T19:06:46Z,mo-92701000,territory,,,,low,media,https://tetyushy.ru/news/obshchestvo/mezdunarodnyi-salon-kompleksnaia-bezopasnost-otkrylsia-v-stolice-tatarstana,useful,79,False,1,1,True,False,False,ready,[],[],publish_now
evt_e945a1ab34234db141690c39,,"В МБОУ- Старозюринской СОШ прошла ""Классная встреча"" с инспектором ДПС Л.Т.Киямовым. Инспектор подчёркнул, что безопасность на дорогах — общая ответственность, и призывал всех быть внимательными.",reported,2026-09-03T06:39:01Z,2026-09-05T19:06:33Z,mo-92656000,territory,,,,low,media,https://t.me/TulInformm/35529,context,0,False,1,1,False,False,False,needs_review,['not_editorially_useful'],[],context
evt_544074c1ea872565da68d08c,,В Казани открылся XVI Салон «Комплексная безопасность»,resolved,2026-09-03T06:38:00Z,2026-09-05T19:06:47Z,mo-92701000,settlement,Казань,49.1115022,55.7946485,low,media,https://chelny-izvest.ru/news/top5/v-kazani-otkrylsia-xvi-salon-kompleksnaia-bezopasnost,useful,79,False,3,3,True,False,False,ready,[],[],publish_now
evt_8a00d6a5ec98076f3a589d0c,,Общественная палата РТ подвела итоги конкурса грантов для НКО республики,unknown,2026-09-03T06:38:00Z,2026-09-05T19:06:38Z,mo-92608000,territory,,,,low,media,https://almetievsk-ru.ru/news/goryachie-novosti/obshhestvennaia-palata-rt-podvela-itogi-konkursa-grantov-dlia-nko-respubliki,context,0,False,1,1,False,False,False,needs_review,['not_editorially_useful'],[],context
evt_c15d04f0a4099275e0e47e4d,,Заведующий отделением БСМП: «10 минут чтения в день и танцы отодвигают старость»,unknown,2026-09-03T06:37:15Z,2026-09-05T19:06:47Z,mo-92730000,territory,,,,low,media,https://chelny-izvest.ru/news/obschestvo/zaveduiushhii-otdeleniem-bsmp-10-minut-cteniia-v-den-i-tancy-otodvigaiut-starost,context,0,False,2,2,False,False,False,needs_review,['not_editorially_useful'],[],context
evt_ccc1039fad6f88f85d615d1b,,В Большетарханском сельском Доме культуры завершён ремонт кровли пристроя. Необходимость работ была связана с протечками: они портили интерьер и угрожали безопасности здания. Ремонт выполнила бригада РДК совместно с рабочим по обслуживанию здания Ильгизаром Зафаровым. Теперь пристрой надёжно защищён от осадков — задача выполнена быстро и на высоком уровне.,resolved,2026-09-03T06:35:02Z,2026-09-05T19:06:33Z,mo-92655000,territory,,,,low,media,https://t.me/tetyushy/51275,context,36,False,1,1,False,False,False,needs_review,['not_editorially_useful'],[],priority_review
evt_1e9542ecc06bb8d7987c4573,,"Чем дроппер похож на «шпаргалочника»? Чем он расплачивается за «легкое решение»? В новом выпуске проекта «Профессионалы против мошенников» приняла участие Ольга Петрова, заместитель Министра науки и высшего образования РФ. В видеоролике героиня поднимает важную тему финансовой безопасности – профилактику дропперства среди молодежи. #ПрофессионалыПротивМошенников #СтопДроп #СтопДропРФ #НацбанкРТ",reported,2026-09-03T06:33:07Z,2026-09-05T19:06:33Z,mo-92653000,territory,,,,low,media,https://t.me/sarman_rt/31990,context,0,False,1,1,False,False,False,needs_review,['not_editorially_useful'],[],context
evt_d15497024b83ed0b9a506d09,,На гранты Раиса РТ для НКО направили 163 млн рублей — поступило 485 заявок,unknown,2026-09-03T06:33:00Z,2026-09-05T19:06:41Z,mo-92627000,territory,,,,low,media,https://zainsk-inform.ru/news/obschestvo/na-granty-raisa-rt-dlia-nko-napravili-163-mln-rublei-postupilo-485-zaiavok,context,50,False,1,1,False,False,False,needs_review,['not_editorially_useful'],[],priority_review
evt_e0c518fec1f192fddae57a2f,,Международный салон средств обеспечения безопасности открылся в Казани,resolved,2026-09-03T06:32:00Z,2026-09-05T19:06:38Z,mo-92701000,settlement,Казань,49.1115022,55.7946485,low,media,https://bavly-tat.ru/news/obschestvo/mezdunarodnyi-salon-sredstv-obespeceniia-bezopasnosti-otkrylsia-v-kazani,useful,79,False,1,1,True,False,False,ready,[],[],publish_now
evt_cba813cce86a5b87fbbec62d,,В Казани открылся международный салон «Комплексная безопасность»,resolved,2026-09-03T06:31:00Z,2026-09-05T19:06:44Z,mo-92701000,settlement,Казань,49.1115022,55.7946485,low,media,https://nizhnekamsk-rt.ru/news/obschestvo/v-kazani-vpervye-otkrylsia-mezdunarodnyi-salon-kompleksnaia-bezopasnost,useful,79,False,1,1,True,False,False,ready,[],[],publish_now
evt_24216d84a101756a55a7f733,,В Казани впервые открылся международный салон «Комплексная безопасность»,resolved,2026-09-03T06:30:00Z,2026-09-05T19:06:47Z,mo-92701000,settlement,Казань,49.1115022,55.7946485,low,media,https://tvchelny.ru/news/obshchestvo/v-kazani-vpervye-otkrylsia-mezdunarodnyi-salon-kompleksnaia-bezopasnost,useful,79,False,2,2,True,False,False,ready,[],[],publish_now
evt_29784e1bea26e7f842a8c149,,В Казани впервые открылся международный салон «Комплексная безопасность»,resolved,2026-09-03T06:30:00Z,2026-09-05T19:06:39Z,mo-92701000,settlement,Казань,49.1115022,55.7946485,low,media,https://buinsk-tat.ru/news/vchera-segodnya-zavtra/v-kazani-vpervye-otkrylsia-mezdunarodnyi-salon-kompleksnaia-bezopasnost,useful,79,False,2,2,True,False,False,ready,[],[],publish_now
evt_654ba9f66493e87f4ac30af1,,В Казани открылся салон «Комплексная безопасность»,resolved,2026-09-03T06:28:00Z,2026-09-05T19:06:45Z,mo-92701000,settlement,Казань,49.1115022,55.7946485,low,media,https://pestrecy-rt.ru/news/v-respublike/v-kazani-otkrylsia-salon-kompleksnaia-bezopasnost,useful,79,False,1,1,True,False,False,ready,[],[],publish_now
evt_109d52f1671c5a4abe530fd5,,НКО подали 485 заявок на грантовый конкурс Раиса РТ,planned,2026-09-03T06:27:00Z,2026-09-05T19:06:41Z,mo-92626000,territory,,,,low,media,https://elabuga-rt.ru/news/novosti/nko-podali-485-zaiavok-na-grantovyi-konkurs-raisa-rt,context,0,False,1,1,False,False,False,needs_review,['not_editorially_useful'],[],context
evt_3aed9da32ac95d21c8f94c56,,НКО Татарстана могут получить гранты на 163 млн рублей по 21 направлению,unknown,2026-09-03T06:27:00Z,2026-09-05T19:06:47Z,mo-92730000,territory,,,,low,media,https://chelny-izvest.ru/news/top5/nko-tatarstana-mogut-polucit-granty-na-163-mln-rublei-po-21-napravleniiu,context,16,False,1,1,False,False,False,needs_review,['not_editorially_useful'],[],priority_review
evt_cf3eb333b7fa647017e0deb0,,В аэропорту Бегишево сразу три кафе оштрафовали за просроченные продукты,reported,2026-09-03T06:26:01Z,2026-09-05T19:06:35Z,mo-92627420,territory,,,,low,media,https://t.me/chelny_news1/48550,context,36,False,1,1,False,False,False,needs_review,['not_editorially_useful'],[],priority_review
evt_ec3de031dcd239031c014f61,,163 млн рублей направлены на гранты Раиса РТ для НКО,unknown,2026-09-03T06:22:00Z,2026-09-05T19:06:43Z,mo-92638000,territory,,,,low,media,https://mamadysh-rt.ru/news/obshchestvo/163-mln-rublei-napravleny-na-granty-raisa-rt-dlia-nko,context,16,False,1,1,False,False,False,needs_review,['not_editorially_useful'],[],priority_review
evt_83c4e319afdfad302a1335a2,,Гранты для инициатив: Татарстан направляет 163 млн рублей»,unknown,2026-09-03T06:21:00Z,2026-09-05T19:06:47Z,mo-92730000,territory,,,,low,media,https://tvchelny.ru/news/obshchestvo/granty-raisa-rt-163-mln-rublei-na-razvitie-grazdanskogo-obshhestva,context,16,False,1,1,False,False,False,needs_review,['not_editorially_useful'],[],priority_review
evt_8178ea797c32306d926abca9,,НКО Татарстана и других регионов подали 485 заявок на гранты Раиса РТ,unknown,2026-09-03T06:20:00Z,2026-09-05T19:06:38Z,mo-92614000,territory,,,,low,media,https://bavly-tat.ru/news/obschestvo/nko-tatarstana-i-drugix-regionov-podali-485-zaiavok-na-granty-raisa-rt,context,0,False,1,1,False,False,False,needs_review,['not_editorially_useful'],[],context
evt_bad057b03073ad8a6b2d41f5,,Бугульминцев наказали тремя сутками ареста за неуплату штрафов,unknown,2026-09-03T06:20:00Z,2026-09-05T19:06:38Z,mo-92608000,territory,,,,low,media,https://almetievsk-ru.ru/news/goryachie-novosti/bugulmincev-nakazali-tremia-sutkami-aresta-za-neuplatu-strafov,context,0,False,1,1,False,False,False,needs_review,['not_editorially_useful'],[],context
evt_b00bf673bd0c1382a19f9389,,На гранты Раиса РТ на развитие гражданского общества направлено более 163 млн рублей,unknown,2026-09-03T06:19:00Z,2026-09-05T19:06:39Z,mo-92617000,territory,,,,low,media,https://bugulma-tatarstan.ru/news/news/na-granty-raisa-rt-na-razvitie-grazdanskogo-obshhestva-napravleno-bolee-163-mln-rublei,context,16,False,1,1,False,False,False,needs_review,"['summary_too_short', 'not_editorially_useful']",[],priority_review
evt_3dbf5a0d491965198ded4a21,,В аэропорту Бегишево сразу три кафе оштрафовали за просроченные продукты,unknown,2026-09-03T06:18:00Z,2026-09-05T19:06:47Z,mo-92627420,territory,,,,low,media,https://chelny-izvest.ru/news/facts/v-aeroportu-begisevo-srazu-tri-kafe-ostrafovali-za-prosrocennye-produkty,context,0,False,1,1,False,False,False,needs_review,"['summary_too_short', 'not_editorially_useful']",[],context
evt_933f25e290c67e00f796f1e6,,"34 нарушения обнаружили жилинспекторы в доме 8 Марта, 17",unknown,2026-09-03T06:17:56Z,2026-09-05T19:06:26Z,mo-92608000,territory,,,,low,media,https://t.me/uvt24/32635,context,30,False,1,1,False,False,False,needs_review,['not_editorially_useful'],[],priority_review
evt_adf55e4ab47ab75b10194a02,,В сентябре. – 700 000₽ на 10 авто без пробега.,unknown,2026-09-03T06:11:19Z,2026-09-04T20:35:36Z,mo-92646000,territory,,,,low,media,https://t.me/nurlatinform/82191,context,0,False,2,1,False,False,False,needs_review,['not_editorially_useful'],[],context
evt_aa697e4bc844ed3f2773c75b,,"Доход до 1,4 млн ₽ в год. Апарт-отель ЙЕС Горки в Казани",unknown,2026-09-03T06:06:51Z,2026-09-04T20:13:46Z,mo-92634000,territory,,,,low,media,https://t.me/novayakama/54772,context,36,False,2,1,False,False,False,needs_review,['not_editorially_useful'],[],priority_review
evt_e9c6e0f77e198ce82f304ae5,,"Непогода в Татарстане 3 сентября: туман, гроза и шквалистый ветер",reported,2026-09-03T06:06:00Z,2026-09-05T19:06:47Z,mo-92730000,territory,,,,low,media,https://tvchelny.ru/news/obshchestvo/nepogoda-v-tatarstane-3-sentiabria-tuman-groza-i-skvalistyi-veter,context,0,False,1,1,False,False,False,needs_review,['not_editorially_useful'],[],context
evt_625994c019866ab886d81364,,Торжественную линейку открыла директор школы Надежда Тимирашева.,reported,2026-09-03T06:03:21Z,2026-09-05T19:06:25Z,mo-92601000,territory,,,,low,media,https://t.me/agr_vesti/55710,context,36,False,1,1,False,False,False,needs_review,['not_editorially_useful'],[],priority_review
evt_2ce2abe638a1c79c06631add,,Скидки до 20% на все квартиры в Московском от GloraX!,reported,2026-09-03T06:02:13Z,2026-09-04T20:24:18Z,mo-92640000,territory,,,,low,media,https://t.me/smi_menzela/28777,context,36,False,2,1,False,False,False,needs_review,['not_editorially_useful'],[],priority_review
evt_ef1944a805fdce9339d64298,,В новом статусе - к новым достижениям,reported,2026-09-03T05:58:04Z,2026-09-05T19:06:32Z,mo-92645000,territory,,,,low,media,https://t.me/shesmauk/35770,context,36,False,1,1,False,False,False,needs_review,['not_editorially_useful'],[],priority_review
evt_a33692e3c983432e73aef0b5,,С начала этого года размещено более 2 300 вакансий.,reported,2026-09-03T05:50:02Z,2026-09-05T19:06:35Z,mo-92730000,territory,,,,low,media,https://t.me/chelny_news1/48546,useful,70,False,1,1,True,False,False,ready,[],[],publish_now
evt_b61d4eed2059d31ea2925810,,Чем дроппер похож на «шпаргалочника»? Чем он расплачивается за «легкое решение»?,reported,2026-09-03T05:48:36Z,2026-09-05T19:06:28Z,mo-92617000,territory,,,,low,media,https://t.me/bugulgazeta/58274,context,0,False,1,1,False,False,False,needs_review,['not_editorially_useful'],[],context
evt_86cf8c3822b86b3324a37a70,,В связи с ремонтными работами на котельной 53 кв.,reported,2026-09-03T05:46:26Z,2026-09-05T19:06:28Z,mo-92617000,territory,,,,low,media,https://t.me/bugulgazeta/58273,context,36,False,1,1,False,False,False,needs_review,['not_editorially_useful'],[],priority_review
evt_ed0f7e30f02e767e33ea26ad,,"На эти средства планируется отремонтировать дороги и освещение, благоустроить родники и общественные территории, привести в порядок памятники и кладбища.",planned,2026-09-03T05:40:11Z,2026-09-05T19:06:28Z,mo-92606475,territory,,,,low,media,https://t.me/bugulgazeta/58272,context,67,False,1,1,False,False,False,needs_review,['not_editorially_useful'],[],priority_review
evt_fec35c4a5c86d708e2c6638c,,В Татарстане страхователи могут вдвое уменьшить штраф за нарушения при сдаче отчетности,unknown,2026-09-03T05:40:00Z,2026-09-05T19:06:41Z,mo-92628000,territory,,,,low,media,https://zpravda.ru/news/novosti/v-tatarstane-straxovateli-mogut-vdvoe-umensit-straf-za-naruseniia-pri-sdace-otcetnosti,context,0,False,1,1,False,False,False,needs_review,['not_editorially_useful'],[],context
evt_efc4697e6b36e383b78dbc31,,В двух сельских школах — в Усадах и Куркачах — День знаний стал двойным праздником: учебный год начался в зданиях после капитального ремонта.,resolved,2026-09-03T05:35:28Z,2026-09-05T19:06:28Z,mo-92622000,territory,,,,low,media,https://t.me/vgora_vesti/45658,context,36,False,1,1,False,False,False,needs_review,['not_editorially_useful'],[],priority_review
evt_37bb6388a4a93a326658501a,,"Доход до 1,4 млн ₽ в год. Апарт-отель ЙЕС Горки в Казани",unknown,2026-09-03T05:33:49Z,2026-09-04T20:35:37Z,mo-92648000,territory,,,,low,media,https://t.me/pestresy/48354,context,36,False,2,1,False,False,False,needs_review,['not_editorially_useful'],[],priority_review
evt_8ebe3f856568fe40c04083af,,Әлмәт районында йортка ут капкан,reported,2026-09-03T05:22:52Z,2026-09-05T19:06:27Z,mo-92608101,territory,,,,low,media,https://t.me/atannary/29050,context,30,False,1,1,False,False,False,needs_review,['not_editorially_useful'],[],priority_review
evt_dbb50027f00816cef9f217a8,,"3 сентября отмечают День открытия уникальности ДНК — праздник, который напоминает, насколько удивителен и неповторим каждый из нас.",reported,2026-09-03T05:16:04Z,2026-09-05T19:06:32Z,mo-92640000,territory,,,,low,media,https://t.me/smi_menzela/28774,context,16,False,1,1,False,False,False,needs_review,['not_editorially_useful'],[],priority_review
evt_803a5eecadceb3dc397e2057,,"Татарстанга яшенле, бозлы яңгыр якынлаша",reported,2026-09-03T05:00:00Z,2026-09-05T19:06:46Z,mo-92656000,territory,,,,low,media,https://tulachi.ru/news/v-respublike/tatarstanga-iasenle-bozly-iangyr-iakynlasa,context,0,False,1,1,False,False,False,needs_review,['not_editorially_useful'],[],context
evt_9e0b632aa234a3a704419177,,В сентябре. – 700 000₽ на 10 авто без пробега.,unknown,2026-09-03T04:37:44Z,2026-09-04T20:13:16Z,mo-92630000,territory,,,,low,media,https://t.me/volzhskie/36055,context,0,False,2,1,False,False,False,needs_review,['not_editorially_useful'],[],context
evt_95ccfe74e1640b618bd5f43f,,С 3 сентября в связи с ремонтом на участке дороги от кольца ул. Корабельная по ул. Студенческая изменятся два автобусных маршрута.,reported,2026-09-03T04:12:10Z,2026-09-05T19:06:31Z,,territory,,,,low,media,https://t.me/ntr24ru/45174,context,30,False,1,1,False,False,False,needs_review,['not_editorially_useful'],[],priority_review
evt_4b5913158033c7a0af7e94fd,,"Экосити от GloraX. Квартиры от 5,6 млн ₽",reported,2026-09-03T04:09:38Z,2026-09-04T20:11:46Z,mo-92617000,territory,,,,low,media,https://t.me/bugulgazeta/58266,context,16,False,2,1,False,False,False,needs_review,['not_editorially_useful'],[],priority_review
evt_d9ea3cae31a570c609a572e1,,"Экосити от GloraX. Квартиры от 5,6 млн ₽",reported,2026-09-03T03:19:56Z,2026-09-04T20:13:16Z,mo-92633000,territory,,,,low,media,https://t.me/kukmor_tatarstan/56102,context,16,False,2,1,False,False,False,needs_review,['not_editorially_useful'],[],priority_review
evt_62b41e4b6d740fe9aba8c72a,,В Татарстане в четверг ожидается гроза и до +28 градусов,planned,2026-09-03T03:13:00Z,2026-09-05T19:06:42Z,mo-92629000,territory,,,,low,media,https://kaibicy.ru/news/prognoz-pogody/v-tatarstane-v-cetverg-ozidaetsia-groza-i-do-28-gradusov,context,0,False,2,2,False,False,False,needs_review,['not_editorially_useful'],[],context
evt_003957b903245ec6503840d2,,В рамках проведения строительно-монтажных работ по капитальному ремонту сетей водоснабжения 3 сентября с 08.00 будет произведено отключение холодного водоснабже,reported,2026-09-03T03:08:05Z,2026-09-05T19:06:28Z,mo-92617000,territory,,,,low,media,https://t.me/bugulgazeta/58262,useful,97,False,1,1,True,False,False,ready,[],[],publish_now
evt_9769ba9c9f21147c2cea5059,,Больше победителей — больше возможностей,reported,2026-09-03T02:10:07Z,2026-09-04T20:13:16Z,mo-92628000,territory,,,,low,media,https://t.me/yasheluzan/54018,noise,24,False,2,1,False,False,False,needs_review,['not_editorially_useful'],[],hide_noise
evt_741ac28bb2b1baceebb49939,,Элитный квартал-курорт на берегу Волги в Казани,unknown,2026-09-03T01:00:49Z,2026-09-04T20:13:47Z,mo-92638000,territory,,,,low,media,https://t.me/novosti_mamadysha/63835,useful,62,False,2,1,True,False,False,ready,[],[],publish_now
evt_legacy_561d65e143f99aa88af1aba8,public-582d2572256548ee,«Газпром нефть» и КФУ развивают технологии повышения нефтеотдачи,unknown,2026-09-03T00:00:00Z,2026-09-04T15:47:33Z,RU-TA,territory,,,,high,official,https://media.kpfu.ru/news/gazprom-neft-i-kfu-razvivayut-tekhnologii-povysheniya-nefteotdachi,context,0,True,1,0,False,False,False,needs_review,"['missing_primary_evidence', 'not_editorially_useful']",[],context
evt_legacy_7531f4f12cf222db5f8988a0,public-4ea22fc4b6516357,Студенты Казанского университета стали лауреатами стипендии Президента РФ,unknown,2026-09-03T00:00:00Z,2026-09-04T15:47:33Z,RU-TA,territory,,,,high,official,https://media.kpfu.ru/news/studenty-kazanskogo-universiteta-stali-laureatami-stipendii-prezidenta-rf,context,0,True,1,0,False,False,False,needs_review,"['missing_primary_evidence', 'not_editorially_useful']",[],context
evt_legacy_a0870477c3dec20a5080c01a,public-d72bfaceaecb0d11,42 студента Университета Иннополис получили стипендии от ИТ-компаний,unknown,2026-09-03T00:00:00Z,2026-09-04T15:47:31Z,mo-92620109,territory,,,,high,official,https://innopolis.university/news/scholarships-from-it-companies-2026/,context,16,True,1,0,False,False,False,needs_review,"['missing_primary_evidence', 'not_editorially_useful']",[],priority_review
evt_legacy_ae6ec175cd0ec1f132927a9a,public-6955684fc869e5b2,«Сближение Луны с Марсом»: астроном КФУ рассказал о небесном явлении,unknown,2026-09-03T00:00:00Z,2026-09-04T15:47:33Z,RU-TA,territory,,,,high,official,https://media.kpfu.ru/news/sblizhenie-luny-s-marsom-astronom-kfu-rasskazal-o-kosmicheskom-sobytii,context,0,True,1,0,False,False,False,needs_review,"['missing_primary_evidence', 'not_editorially_useful']",[],context
evt_legacy_cb7ac6b26bc8d4f6becdbe49,public-086b1be259b140b2,В КФУ зажгли свечи в День солидарности в борьбе с терроризмом,unknown,2026-09-03T00:00:00Z,2026-09-04T15:47:33Z,RU-TA,territory,,,,high,official,https://media.kpfu.ru/news/svecha-pamyati-i-skorbi,noise,20,True,1,0,False,False,False,needs_review,"['missing_primary_evidence', 'not_editorially_useful']",[],hide_noise
evt_5d19b65115d0464f744188c1,,"«Газпром нефть», КФУ и НГУ договорились о совместной разработке технологий ГРП",reported,2026-09-02T21:00:00Z,2026-09-05T18:57:34Z,mo-92701000,territory,,,,medium,media,http://media.kpfu.ru/news/gazprom-neft-i-kfu-razvivayut-tekhnologii-povysheniya-nefteotdachi,context,36,False,1,1,False,False,False,needs_review,['not_editorially_useful'],[],priority_review
evt_ce45f23aae8e9d63e078f891,,Лауреатами стипендии Президента РФ стали 11 студентов КФУ,reported,2026-09-02T21:00:00Z,2026-09-05T18:57:03Z,mo-92701000,territory,,,,medium,media,http://media.kpfu.ru/news/studenty-kazanskogo-universiteta-stali-laureatami-stipendii-prezidenta-rf,context,0,False,1,1,False,False,False,needs_review,['not_editorially_useful'],[],context
evt_f463d27f73a6a8d0490c4650,,Отключение водоснабжения в Приволжском,in_progress,2026-09-02T21:00:00Z,2026-09-05T19:13:08Z,mo-92632462,territory,,,,medium,utility,https://www.kznvodokanal.ru/accident#water-05d800a345d67118686a02df,useful,97,False,2,1,True,False,False,ready,[],[],publish_now
evt_8742a9e2e34b45026213fa7c,,В Татарстане расширили квоту для трудоустройства участников СВО,planned,2026-09-02T18:02:01Z,2026-09-05T19:06:27Z,mo-92614000,territory,,,,low,media,https://t.me/BavlyinformNEWS/44383,context,59,False,1,1,False,False,False,needs_review,"['not_editorially_useful', 'open_state_text_looks_finished']",[],priority_review
evt_0a5b2a31a2d6ec43c3e4355a,,"МЧС предупредило татарстанцев о тумане, грозе и сильном ветре",reported,2026-09-02T17:57:10Z,2026-09-05T19:06:33Z,mo-92650000,territory,,,,low,media,https://t.me/rusloboda/35271,context,0,False,1,1,False,False,False,needs_review,['not_editorially_useful'],[],context
evt_8e6f12deabe186a2582fe36e,,"МЧС предупредило татарстанцев о тумане, грозе и сильном ветре",reported,2026-09-02T17:48:08Z,2026-09-05T19:06:30Z,mo-92638000,territory,,,,low,media,https://t.me/novosti_mamadysha/63833,context,0,False,1,1,False,False,False,needs_review,['not_editorially_useful'],[],context
evt_4e2c6668e87e04fdf24e4f1c,,"Чем дроппер похож на «шпаргалочника»? Чем он расплачивается за «легкое решение»? В новом выпуске проекта «Профессионалы против мошенников» приняла участие Ольга Петрова, заместитель Министра науки и высшего образования РФ. В видеоролике героиня поднимает важную тему финансовой безопасности – профилактику дропперства среди молодежи. #ПрофессионалыПротивМошенников #СтопДроп #СтопДропРФ #НацбанкРТ",reported,2026-09-02T17:37:27Z,2026-09-05T19:06:33Z,mo-92657000,territory,,,,low,media,https://t.me/yakti_ul/31276,context,0,False,1,1,False,False,False,needs_review,['not_editorially_useful'],[],context
evt_e20c82e7d592898ab112feb7,,"Пусть уже второй день сентября, но праздник первого звонка мы запомним надолго. Сегодня делимся кадрами с торжественной линейки в Химико-технологическом лицее №3 «Потомки Менделеева».",reported,2026-09-02T17:29:10Z,2026-09-05T19:06:31Z,mo-92639000,territory,,,,low,media,https://t.me/mndnews/80725,context,36,False,1,1,False,False,False,needs_review,['not_editorially_useful'],[],priority_review
evt_65a60f5658d9eae4e332be27,,За долги могут временно запретить садиться за руль,reported,2026-09-02T17:25:44Z,2026-09-05T19:06:29Z,,territory,,,,low,media,https://t.me/ElabugaNK/46214,context,0,False,1,1,False,False,False,needs_review,['not_editorially_useful'],[],context
evt_5ff5ea73de95bb09f1a72c70,,"Чем дроппер похож на «шпаргалочника»? Чем он расплачивается за «легкое решение»? В новом выпуске проекта «Профессионалы против мошенников» приняла участие Ольга Петрова, заместитель Министра науки и высшего образования РФ. В видеоролике героиня поднимает важную тему финансовой безопасности – профилактику дропперства среди молодежи. #ПрофессионалыПротивМошенников #СтопДроп #СтопДропРФ #НацбанкРТ",reported,2026-09-02T17:04:37Z,2026-09-05T19:06:25Z,mo-92601000,territory,,,,low,media,https://t.me/agr_vesti/55708,context,0,False,1,1,False,False,False,needs_review,['not_editorially_useful'],[],context
evt_4d2afbb3db6202513c4544bf,,"Эксперт Анастасия Бунина пояснила «Татар-информу», что введение топлива низких экоклассов не отменяет Евро-5, а лишь дополняет его. Часть автомобилей допускает заправку Евро-3 и Евро-4.",reported,2026-09-02T17:02:01Z,2026-09-05T19:06:32Z,mo-92648000,territory,,,,low,media,https://t.me/pestresy/48353,context,36,False,1,1,False,False,False,needs_review,['not_editorially_useful'],[],priority_review
evt_2dbca769af717e4d0a9645f3,,"В Татарстане стартовал приём заявок на конкурс «Школьный экопатруль». Проекту — уже 12 лет, за это время участники помогли ликвидировать более 51 тысячи свалок!",reported,2026-09-02T16:45:13Z,2026-09-05T19:06:28Z,mo-92624000,territory,,,,low,media,https://t.me/drozzanoe90/20742,context,50,False,1,1,False,False,False,needs_review,['not_editorially_useful'],[],priority_review
evt_324c133111d4069e8a9fd2d5,,"Действуют зацеперы быстро: сначала вставляют дощечку в сцепное устройство и, опираясь на неё, закрепляются уже на задней площадке.",reported,2026-09-02T16:35:01Z,2026-09-05T19:06:31Z,mo-92644101,territory,,,,low,media,https://t.me/ntr24ru/45169,context,0,False,1,1,False,False,False,needs_review,['not_editorially_useful'],[],context
evt_92c9e4e3351b90313b06736a,,Так что вопрос с названием родника пока открыт.,resolved,2026-09-02T16:33:08Z,2026-09-05T19:06:30Z,mo-92638000,territory,,,,low,media,https://t.me/novosti_mamadysha/63832,useful,79,False,1,1,True,False,False,ready,[],[],publish_now
evt_0f311e65210a3201a5b312fe,,"Замана үзгәрә, кыйммәтләр кала",reported,2026-09-02T16:04:50Z,2026-09-05T19:06:30Z,mo-92628000,territory,,,,low,media,https://t.me/yasheluzan/54005,context,42,False,1,1,False,False,False,needs_review,['not_editorially_useful'],[],priority_review
evt_e57282299bf18595c6ebe0b7,,Жилец дома № 43 на проспекте Шинников угрожал перерезать газовый шланг и устроить взрыв. Прибывшие на место специалисты газовой службы перекрыли подачу газа в опасную квартиру и установили заглушку.,unknown,2026-09-02T15:55:43Z,2026-09-05T19:06:31Z,,territory,,,,low,media,https://t.me/ntr24ru/45168,useful,89,False,1,1,True,False,False,ready,[],[],publish_now
evt_4829c9744666c18cf816e8c5,,Районыбызның Ивановка авылында үзара салым акчасына чүп салу өчен контейнерлар сатып алганнар,reported,2026-09-02T15:46:17Z,2026-09-05T19:06:31Z,mo-92636415,territory,,,,low,media,https://t.me/zamansulyshy/17354,context,30,False,1,1,False,False,False,needs_review,['not_editorially_useful'],[],priority_review
evt_12032f760d1563cdf5de6409,,С 1 сентября изменился порядок штрафов за езду без ОСАГО,unknown,2026-09-02T15:38:00Z,2026-09-05T19:06:39Z,mo-92617000,territory,,,,low,media,https://bugulma-tatarstan.ru/news/news/s-1-sentiabria-izmenilsia-poriadok-strafov-za-ezdu-bez-osago,context,0,False,1,1,False,False,False,needs_review,['not_editorially_useful'],[],context
evt_7f9a63c18e33a2393967e65b,,Сейчас проводится расследование обстоятельств этого трагического инцидента.,reported,2026-09-02T15:35:07Z,2026-09-05T19:06:33Z,mo-92650000,territory,,,,low,media,https://t.me/rusloboda/35270,context,16,False,1,1,False,False,False,needs_review,['not_editorially_useful'],[],priority_review
evt_1acc2f93c2e2e2d40f6fe6d6,,В этом году здесь провели капитальный ремонт.,resolved,2026-09-02T15:35:02Z,2026-09-05T19:06:31Z,mo-92644101,territory,,,,low,media,https://t.me/ntr24ru/45167,context,36,False,1,1,False,False,False,needs_review,['not_editorially_useful'],[],priority_review
evt_538b1a10525556de79ee4221,,"Чем дроппер похож на «шпаргалочника»? Чем он расплачивается за «легкое решение»? В новом выпуске проекта «Профессионалы против мошенников» приняла участие Ольга Петрова, заместитель Министра науки и высшего образования РФ.",reported,2026-09-02T15:33:36Z,2026-09-05T19:06:30Z,mo-92638000,territory,,,,low,media,https://t.me/novosti_mamadysha/63829,context,0,False,1,1,False,False,False,needs_review,['not_editorially_useful'],[],context
evt_8adfb2badf4e98b4203998b4,,В Высокогорском районе завершается проведение собраний граждан во всех сельских поселениях.,reported,2026-09-02T15:31:13Z,2026-09-05T19:06:28Z,mo-92622000,territory,,,,low,media,https://t.me/vgora_vesti/45639,context,20,False,1,1,False,False,False,needs_review,['not_editorially_useful'],[],priority_review
evt_3c72e65b621a94024dc9855d,,"В наших карточках рассказываем, чем опасны стройки и заброшенные здания и почему не стоит рисковать ради любопытства.",unknown,2026-09-02T15:20:10Z,2026-09-05T19:06:30Z,mo-92633000,territory,,,,low,media,https://t.me/kukmor_tatarstan/56089,context,0,False,1,1,False,False,False,needs_review,['not_editorially_useful'],[],context
evt_de287361708bfbf442fe7f6f,,Память на века: в Нурлате открыли мемориальную доску Алмазу Ахметшину,resolved,2026-09-02T15:01:55Z,2026-09-05T19:06:32Z,mo-92646101,territory,,,,low,media,https://t.me/nurlatinform/82174,useful,87,False,1,1,True,False,False,ready,[],[],publish_now
evt_9d423bce159d483ff9933408,,Триумфальное открытие гимназии № 1 имени Асафа Абдрахманова!,unknown,2026-09-02T15:01:35Z,2026-09-05T19:06:25Z,mo-92601000,territory,,,,low,media,https://t.me/agr_vesti/55699,context,0,False,1,1,False,False,False,needs_review,['not_editorially_useful'],[],context
evt_a1ad93fa041f1839b3567c1a,,Мотоциклист погиб в ДТП с трактором в Актанышском районе Татарстана,reported,2026-09-02T15:00:28Z,2026-09-05T19:06:34Z,mo-92659000,territory,,,,low,media,https://t.me/chistopol_news/41927,context,46,False,1,1,False,False,False,needs_review,['not_editorially_useful'],[],priority_review
evt_d53ff8aa66c37921799415f0,,В посёлке Инеш из-за аварии временно отключат холодную воду,paused,2026-09-02T15:00:00Z,2026-09-05T19:06:40Z,mo-92622427,settlement,Инеш,49.3608339,55.8896538,low,media,https://biektaw.ru/news/v-selskih-poseleniyah/v-poselke-ines-iz-za-avarii-vremenno-otkliucat-xolodnuiu-vodu,useful,87,False,1,1,True,False,False,ready,[],[],publish_now
evt_39f288904f595b4db11173bb,,Долгожданное событие в мире культуры👏,reported,2026-09-02T14:56:33Z,2026-09-05T19:06:35Z,mo-92730000,territory,,,,low,media,https://t.me/chelnytv/46119,useful,70,False,1,1,True,False,False,ready,[],[],publish_now
evt_e134afba622d780d6d963bea,,"В Буинске начали реализацию нового проекта: здесь приступили к изготовлению маскировочных халатов для военнослужащих, участвующих в СВО.",unknown,2026-09-02T14:48:45Z,2026-09-05T19:06:28Z,mo-92618101,street,улица Ефремова,48.2944635,54.9793518,low,media,https://t.me/buinsknews/47135,useful,89,False,1,1,True,True,False,ready,[],[],publish_now
evt_f5f2276a533316fa92a86250,,Из строительного вагончика — в школу будущего: в посёлке Новый капремонт объединил поколения,reported,2026-09-02T14:47:07Z,2026-09-05T19:06:33Z,mo-92657405,settlement,Новый,52.6557514,55.7050504,low,media,https://t.me/yakti_ul/31273,useful,70,False,1,1,True,False,False,ready,[],[],publish_now
evt_6b9ceacb975e2b272dcb3617,,"Из-за коротких замыканий и нарушений при строительстве печей люди потеряли недвижимость и автомобили, которые к тому же не были застрахованы.",reported,2026-09-02T14:43:20Z,2026-09-05T19:06:33Z,mo-92657000,territory,,,,low,media,https://t.me/yakti_ul/31270,context,50,False,1,1,False,False,False,needs_review,['not_editorially_useful'],[],priority_review
evt_546d1fab631e85ee41233600,,В России ограничили частоту штрафов за езду без ОСАГО,unknown,2026-09-02T14:34:47Z,2026-09-05T19:06:26Z,mo-92608000,territory,,,,low,media,https://t.me/uvt24/32627,context,16,False,1,1,False,False,False,needs_review,['not_editorially_useful'],[],priority_review
evt_189aeff4a26e385102acb4fd,,"Әлмәттә ""ЖЭУ-7"" директоры пычрак подъездлар өчен 50 мең сум штраф алды",reported,2026-09-02T14:12:18Z,2026-09-05T19:06:27Z,mo-92608000,street,улица 8 Марта,52.3287286,54.9056558,low,media,https://t.me/atannary/29044,context,30,False,1,1,False,False,False,needs_review,['not_editorially_useful'],[],priority_review
evt_515ee781f004f62902524e98,,Полиция Татарстана начала серию рейдов по нелегальным мигрантам,reported,2026-09-02T14:05:14Z,2026-09-05T19:06:27Z,mo-92614000,territory,,,,low,media,https://t.me/BavlyinformNEWS/44379,context,42,False,1,1,False,False,False,needs_review,['not_editorially_useful'],[],priority_review
evt_db709bd8bb6c7645416b678b,,Врачи назвали опасность «геройского» недосыпа у людей старше 60 лет,unknown,2026-09-02T14:04:00Z,2026-09-05T19:06:44Z,mo-92646000,territory,,,,low,media,https://nurlat-tat.ru/news/zdorove/vraci-nazvali-opasnost-geroiskogo-nedosypa-u-liudei-starse-60-let,context,0,False,1,1,False,False,False,needs_review,['not_editorially_useful'],[],context
evt_4e7dc98a69d80c9319bdfd9e,,Генеральный директор компании Ромик Палян рассказал о планах строительства на промышленной площадке «Вятка» крупного логистического центра.,reported,2026-09-02T14:03:04Z,2026-09-05T19:06:30Z,mo-92638000,territory,,,,low,media,https://t.me/novosti_mamadysha/63821,useful,70,False,1,1,True,False,False,ready,[],[],publish_now
evt_3ffe2c6a6d7cadc5c117f019,,Синоптики прогнозируют ухудшение погодных условий,reported,2026-09-02T14:00:57Z,2026-09-05T19:06:25Z,mo-92601000,territory,,,,low,media,https://t.me/agr_vesti/55698,context,16,False,1,1,False,False,False,needs_review,['not_editorially_useful'],[],priority_review
evt_6d3f7fdb3463752925a214ec,,"Кровля течёт, мусор во дворе: управляющую компанию в Челнах оштрафовали на 210 тысяч",reported,2026-09-02T14:00:00Z,2026-09-05T19:06:47Z,mo-92730000,territory,,,,low,media,https://chelny-izvest.ru/news/utility/krovlia-tecet-musor-vo-dvore-upravliaiushhuiu-kompaniiu-v-celnax-ostrafovali-na-210-tysiac,context,20,False,1,1,False,False,False,needs_review,['not_editorially_useful'],[],priority_review
evt_63a7155150844193f5ab575e,,ОСАГОсыз машина йөртүчеләргә штраф салу тәртибе үзгәрде,unknown,2026-09-02T13:59:00Z,2026-09-05T19:06:45Z,mo-92653000,territory,,,,low,media,https://sarman-rt.ru/news/iminlek/osagosyz-masina-iortucelarga-straf-salu-tartibe-uzgarde,context,0,False,1,1,False,False,False,needs_review,['not_editorially_useful'],[],context
evt_0a97c2f1314d9cbd3e036e80,,"Теперь здесь открыта экспозиция с интерактивными зонами, где можно попробовать себя в качестве пилота, проверить вестибулярный аппарат и узнать, как создаются с",resolved,2026-09-02T13:53:01Z,2026-09-05T19:06:49Z,mo-92701000,territory,,,,low,official,https://t.me/avianovsav/6312,context,59,False,1,1,False,False,False,needs_review,['not_editorially_useful'],[],priority_review
evt_8c732a31f1d211346399ab37,,"В Татарстане ожидаются туман, гроза, ветер до 20 м/с и град",reported,2026-09-02T13:49:00Z,2026-09-05T19:06:46Z,mo-92655000,territory,,,,low,media,https://tetyushy.ru/news/obshchestvo/v-tatarstane-ozidaiutsia-tuman-groza-veter-do-20-ms-i-grad,context,0,False,1,1,False,False,False,needs_review,['not_editorially_useful'],[],context
evt_5911c6eb7f1ee6fea79a0bb9,,Академия наук РТ открыла прием заявок на четыре именные премии.,unknown,2026-09-02T13:42:00Z,2026-09-05T19:06:41Z,mo-92626000,territory,,,,low,media,https://elabuga-rt.ru/news/novosti/ucenye-tatarstana-smogut-polucit-po-500-tys-rublei-za-lucsie-naucnye-raboty,context,50,False,1,1,False,False,False,needs_review,['not_editorially_useful'],[],priority_review
evt_fa1f43fa7d303aafba8403b8,,Банки активизировали кредитование МСБ на фоне смягчения денежно-кредитной политики,unknown,2026-09-02T13:40:00Z,2026-09-05T19:06:47Z,mo-92654000,territory,,,,low,media,https://yutazy.ru/news/ekonomika/banki-aktivizirovali-kreditovanie-msb-na-fone-smiagceniia-denezno-kreditnoi-politiki,context,0,False,1,1,False,False,False,needs_review,['not_editorially_useful'],[],context
evt_5ca671666479ab853660931e,,Сговор при замене лифтов в Татарстане обошёлся компаниям в 17 млн рублей,unknown,2026-09-02T13:29:00Z,2026-09-05T19:06:47Z,mo-92730000,territory,,,,low,media,https://chelny-izvest.ru/news/facts/sgovor-pri-zamene-liftov-v-tatarstane-oboselsia-kompaniiam-v-17-mln-rublei,context,16,False,1,1,False,False,False,needs_review,"['summary_too_short', 'not_editorially_useful']",[],priority_review
evt_18727eb3d0b1aace844c13ec,,Права и СТС можно будет показать через МАКС,planned,2026-09-02T13:27:01Z,2026-09-05T19:06:29Z,,territory,,,,low,media,https://t.me/ElabugaNK/46202,context,0,False,1,1,False,False,False,needs_review,['not_editorially_useful'],[],context
evt_e452d8b0704d24db794a36cf,,В Набережных Челнах ветеранов СВО и их семьи обучат запуску собственного бизнеса,unknown,2026-09-02T13:25:00Z,2026-09-05T19:06:41Z,mo-92730000,settlement,Набережные Челны,52.399207,55.7419774,low,media,https://elabuga-rt.ru/news/novosti/v-nabereznyx-celnax-veteranov-svo-i-ix-semi-obucat-zapusku-sobstvennogo-biznesa,context,20,False,1,1,False,False,False,needs_review,['not_editorially_useful'],[],priority_review
evt_d08ccbfe9d41521d9da773d8,,Сон после 60: как не навредить себе,unknown,2026-09-02T13:24:43Z,2026-09-05T19:06:32Z,mo-92646000,territory,,,,low,media,https://t.me/nurlatinform/82156,context,0,False,1,1,False,False,False,needs_review,['not_editorially_useful'],[],context
evt_9d4e826769cef300c54b2f50,,Ветераны СВО и их близкие могут пройти обучение по программе «СВОй бизнес» в Татарстане,resolved,2026-09-02T13:23:00Z,2026-09-05T19:06:39Z,mo-92617000,territory,,,,low,media,https://bugulma-tatarstan.ru/news/news/veterany-svo-i-ix-blizkie-mogut-proiti-obucenie-po-programme-svoi-biznes-v-tatarstane,context,59,False,1,1,False,False,False,needs_review,"['summary_too_short', 'not_editorially_useful']",[],priority_review
evt_a6f5f5f545bb846a9f81d17f,,В России ограничили частоту штрафов за езду без ОСАГО,unknown,2026-09-02T13:23:00Z,2026-09-05T19:06:38Z,mo-92608000,territory,,,,low,media,https://almetievsk-ru.ru/news/goryachie-novosti/v-rossii-ogranicili-castotu-strafov-za-ezdu-bez-osago,context,16,False,1,1,False,False,False,needs_review,['not_editorially_useful'],[],priority_review
evt_6b29ca7e2ddc8f79987a628e,,В Нурлате торжественно открыли мемориальную доску памяти Алмаза Ахметшина,resolved,2026-09-02T13:15:00Z,2026-09-05T19:06:44Z,mo-92646000,territory,,,,low,media,https://nurlat-tat.ru/news/obschestvo/v-nurlate-torzestvenno-otkryli-memorialnuiu-dosku-pamiati-almaza-axmetsina,useful,79,False,1,1,True,False,False,ready,[],[],publish_now
evt_4225cd30ecb54fb043a6863f,,"В столице Татарстана открылся V Глобальный молодёжный саммит — площадка объединит молодых лидеров из разных стран для обсуждения ключевых трендов в образовании,",resolved,2026-09-02T13:14:00Z,2026-09-05T19:06:47Z,mo-92701000,settlement,Казань,49.1115022,55.7946485,low,media,https://tvchelny.ru/news/obshchestvo/v-kazani-startoval-v-globalnyi-molodeznyi-sammit,useful,79,False,1,1,True,False,False,ready,[],[],publish_now
evt_af01693345441608c02fc3ac,,Медики удалили крупное насекомое из слухового прохода жительницы Подмосковья,reported,2026-09-02T13:12:00Z,2026-09-05T19:06:46Z,mo-92659101,territory,,,,low,media,https://chistopol-rt.ru/news/obschestvo/mediki-udalili-krupnoe-nasekomoe-iz-sluxovogo-proxoda-zitelnicy-podmoskovia,context,36,False,1,1,False,False,False,needs_review,['not_editorially_useful'],[],priority_review
evt_f12e1fa77e00e878f5564851,,Татарстан продолжает восстановление объектов в Рубежном и Лисичанске,unknown,2026-09-02T13:12:00Z,2026-09-05T19:06:47Z,RU-TA,territory,,,,low,media,https://tvchelny.ru/news/obshchestvo/tatarstan-prodolzaet-vosstanovlenie-obieektov-v-rubeznom-i-lisicanske,context,20,False,1,1,False,False,False,needs_review,['not_editorially_useful'],[],priority_review
evt_81a8235692406627c338f926,,"Это может быть желание увеличить площадь, необходимость проведения ремонта, переезда в более комфортный район или даже в другой регион.",unknown,2026-09-02T13:09:01Z,2026-09-05T19:06:27Z,mo-92614000,territory,,,,low,media,https://t.me/BavlyinformNEWS/44378,context,67,False,1,1,False,False,False,needs_review,['not_editorially_useful'],[],priority_review
evt_a601326d279511c30fc65801,,Подзаголовок (лид) (до 237 символов включая пробелы): В республике полностью завершили работы по противопожарному обустройству лесов — меры направлены на снижен,reported,2026-09-02T13:08:00Z,2026-09-05T19:06:47Z,mo-92730000,territory,,,,low,media,https://tvchelny.ru/news/obshchestvo/v-tatarstane-zaversili-protivopozarnoe-obustroistvo-lesov,context,0,False,1,1,False,False,False,needs_review,['not_editorially_useful'],[],context
evt_252997f704a70d797e1ff257,,Пункт отбора на контрактную службу открылся в День Республики,resolved,2026-09-02T13:02:00Z,2026-09-05T19:06:47Z,mo-92730000,territory,,,,low,media,https://tvchelny.ru/news/obshchestvo/punkt-otbora-na-kontraktnuiu-sluzbu-otkrylsia-v-den-respubliki,useful,79,False,1,1,True,False,False,ready,[],[],publish_now
evt_a46ef0db5cc59a3b2fdff122,,Шушы көннәрдә Казан дәүләт аграр университеты базасында Бөтенроссия «АгроНТРИ-2026» конкурсының финалы узды.,unknown,2026-09-02T13:01:01Z,2026-09-05T19:06:33Z,mo-92701000,territory,,,,low,media,https://t.me/sabatannars/47479,context,0,False,1,1,False,False,False,needs_review,['not_editorially_useful'],[],context
evt_86755a69b4c32a2a4fcfdccc,,На ул.Рауиса Гареева открылся Центр регби.,resolved,2026-09-02T13:00:56Z,2026-09-05T19:06:48Z,mo-92701000,street,улица Рауиса Гареева,49.1785079,55.7290592,low,official,https://t.me/kzn_official/23567,useful,89,False,1,1,True,True,False,ready,[],[],publish_now
evt_3e7bddc043bf92702102886a,,"Чем дроппер похож на «шпаргалочника»? Чем он расплачивается за «легкое решение»? В новом выпуске проекта «Профессионалы против мошенников» приняла участие Ольга Петрова, заместитель Министра науки и высшего образования РФ. В видеоролике героиня поднимает важную тему финансовой безопасности – профилактику дропперства среди молодежи. #ПрофессионалыПротивМошенников #СтопДроп #СтопДропРФ #НацбанкРТ",reported,2026-09-02T13:00:01Z,2026-09-05T19:06:33Z,mo-92656000,territory,,,,low,media,https://t.me/TulInformm/35516,context,0,False,1,1,False,False,False,needs_review,['not_editorially_useful'],[],context
evt_5c176f7bf2c1f588d87cc7b1,,"При грозе: остановитесь на велосипеде/мотоцикле, отойдите на 30 м; в машине — закройте окна и переждите; на открытой местности — ложитесь в низину подальше от в",reported,2026-09-02T13:00:00Z,2026-09-05T19:06:28Z,mo-92701000,territory,,,,low,media,https://t.me/drozzanoe90/20740,context,36,False,1,1,False,False,False,needs_review,['not_editorially_useful'],[],priority_review
evt_8c29778c908d18ff93e26f44,,С начала года под колесами автомобилей оказались 457 человек.,reported,2026-09-02T12:59:03Z,2026-09-05T19:06:28Z,mo-92701000,territory,,,,low,media,https://t.me/drozzanoe90/20739,context,36,False,1,1,False,False,False,needs_review,['not_editorially_useful'],[],priority_review
evt_82dcc74e08d080e19dc8de4b,,В Татарстане запустили печать главных избирательных документов!,unknown,2026-09-02T12:57:28Z,2026-09-05T19:06:28Z,mo-92624000,territory,,,,low,media,https://t.me/drozzanoe90/20738,useful,87,False,1,1,True,False,False,ready,[],[],publish_now
evt_18a50685a6c3f5017372458e,,Для компаний агропромышленного комплекса открыт сервис комплексной поддержки экспорта,resolved,2026-09-02T12:51:00Z,2026-09-05T19:06:35Z,mo-92601000,territory,,,,low,media,https://agryz-rt.ru/news/po-materialam-tatar-inform/dlia-kompanii-agropromyslennogo-kompleksa-otkryt-servis-kompleksnoi-podderzki-eksporta,context,59,False,1,1,False,False,False,needs_review,['not_editorially_useful'],[],priority_review
evt_0e3b384cb181d141b20ebe34,,"Чем дроппер похож на «шпаргалочника»? Чем он расплачивается за «легкое решение»? В новом выпуске проекта «Профессионалы против мошенников» приняла участие Ольга Петрова, заместитель Министра науки и высшего образования РФ. В видеоролике героиня поднимает важную тему финансовой безопасности – профилактику дропперства среди молодежи. #ПрофессионалыПротивМошенников #СтопДроп #СтопДропРФ #НацбанкРТ",reported,2026-09-02T12:48:24Z,2026-09-05T19:06:28Z,mo-92624000,territory,,,,low,media,https://t.me/drozzanoe90/20737,context,0,False,1,1,False,False,False,needs_review,['not_editorially_useful'],[],context
evt_98c6c3c458545a362af79c92,,Больше половины погибших пешеходов в РТ — в тёмное время суток,reported,2026-09-02T12:43:00Z,2026-09-05T19:06:47Z,mo-92730000,territory,,,,low,media,https://tvchelny.ru/news/obshchestvo/bolse-poloviny-pogibsix-pesexodov-v-rt-v-temnoe-vremia-sutok,context,16,False,1,1,False,False,False,needs_review,['not_editorially_useful'],[],priority_review
evt_304b63fbc41139690845a7c8,,"Чем дроппер похож на «шпаргалочника»? Чем он расплачивается за «легкое решение»? В новом выпуске проекта «Профессионалы против мошенников» приняла участие Ольга Петрова, заместитель Министра науки и высшего образования РФ. В видеоролике героиня поднимает важную тему финансовой безопасности – профилактику дропперства среди молодежи. #ПрофессионалыПротивМошенников #СтопДроп #СтопДропРФ #НацбанкРТ",reported,2026-09-02T12:41:06Z,2026-09-05T19:06:27Z,mo-92614000,territory,,,,low,media,https://t.me/BavlyinformNEWS/44377,context,0,False,1,1,False,False,False,needs_review,['not_editorially_useful'],[],context
evt_f16aac7b8afee898d9fada8e,,Водителей без ОСАГО будут штрафовать не чаще одного раза в сутки,reported,2026-09-02T12:35:11Z,2026-09-05T19:06:42Z,mo-92629000,territory,,,,low,media,https://kaibicy.ru/news/novosti/voditelei-bez-osago-budut-strafovat-ne-cashhe-odnogo-raza-v-sutki,context,16,False,2,2,False,False,False,needs_review,['not_editorially_useful'],[],priority_review
evt_901f11c80496a063774a8276,,Первое сентября в Бехтерево в этом году получилось особенным: после капитального ремонта школа вновь встретила учеников.,reported,2026-09-02T12:34:01Z,2026-09-05T19:06:29Z,mo-92626404,territory,,,,low,media,https://t.me/ElabugaNK/46201,context,36,False,1,1,False,False,False,needs_review,['not_editorially_useful'],[],priority_review
evt_68304328b757b44aafec06a7,,Компании АПК Татарстана могут бесплатно получить поддержку для выхода на экспорт,reported,2026-09-02T12:30:00Z,2026-09-05T19:06:40Z,mo-92620000,territory,,,,low,media,https://vuslon.ru/news/obschestvo/kompanii-apk-tatarstana-mogut-besplatno-polucit-podderzku-dlia-vyxoda-na-eksport,context,0,False,1,1,False,False,False,needs_review,['not_editorially_useful'],[],context
evt_a61666de4574d33c4df5f34e,,"Чем дроппер похож на «шпаргалочника»? Чем он расплачивается за «легкое решение»? В новом выпуске проекта «Профессионалы против мошенников» приняла участие Ольга Петрова, заместитель Министра науки и высшего образования РФ. В видеоролике героиня поднимает важную тему финансовой безопасности – профилактику дропперства среди молодежи. #ПрофессионалыПротивМошенников #СтопДроп #СтопДропРФ #НацбанкРТ",reported,2026-09-02T12:16:14Z,2026-09-05T19:06:26Z,mo-92606000,territory,,,,low,media,https://t.me/zariaaleks/32331,context,0,False,1,1,False,False,False,needs_review,['not_editorially_useful'],[],context
evt_275c69e1971f3e6a964b1bc0,,Роман Исланов обсудил с руководителем проекта планировку территории и сроки строительства.,planned,2026-09-02T12:12:00Z,2026-09-05T19:06:47Z,mo-92632410,settlement,Антоновка,49.4821645,54.9121054,low,media,https://spas-rt.ru/news/obschestvo/glava-raiona-vstretilsia-s-rukovoditelem-promparka-bezdna-v-sele-antonovka,useful,70,False,1,1,True,False,False,ready,[],[],publish_now
evt_f3e52000bf33d5b306fc917b,,С заботой о зимовке: Кайбицкие хозяйства заготавливают корма,reported,2026-09-02T12:10:21Z,2026-09-05T19:06:29Z,mo-92618435,territory,,,,low,media,https://t.me/kaibicy/45830,context,16,False,1,1,False,False,False,needs_review,['not_editorially_useful'],[],priority_review
evt_ab81308dfe3e30a0ad99a15e,,"Чем дроппер похож на «шпаргалочника»? Чем он расплачивается за «легкое решение»? В новом выпуске проекта «Профессионалы против мошенников» приняла участие Ольга Петрова, заместитель Министра науки и высшего образования РФ. В видеоролике героиня поднимает важную тему финансовой безопасности – профилактику дропперства среди молодежи.",reported,2026-09-02T12:04:44Z,2026-09-05T19:06:31Z,mo-92644000,territory,,,,low,media,https://t.me/kampolany/16361,context,0,False,1,1,False,False,False,needs_review,['not_editorially_useful'],[],context
evt_4c11606a07702a340f482213,,"МЧС напоминает о мерах безопасности при тумане, грозе и сильном ветре в РТ",reported,2026-09-02T12:03:52Z,2026-09-05T19:06:27Z,mo-92614000,territory,,,,low,media,https://t.me/BavlyinformNEWS/44375,context,16,False,1,1,False,False,False,needs_review,['not_editorially_useful'],[],priority_review
evt_89f42a78172a72143477ac7f,,"Чем дроппер похож на «шпаргалочника»? Чем он расплачивается за «легкое решение»? В новом выпуске проекта «Профессионалы против мошенников» приняла участие Ольга Петрова, заместитель Министра науки и высшего образования РФ. В видеоролике героиня поднимает важную тему финансовой безопасности – профилактику дропперства среди молодежи. #ПрофессионалыПротивМошенников #СтопДроп #СтопДропРФ #НацбанкРТ",reported,2026-09-02T12:03:37Z,2026-09-05T19:06:30Z,mo-92634000,territory,,,,low,media,https://t.me/novayakama/54769,context,0,False,1,1,False,False,False,needs_review,['not_editorially_useful'],[],context
evt_3d4abc3c6186ac0357ea814c,,"Чем дроппер похож на «шпаргалочника»? Чем он расплачивается за «легкое решение»? В новом выпуске проекта «Профессионалы против мошенников» приняла участие Ольга Петрова, заместитель Министра науки и высшего образования РФ. В видеоролике героиня поднимает важную тему финансовой безопасности – профилактику дропперства среди молодежи. #ПрофессионалыПротивМошенников #СтопДроп #СтопДропРФ #НацбанкРТ",reported,2026-09-02T12:03:08Z,2026-09-05T19:06:31Z,mo-92636000,territory,,,,low,media,https://t.me/len_vesti/29683,context,0,False,2,2,False,False,False,needs_review,['not_editorially_useful'],[],context
evt_a35822af3482722bfeaddf2c,,Компании АПК могут бесплатно получить комплексную поддержку для выхода на зарубежные рынки,reported,2026-09-02T12:02:00Z,2026-09-05T19:06:46Z,mo-92655000,territory,,,,low,media,https://tetyushy.ru/news/obshchestvo/kompanii-apk-mogut-besplatno-polucit-kompleksnuiu-podderzku-dlia-vyxoda-na-zarubeznye-rynki,context,0,False,1,1,False,False,False,needs_review,['not_editorially_useful'],[],context
evt_9cad77fb82a5d049e76fadf0,,"Сейчас в самом разгаре горячая пора — идёт непрерывная очистка и сушка зерна, привезённого с полей.",reported,2026-09-02T12:00:44Z,2026-09-05T19:06:33Z,mo-92650000,territory,,,,low,media,https://t.me/rusloboda/35264,context,16,False,1,1,False,False,False,needs_review,['not_editorially_useful'],[],priority_review
evt_714d985f80aa92b4fa8eff96,,Сервис для напоминаний стал доступен учителям в «Максе»,unknown,2026-09-02T12:00:00Z,2026-09-05T19:06:42Z,mo-92629000,territory,,,,low,media,https://kaibicy.ru/news/novosti/servis-dlia-napominanii-stal-dostupen-uciteliam-v-makse,context,59,False,2,2,False,False,False,needs_review,['not_editorially_useful'],[],priority_review
evt_c8ad2dc107c7f981eb734de7,,В Татарстане начался прием заявок на новый сезон республиканского конкурса «Школьный экопатруль».,reported,2026-09-02T12:00:00Z,2026-09-05T19:06:40Z,mo-92622000,territory,,,,low,media,https://biektaw.ru/news/v-respublike/v-tatarstane-startoval-novyi-sezon-konkursa-skolnyi-ekopatrul,context,50,False,1,1,False,False,False,needs_review,['not_editorially_useful'],[],priority_review
evt_d833535bb993e7e108f44ccb,,В библиотеке Верхнего Услона открылась выставка к 85-летию Сергея Довлатова,resolved,2026-09-02T12:00:00Z,2026-09-05T19:06:40Z,mo-92620415,territory,,,,low,media,https://vuslon.ru/news/obschestvo/v-biblioteke-verxnego-uslona-otkrylas-vystavka-k-85-letiiu-sergeia-dovlatova,context,59,False,1,1,False,False,False,needs_review,['not_editorially_useful'],[],priority_review
evt_90d541ba5596565f46982589,,Работодатели Татарстана могут оплатить штраф за отчётность со скидкой 50%,unknown,2026-09-02T11:56:00Z,2026-09-05T19:06:35Z,mo-92601000,territory,,,,low,media,https://agryz-rt.ru/news/pfr-1775464353/rabotodateli-tatarstana-mogut-oplatit-straf-za-otcetnost-so-skidkoi-50,context,0,False,1,1,False,False,False,needs_review,['not_editorially_useful'],[],context
evt_f68ab8445273d22c3faf014f,,Водителей без ОСАГО будут штрафовать не чаще одного раза в сутки,unknown,2026-09-02T11:54:00Z,2026-09-05T19:06:39Z,mo-92618000,territory,,,,low,media,https://buinsk-tat.ru/news/vchera-segodnya-zavtra/voditelei-bez-osago-budut-strafovat-ne-cashhe-odnogo-raza-v-sutki,context,0,False,1,1,False,False,False,needs_review,['not_editorially_useful'],[],context
evt_206610a08b416305c5d5521d,,"Чем дроппер похож на «шпаргалочника»? Чем он расплачивается за «легкое решение»? В новом выпуске проекта «Профессионалы против мошенников» приняла участие Ольга Петрова, заместитель Министра науки и высшего образования РФ. В видеоролике героиня поднимает важную тему финансовой безопасности – профилактику дропперства среди молодежи. #ПрофессионалыПротивМошенников #СтопДроп #СтопДропРФ #НацбанкРТ",reported,2026-09-02T11:52:11Z,2026-09-05T19:06:29Z,mo-92629000,territory,,,,low,media,https://t.me/kaibicy/45825,context,0,False,1,1,False,False,False,needs_review,['not_editorially_useful'],[],context
evt_9ef835e052fc5f16304e0902,,"Чем дроппер похож на «шпаргалочника»? Чем он расплачивается за «легкое решение»? В новом выпуске проекта «Профессионалы против мошенников» приняла участие Ольга Петрова, заместитель Министра науки и высшего образования РФ. В видеоролике героиня поднимает важную тему финансовой безопасности – профилактику дропперства среди молодежи. #ПрофессионалыПротивМошенников #СтопДроп #СтопДропРФ #НацбанкРТ",reported,2026-09-02T11:51:13Z,2026-09-05T19:06:27Z,mo-92604000,territory,,,,low,media,https://t.me/selskayanovaksubaevo/34707,context,0,False,1,1,False,False,False,needs_review,['not_editorially_useful'],[],context
evt_2f54226bdc8badcffee3edb0,,"Чем дроппер похож на «шпаргалочника»? Чем он расплачивается за «легкое решение»? В новом выпуске проекта «Профессионалы против мошенников» приняла участие Ольга Петрова, заместитель Министра науки и высшего образования РФ. В видеоролике героиня поднимает важную тему финансовой безопасности – профилактику дропперства среди молодежи. #ПрофессионалыПротивМошенников #СтопДроп #СтопДропРФ #НацбанкРТ",reported,2026-09-02T11:47:56Z,2026-09-05T19:06:28Z,mo-92620000,territory,,,,low,media,https://t.me/verhniyuslon/41014,context,0,False,1,1,False,False,False,needs_review,['not_editorially_useful'],[],context
evt_efa786ac04f25e6c1b26b1aa,,Осень – время наводить порядок на участках,reported,2026-09-02T11:46:01Z,2026-09-05T19:06:49Z,mo-92701000,territory,,,,low,official,https://t.me/avianovsav/6306,context,36,False,1,1,False,False,False,needs_review,['not_editorially_useful'],[],priority_review
evt_81bb20e1eb767cc3d4ee1aea,,ФГБУ «Агроэкспорт» предлагает бесплатный сервис для выхода на внешние рынки,reported,2026-09-02T11:42:00Z,2026-09-05T19:06:37Z,mo-92606000,territory,,,,low,media,https://alekseyevsk.ru/news/selskoe-hozyaystvo/fgbu-agroeksport-predlagaet-besplatnyi-servis-dlia-vyxoda-na-vnesnie-rynki,context,0,False,1,1,False,False,False,needs_review,['not_editorially_useful'],[],context
evt_6b87f2c8fff61cd966de4eef,,"Чем дроппер похож на «шпаргалочника»? Чем он расплачивается за «легкое решение»? В новом выпуске проекта «Профессионалы против мошенников» приняла участие Ольга Петрова, заместитель Министра науки и высшего образования РФ. В видеоролике героиня поднимает важную тему финансовой безопасности – профилактику дропперства среди молодежи.",reported,2026-09-02T11:41:58Z,2026-09-05T19:06:26Z,mo-92608000,territory,,,,low,media,https://t.me/uvt24/32613,context,0,False,1,1,False,False,False,needs_review,['not_editorially_useful'],[],context
evt_f826b4ce6259e7f806c987e1,,Чем дроппер похож на «шпаргалочника»? Чем он расплачивается за «легкое решение»?,reported,2026-09-02T11:39:49Z,2026-09-05T19:06:31Z,mo-92639000,territory,,,,low,media,https://t.me/mndnews/80716,context,0,False,1,1,False,False,False,needs_review,['not_editorially_useful'],[],context
evt_82382ffd33e59751c438ce4c,,В Татарстанском кадетском корпусе состоялось торжественное открытие учебного года,unknown,2026-09-02T11:38:00Z,2026-09-05T19:06:44Z,mo-92644000,territory,,,,low,media,https://nizhnekamsk-rt.ru/news/obschestvo/v-tatarstanskom-kadetskom-korpuse-sostoialos-torzestvennoe-otkrytie-ucebnogo-goda,context,20,False,1,1,False,False,False,needs_review,['not_editorially_useful'],[],priority_review
evt_2e304c427a86c2369d39a913,,В селе Кемеш Куль прошло значимое событие – после благоустройства торжественно открыли родник.,resolved,2026-09-02T11:36:00Z,2026-09-05T19:06:43Z,mo-92638424,territory,,,,low,media,https://mamadysh-rt.ru/news/obshchestvo/obnovlennyi-rodnik-v-kemes-kule-stal-povodom-dlia-bolsogo-selskogo-prazdnika,useful,87,False,1,1,True,False,False,ready,[],[],publish_now
evt_51b6cfefdcbb1a0c0c8c923a,,"Мансур начал карьеру с работы помощником на комбайне С-4, обучаясь у старших хлеборобов.",resolved,2026-09-02T11:31:12Z,2026-09-05T19:06:33Z,mo-92650000,territory,,,,low,media,https://t.me/rusloboda/35263,useful,79,False,1,1,True,False,False,ready,[],[],publish_now
evt_0d603d1571ad47d8c7e58d20,,Әйшә урта мәктәбе капиталь ремонтны озак көтте.,unknown,2026-09-02T11:30:00Z,2026-09-05T19:06:42Z,mo-92628000,territory,,,,low,media,https://yashel-uzan.ru/news/yashәesh/kaicakta-ianarys-stenalarny-gyna-tugel-boten-maktapnen-ruxyn-uzgarta,context,0,False,1,1,False,False,False,needs_review,['not_editorially_useful'],[],context
evt_cbf6cea5ca2390898ddbcd87,,Әлеге онытылмаслык вакыйга капиталь ремонттан соң ишекләрен кабаттан ачкан Новотроицкое авылындагы яшүсмерләр клубында узды.,reported,2026-09-02T11:30:00Z,2026-09-05T19:06:45Z,mo-92657455,territory,,,,low,media,https://tukai-rt.ru/news/mәgarif/oly-tormyska-berence-adym-14-iaslek-tukailylarga-berence-pasportlar-tapsyryldy,context,20,False,1,1,False,False,False,needs_review,['not_editorially_useful'],[],priority_review
evt_0f7171f3c014ddb9cd80c5cf,,Аграриям Татарстана помогут выйти на зарубежные рынки,reported,2026-09-02T11:27:00Z,2026-09-05T19:06:47Z,mo-92632000,territory,,,,low,media,https://spas-rt.ru/news/novosti/agrariiam-tatarstana-pomogut-vyiti-na-zarubeznye-rynki,context,0,False,1,1,False,False,False,needs_review,['not_editorially_useful'],[],context
evt_9736920cbc7149fe26f343cd,,Рәсемнәрдә – тормыш агышы,reported,2026-09-02T11:25:00Z,2026-09-05T19:06:47Z,mo-92730000,territory,,,,low,media,https://shahrichalli.ru/news/iat/rasemnarda-tormys-agysy,context,42,False,1,1,False,False,False,needs_review,['not_editorially_useful'],[],priority_review
evt_d1cce7217d96fd9bb5c84ebb,,В школе №8 открыли специализированный класс по плаванию.,resolved,2026-09-02T11:21:00Z,2026-09-05T19:06:29Z,mo-92626101,settlement,Елабуга,52.0539938,55.7577131,low,media,https://t.me/ElabugaNK/46192,useful,87,False,1,1,True,False,False,ready,[],[],publish_now
evt_ed75cbfe7e0be0adb2452609,,Агроэкспорт запустил бесплатный сервис поддержки для фермеров,reported,2026-09-02T11:21:00Z,2026-09-05T19:06:44Z,mo-92646000,territory,,,,low,media,https://nurlat-tat.ru/news/novosti/agroeksport-zapustil-besplatnyi-servis-podderzki-dlia-fermerov,context,0,False,1,1,False,False,False,needs_review,['not_editorially_useful'],[],context
evt_807fef1146ccaeb9f0fcfa14,,На Казанской и Спасской ограничат движение,reported,2026-09-02T11:18:12Z,2026-09-05T19:06:29Z,,territory,,,,low,media,https://t.me/ElabugaNK/46191,useful,87,False,1,1,True,False,False,ready,[],[],publish_now
evt_5a404539d4d5ea2ea55ea1e6,,Ограничение связано с проведением дорожно-ремонтных работ.,reported,2026-09-02T11:17:00Z,2026-09-05T19:06:41Z,mo-92626101,settlement,Елабуга,52.0539938,55.7577131,low,media,https://elabuga-rt.ru/news/novosti/na-peresecenii-kazanskoi-i-spasskoi-v-elabuge-ogranicili-dvizenie,context,36,False,1,1,False,False,False,needs_review,['not_editorially_useful'],[],priority_review
evt_fb650b0d506d0ab5c083ca68,,Верхнеуслонцев предупреждают об отключении цифрового телевидения 30 сентября,reported,2026-09-02T11:07:15Z,2026-09-05T19:06:40Z,mo-92620403,territory,,,,low,media,https://vuslon.ru/news/obschestvo/verxneusloncev-preduprezdaiut-ob-otkliucenii-cifrovogo-televideniia-30-sentiabria,context,59,False,2,2,False,False,False,needs_review,['not_editorially_useful'],[],priority_review
evt_94ad95c1d79ce87dc4a8a1ba,,Казанда БРИКС Төзелеш атналыгы кысаларында ике зур күргәзмә оештырылачак,reported,2026-09-02T11:00:00Z,2026-09-05T19:06:42Z,mo-92701000,territory,,,,low,media,https://yashel-uzan.ru/news/yashәesh/kazanda-briks-tozeles-atnalygy-kysalarynda-ike-zur-kurgazma-oestyrylacak,context,42,False,1,1,False,False,False,needs_review,['not_editorially_useful'],[],priority_review
evt_a0b3949cb26679a1ffbd961d,,В Мамадышском районе зафиксирован рост закупочных цен на молоко,unknown,2026-09-02T11:00:00Z,2026-09-05T19:06:43Z,mo-92638000,territory,,,,low,media,https://mamadysh-rt.ru/news/19/v-mamadysskom-raione-zafiksirovan-rost-zakupocnyx-cen-na-moloko,context,36,False,1,1,False,False,False,needs_review,['not_editorially_useful'],[],priority_review
evt_da5ea20b40c5e00b0c4deaf9,,"Если долго смотреть на огонь, то тебя уволят из пожарных",unknown,2026-09-02T10:59:01Z,2026-09-05T19:06:48Z,mo-92701000,territory,,,,low,official,https://t.me/kzn_official/23566,context,0,False,1,1,False,False,False,needs_review,['not_editorially_useful'],[],context
evt_8e1c0af0ce2b299bc17b099e,,"Добрый день! Прошу принять меры по восстановлению уличного освещения в с. Малмыжка Мамадышского района по центральной улице Советской. Проблемы с освещением начались еще весной 2026г. Примерно в апреле освещение перестало работать, после чего его несколько раз ремонтировали. После ремонта свет появлялся на непродолжительное время. С 4 июня уличное освещение не работает ВООБЩЕ и до настоящего времени не восстановлено. По данному вопросу обращались неоднократно, в том числе и в народный контроль,",resolved,2026-09-02T10:57:29Z,2026-09-05T19:06:30Z,mo-92638436,territory,,,,low,media,https://t.me/novosti_mamadysha/63816,context,46,False,1,1,False,False,False,needs_review,"['not_editorially_useful', 'resolved_text_looks_open']",[],priority_review
evt_57356c542702f1951a3809c3,,Сферум и Макс запустили сервис напоминаний для педагогов,unknown,2026-09-02T10:55:00Z,2026-09-05T19:06:45Z,mo-92650000,territory,,,,low,media,https://rsloboda-rt.ru/news/obschestvo-i-myi/sferum-i-maks-zapustili-servis-napominanii-dlia-pedagogov,context,59,False,1,1,False,False,False,needs_review,['not_editorially_useful'],[],priority_review
evt_ef511647a371818b8de2393f,,В Татарстане ожидается ухудшение погоды,planned,2026-09-02T10:53:06Z,2026-09-05T19:06:27Z,mo-92604000,territory,,,,low,media,https://t.me/selskayanovaksubaevo/34706,context,0,False,1,1,False,False,False,needs_review,['not_editorially_useful'],[],context
evt_aecdc09e1f9724c4dc8d966b,,МегаФон объявил старт продаж пауэрбанков нового поколения,unknown,2026-09-02T10:45:00Z,2026-09-05T19:06:47Z,mo-92632000,territory,,,,low,media,https://spas-rt.ru/news/obschestvo/megafon-obieiavil-start-prodaz-pauerbankov-novogo-pokoleniia,context,0,False,1,1,False,False,False,needs_review,['not_editorially_useful'],[],context
evt_5d23ccc06c51aad22b8173d5,,"Директор Алмаз Хафизов открыл праздник напутственными словами, а почётным гостем стала выпускница школы, а ныне — замглавы Исполкома района Алина Утюгина.",reported,2026-09-02T10:41:08Z,2026-09-05T19:06:28Z,mo-92620000,territory,,,,low,media,https://t.me/verhniyuslon/41005,context,36,False,1,1,False,False,False,needs_review,['not_editorially_useful'],[],priority_review
evt_45355b73553dbe10e9b80018,,Строительство ледовой арены в Круглом Поле завершено,resolved,2026-09-02T10:40:00Z,2026-09-05T19:06:47Z,mo-92657433,settlement,Круглое Поле,52.17955,55.6207,low,media,https://chelny-izvest.ru/news/facts/stroitelstvo-ledovoi-areny-v-kruglom-pole-zaverseno,useful,62,False,1,1,True,False,False,ready,[],[],publish_now
evt_273a5606a3264d7b4c653829,,"Автомобилисты Альметьевска жалуются на неработающий светофор, ямы и разбитые ливневки",reported,2026-09-02T10:39:00Z,2026-09-05T19:06:38Z,mo-92608101,territory,,,,low,media,https://almetievsk-ru.ru/news/gorod/avtomobilisty-almetevska-zaluiutsia-na-nerabotaiushhii-svetofor-iamy-i-razbitye-livnevki,context,0,False,2,2,False,False,False,needs_review,['not_editorially_useful'],[],context
evt_b458a59fb47d2578db334fe4,,В Лениногорске завершился первый этап капремонта детской музыкальной школы,reported,2026-09-02T10:39:00Z,2026-09-05T19:06:38Z,mo-92636101,settlement,Лениногорск,52.4469099,54.5994324,low,media,https://almetievsk-ru.ru/news/goryachie-novosti/v-leninogorske-zaversilsia-pervyi-etap-kapremonta-detskoi-muzykalnoi-skoly,useful,70,False,1,1,True,False,False,ready,[],[],publish_now
evt_3447bd27297d747909d0e12e,,Синоптики прогнозируют ухудшение погоды в Татарстане 3 сентября,reported,2026-09-02T10:38:00Z,2026-09-05T19:06:35Z,mo-92601000,territory,,,,low,media,https://agryz-rt.ru/news/prognoz-pogodyi/sinoptiki-prognoziruiut-uxudsenie-pogody-v-tatarstane-3-sentiabria,context,0,False,1,1,False,False,False,needs_review,['not_editorially_useful'],[],context
evt_3a4c3cadeb3f0948450f4f2d,,Грузовик разгружался на тротуаре,reported,2026-09-02T10:29:57Z,2026-09-05T19:06:29Z,,territory,,,,low,media,https://t.me/ElabugaNK/46185,context,0,False,1,1,False,False,False,needs_review,['not_editorially_useful'],[],context
evt_596f28000b895b7b509b919e,,Татарстанда укучылар чүплекләр турында хәбәр итеп ЭКОконкурста баллар эшли алачак,reported,2026-09-02T10:25:00Z,2026-09-05T19:06:39Z,mo-92615151,territory,,,,low,media,https://baltaci.ru/news/chistalyk/tatarstanda-ukucylar-cupleklar-turynda-xabar-itep-ekokonkursta-ballar-esli-alacak,context,0,False,1,1,False,False,False,needs_review,['not_editorially_useful'],[],context
evt_92faeb3f078294b0905ecf01,,В школе № 7 открыли обновлённый кабинет биологического моделирования и микробиологии,resolved,2026-09-02T10:21:37Z,2026-09-05T19:06:43Z,mo-92636000,territory,,,,low,media,https://leninogorsk-rt.ru/news/sobytie-nedeli/v-skole-7-otkryli-obnovlennyi-kabinet-biologiceskogo-modelirovaniia-i-mikrobiologii,useful,87,False,2,2,True,False,False,ready,[],[],publish_now
evt_180749d1b64571391569002f,,Татарстанда «Мәктәп экопатруле» бәйгесе башланды,reported,2026-09-02T10:20:00Z,2026-09-05T19:06:38Z,mo-92612000,territory,,,,low,media,https://arskmedia.ru/news/yaalyklar/tatarstanda-maktap-ekopatrule-baigese-baslandy,context,16,False,1,1,False,False,False,needs_review,['not_editorially_useful'],[],priority_review
evt_c28e2fc5f189f6238344e1ba,,"В Татарстане ожидаются гроза, град, туман и сильный ветер",reported,2026-09-02T10:16:00Z,2026-09-05T19:06:40Z,mo-92624000,territory,,,,low,media,https://chuprale-online.ru/news/obschestvo/v-tatarstane-ozidaiutsia-groza-grad-tuman-i-silnyi-veter,context,0,False,1,1,False,False,False,needs_review,['not_editorially_useful'],[],context
evt_c44f68f869e95130333ff26a,,ГИБДД разъяснила новые правила штрафов для водителей без ОСАГО,unknown,2026-09-02T10:15:00Z,2026-09-05T19:06:37Z,mo-92606000,territory,,,,low,media,https://alekseyevsk.ru/news/bezopasnost-na-dorogah/gibdd-razieiasnila-novye-pravila-strafov-dlia-voditelei-bez-osago,context,0,False,1,1,False,False,False,needs_review,['not_editorially_useful'],[],context
evt_81647dd3187ee747ae5424b9,,Технология техникумында яңа уку елына старт бирелде,unknown,2026-09-02T10:12:00Z,2026-09-05T19:06:37Z,mo-92605000,territory,,,,low,media,https://aktanysh-rt.ru/news/obrazovanie/texnologiia-texnikumynda-iana-uku-elyna-start-birelde,context,0,False,1,1,False,False,False,needs_review,['not_editorially_useful'],[],context
evt_5cd493ffe55554bc16cddd3d,,Самозапрет на ставки и ипотечные каникулы для семей: гид по законам сентября,reported,2026-09-02T10:07:01Z,2026-09-05T19:06:30Z,mo-92630000,territory,,,,low,media,https://t.me/volzhskie/36040,context,0,False,1,1,False,False,False,needs_review,['not_editorially_useful'],[],context
evt_3c9bf5e33c8680018ba09062,,ЦБ продлил ограничения на снятие наличной валюты до марта 2027 года,unknown,2026-09-02T09:56:00Z,2026-09-05T19:06:39Z,mo-92614000,territory,,,,low,media,https://bavly-tat.ru/news/ekonomika/cb-prodlil-ograniceniia-na-sniatie-nalicnoi-valiuty-do-marta-2027-goda,context,0,False,1,1,False,False,False,needs_review,['not_editorially_useful'],[],context
evt_ad0fed9add44e351ee5cadfa,,Музыкальная школа Камских Полян открыла новый учебный год,reported,2026-09-02T09:42:00Z,2026-09-05T19:06:44Z,mo-92644156,territory,,,,low,media,https://nizhnekamsk-rt.ru/news/obschestvo/muzykalnaia-skola-kamskix-polian-otkryla-novyi-ucebnyi-god,context,16,False,1,1,False,False,False,needs_review,['not_editorially_useful'],[],priority_review
evt_90ee011f31c98701c4529afd,,3 сентября в Татарстане ожидается туман и гроза🌩️,planned,2026-09-02T09:40:20Z,2026-09-05T19:06:35Z,mo-92730000,territory,,,,low,media,https://t.me/chelnytv/46107,context,16,False,1,1,False,False,False,needs_review,['not_editorially_useful'],[],priority_review
evt_594aa8588a918cd7a5e7267a,,"В ходе движения она начала выполнять поворот налево, не убедившись предварительно в безопасности маневра, что привело к столкновению с транспортным средством.",reported,2026-09-02T09:40:00Z,2026-09-05T19:06:41Z,mo-92628101,territory,,,,low,media,https://zpravda.ru/news/bezopasnost-na-dorogax/dtp-na-avtodoroge-kazan-ioskar-ola-voditel-sbil-velosipedistku-pri-povorote,context,16,False,1,1,False,False,False,needs_review,['not_editorially_useful'],[],priority_review
evt_4f84370eb556bd34089cc35c,,В селе Бизяки открыли новую спортивную площадку,resolved,2026-09-02T09:37:00Z,2026-09-05T19:06:43Z,mo-92639410,settlement,Бизяки,52.4502253,55.928343,low,media,https://mendeleevskyi.ru/news/selo/v-sele-biziaki-otkryli-novuiu-sportivnuiu-ploshhadku,useful,79,False,1,1,True,False,False,ready,[],[],publish_now
evt_37d64ae43351bf21acdc73df,,Районыбызның Новотроицкое авылында капиталь ремонттан соң яңартылган яшүсмерләр клубы тантаналы рәвештә ачылды.,reported,2026-09-02T09:35:00Z,2026-09-05T19:06:45Z,mo-92657455,settlement,Новотроицкое,52.4085649,55.6136559,low,media,https://tukai-rt.ru/news/amgyiat/novotroickoe-avylynda-zamanca-iaslar-kluby-acyldy,useful,79,False,1,1,True,False,False,ready,[],[],publish_now
evt_0476497c218321545a533658,,Студотряд из Татарстана — лучший на строительстве ВСМ,reported,2026-09-02T09:34:00Z,2026-09-05T19:06:47Z,mo-92730000,territory,,,,low,media,https://tvchelny.ru/news/obshchestvo/studotriad-iz-tatarstana-lucsii-na-stroitelstve-vsm,useful,62,False,1,1,True,False,False,ready,[],[],publish_now
evt_c850453dd52e8d2a92fe9e9d,,"В Татарстане работают центры, где помогают женщинам, оказавшимся перед трудным выбором",unknown,2026-09-02T09:33:23Z,2026-09-05T19:06:28Z,mo-92622000,territory,,,,low,media,https://t.me/vgora_vesti/45622,context,0,False,1,1,False,False,False,needs_review,['not_editorially_useful'],[],context
evt_99c2567e7e82a603f192c648,,В Саратове открылся «ГИТИСФЕСТ. Театральное Приволжье 2026»,resolved,2026-09-02T09:29:00Z,2026-09-05T19:06:47Z,mo-92730000,territory,,,,low,media,https://tvchelny.ru/news/obshchestvo/v-saratove-otkrylsia-gitisfest-teatralnoe-privolze-2026,useful,79,False,1,1,True,False,False,ready,[],[],publish_now
evt_eee26cbb390ce9404389591c,,Визит вице‑премьера РТ в Лисичанск: школа №27 и планы для старшеклассников,reported,2026-09-02T09:23:00Z,2026-09-05T19:06:47Z,mo-92730000,territory,,,,low,media,https://tvchelny.ru/news/obshchestvo/vizit-vicepremera-rt-v-lisicansk-skola-27-i-plany-dlia-starseklassnikov,context,36,False,1,1,False,False,False,needs_review,['not_editorially_useful'],[],priority_review
evt_6e669017d2fda170d5fb2784,,Школьники поселка Молодежный узнали подробности непростой работы сотрудников МЧС,reported,2026-09-02T09:22:00Z,2026-09-05T19:06:38Z,mo-92608404,territory,,,,low,media,https://almetievsk-ru.ru/news/gorod/skolniki-poselka-molodeznyi-uznali-podrobnosti-neprostoi-raboty-sotrudnikov-mcs,context,16,False,1,1,False,False,False,needs_review,['not_editorially_useful'],[],priority_review
evt_65bac5dc5659eb435f6114bf,,Простой листик с огорода или природный помощник?,unknown,2026-09-02T09:11:20Z,2026-09-05T19:06:33Z,mo-92653460,territory,,,,low,media,https://t.me/sarman_rt/31976,context,0,False,1,1,False,False,False,needs_review,['not_editorially_useful'],[],context
evt_ae1f1709df9ac0fe570085fe,,Российские банки развивают финансовые продукты для детей,unknown,2026-09-02T09:03:55Z,2026-09-05T19:06:45Z,mo-92650000,territory,,,,low,media,https://rsloboda-rt.ru/news/obschestvo-i-myi/rossiiskie-banki-razvivaiut-finansovye-produkty-dlia-detei,context,42,False,2,2,False,False,False,needs_review,['not_editorially_useful'],[],priority_review
evt_e649fdb3474171e41e257963,,Средства ПВО за ночь уничтожили 130 беспилотников,unknown,2026-09-02T09:01:22Z,2026-09-05T19:06:34Z,mo-92659000,territory,,,,low,media,https://t.me/chistopol_news/41914,context,20,False,1,1,False,False,False,needs_review,['not_editorially_useful'],[],priority_review
evt_d756e8f9f1aac6a943d0cc10,,Вход свободный: в Казани пройдет выставка недвижимости и стройтехнологий,unknown,2026-09-02T08:56:00Z,2026-09-05T19:06:38Z,mo-92701000,settlement,Казань,49.1115022,55.7946485,low,media,https://almetievsk-ru.ru/news/goryachie-novosti/vxod-svobodnyi-v-kazani-proidet-vystavka-nedvizimosti-i-stroitexnologii,context,36,False,1,1,False,False,False,needs_review,['not_editorially_useful'],[],priority_review
evt_bf36b6760b0fab2919f16607,,Все лучшее – детям: в Бюргановской школе завершены ремонтные работы,resolved,2026-09-02T08:42:00Z,2026-09-05T19:06:39Z,mo-92618000,territory,,,,low,media,https://buinsk-tat.ru/news/vchera-segodnya-zavtra/vse-lucsee-detiam-v-biurganovskoi-skole-zaverseny-remontnye-raboty,useful,87,False,1,1,True,False,False,ready,[],[],publish_now
evt_be370a8a54305e9fca6c7dff,,Заинский музей открыл выставку о Симашёве в Верхнем Багряже 30 августа,reported,2026-09-02T08:40:00Z,2026-09-05T19:06:41Z,mo-92627000,territory,,,,low,media,https://zainsk-inform.ru/news/obschestvo/zainskii-muzei-otkryl-vystavku-o-simaseve-v-verxnem-bagriaze-30-avgusta,context,20,False,1,1,False,False,False,needs_review,['not_editorially_useful'],[],priority_review
evt_513c3e76f3d9cdeb8a149838,,"На Подлужной, 49а начала работу уникальная площадка, объединяющая четыре центра развития для всех педагогов города — от студентов до ветеранов отрасли.",unknown,2026-09-02T08:37:51Z,2026-09-05T19:06:48Z,mo-92701000,territory,,,,low,official,https://t.me/kzn_official/23565,useful,89,False,1,1,True,False,False,ready,[],[],publish_now
evt_caa328c6781f2703e3fef4cc,,Обе экспозиции будут открыты все четыре дня мероприятия,resolved,2026-09-02T08:34:00Z,2026-09-05T19:06:47Z,mo-92701000,settlement,Казань,49.1115022,55.7946485,low,media,https://chelny-izvest.ru/news/top5/v-kazani-proidut-dve-vystavki-v-ramkax-stroitelnoi-nedeli-briks,useful,79,False,1,1,True,False,False,ready,[],[],publish_now
evt_a72e864ef8970d272d9873eb,,В Елабуге открыли второй спортивный класс по плаванию,resolved,2026-09-02T08:32:00Z,2026-09-05T19:06:41Z,mo-92626101,settlement,Елабуга,52.0539938,55.7577131,low,media,https://elabuga-rt.ru/news/novosti/v-elabuge-otkryli-vtoroi-sportivnyi-klass-po-plavaniiu,useful,87,False,1,1,True,False,False,ready,[],[],publish_now
evt_e6d53f4a4ceb360e2f06807d,,Мәләкәс арьягында юлларны ремонтлый башлыйлар.,in_progress,2026-09-02T08:30:00Z,2026-09-05T19:06:47Z,mo-92730000,territory,,,,low,media,https://shahrichalli.ru/news/kich-bgen-irtg/callyda-iullar-iabyla-1788335592,useful,97,False,1,1,True,False,False,ready,[],[],publish_now
evt_fe8ac651a68ac3be815f17b8,,Он поздравил школьников с началом нового учебного года и обсудил дальнейшую работу образовательного учреждения с педагогическим коллективом и учениками 10-х и 1,reported,2026-09-02T08:29:00Z,2026-09-05T19:06:43Z,mo-92639000,territory,,,,low,media,https://mendeleevskyi.ru/news/v-respublike-1708003091/rinat-sadykov-vstretilsia-so-skolnikami-lisicanska-v-den-znanii,context,36,False,1,1,False,False,False,needs_review,['not_editorially_useful'],[],priority_review
evt_a9ee025aeeb7533924e07c88,,Школы Альметьевска и района открыли свои двери для 29 тысяч учеников,resolved,2026-09-02T08:20:00Z,2026-09-05T19:06:38Z,mo-92608101,territory,,,,low,media,https://almetievsk-ru.ru/news/gorod/skoly-almetevska-i-raiona-otkryli-svoi-dveri-dlia-29-tysiac-ucenikov,context,67,False,1,1,False,False,False,needs_review,['not_editorially_useful'],[],priority_review
evt_8e823acbcbf8234c2f304f7b,,С началом учебного года родителям важно уделить особое внимание безопасности детей.,reported,2026-09-02T08:19:21Z,2026-09-05T19:06:32Z,mo-92640000,territory,,,,low,media,https://t.me/smi_menzela/28761,context,16,False,1,1,False,False,False,needs_review,['not_editorially_useful'],[],priority_review
evt_c422eda3d01738a446a23ffa,,"В ЮВТ-24 вновь обратились жители улицы Нефтяников села Тихоновки. Здесь уже несколько лет подряд происходят порывы. В данный момент ведутся ремонтные работы, но вчера вечером снова был серьезный порыв, сейчас улица больше напоминает длинное озеро.",unknown,2026-09-02T08:16:45Z,2026-09-05T19:06:26Z,mo-92608105,street,улица Нефтяников,52.3910978,54.8842184,low,media,https://t.me/uvt24/32603,context,30,False,1,1,False,False,False,needs_review,['not_editorially_useful'],[],priority_review
evt_1442eb855a9408276d6f59cb,,МВД проводит рейды по выявлению нарушений в миграционной сфере в РТ,unknown,2026-09-02T08:14:00Z,2026-09-05T19:06:39Z,mo-92614000,territory,,,,low,media,https://bavly-tat.ru/news/obschestvo/mvd-provodit-reidy-po-vyiavleniiu-narusenii-v-migracionnoi-sfere-v-rt,context,0,False,1,1,False,False,False,needs_review,['not_editorially_useful'],[],context
evt_ded814d5bf63011d17930358,,"Сейчас займусь домашним хозяйством и обязательно поищу работу, не могу сидеть без дела.",reported,2026-09-02T08:03:01Z,2026-09-05T19:06:30Z,mo-92644423,territory,,,,low,media,https://t.me/volzhskie/36038,context,16,False,1,1,False,False,False,needs_review,['not_editorially_useful'],[],priority_review
evt_61357445e52811cf5ca65f4e,,"Экспедиция завершилась, но свет этого события в селе останется надолго.",unknown,2026-09-02T08:02:31Z,2026-09-05T19:06:30Z,mo-92638430,settlement,Максимов Починок,51.291651,55.6894134,low,media,https://t.me/novosti_mamadysha/63814,context,20,False,1,1,False,False,False,needs_review,['not_editorially_useful'],[],priority_review
evt_e743eb42160165b8e4008a8b,,"Парк «Заказанье» открыли всего несколько дней назад. Но уже сегодня здесь есть на что посмотреть — и, к сожалению, не только в хорошем смысле.",resolved,2026-09-02T07:52:40Z,2026-09-05T19:06:28Z,mo-92622000,territory,,,,low,media,https://t.me/vgora_vesti/45620,useful,79,False,1,1,True,False,False,ready,[],[],publish_now
evt_4cf0641d8a79a81dbdfc4e36,,"Руководители и владельцы торговых точек! 🚨Эта памятка — для всех, кто торгует маркированными товарами: 🚬 табаком, 💨 никотином, а также продукцией со сроками годности 🥫📅.",unknown,2026-09-02T07:31:28Z,2026-09-05T19:06:34Z,mo-92659000,territory,,,,low,media,https://t.me/chistopol_news/41905,context,0,False,1,1,False,False,False,needs_review,['not_editorially_useful'],[],context
evt_19219887f6626886a09812eb,,"Это событие — не просто открытие очередной учебной группы с углубленным изучением предметов, а точка сборки культурной памяти региона и его технологического буд",unknown,2026-09-02T07:29:00Z,2026-09-05T19:06:42Z,mo-92634468,territory,,,,low,media,https://laishevskyi.ru/news/obschestvo/v-laisevskom-raione-nacal-rabotu-derzavinskii-klass,context,20,False,1,1,False,False,False,needs_review,['not_editorially_useful'],[],priority_review
evt_1eb9ba847b0831064a9e8662,,"В республике начался прием заявок на новый этап конкурса «Школьный экопатруль», который реализуется в поддержку национального проекта «Экологическое благополучи",reported,2026-09-02T07:27:00Z,2026-09-05T19:06:37Z,mo-92606000,territory,,,,low,media,https://alekseyevsk.ru/news/v-respublike/skolniki-tatarstana-mogut-pomoc-prirode-i-vyigrat-prizy,useful,70,False,1,1,True,False,False,ready,[],[],publish_now
evt_ab2e46912b94f15adee66e03,,"В Лениногорске 2, 3, 8 сентября произойдет отключение электроэнергии",reported,2026-09-02T07:22:33Z,2026-09-05T19:06:31Z,mo-92636101,territory,,,,low,media,https://t.me/len_vesti/29668,useful,97,False,1,1,True,False,False,ready,[],[],publish_now
evt_514402c75eed2cab4246d3ee,,Детский сад «Дружная семейка» в Заинске переехал в новое здание с доступной средой,reported,2026-09-02T07:20:00Z,2026-09-05T19:06:41Z,mo-92627101,settlement,Заинск,52.0056047,55.2866509,low,media,https://zainsk-inform.ru/news/obschestvo/v-detskom-sadu-druznaia-semeika-v-zainske-pereexali-v-novoe-zdanie-s-dostupnoi-sredoi,context,36,False,1,1,False,False,False,needs_review,['not_editorially_useful'],[],priority_review
evt_2d950b443978d9bccfde216d,,"1 сентября стал для Татарско-Бурнашевской школы не только Днём знаний, но и днём второго рождения. После 15 лет ожидания и капитального ремонта школа распахнула свои двери обновлённой — светлой, просторной, с новой мебелью и свежими красками. 41 год — возраст зрелости, но сегодня она выглядит молодо и современно.",reported,2026-09-02T07:07:37Z,2026-09-05T19:06:28Z,mo-92620000,territory,,,,low,media,https://t.me/verhniyuslon/40998,context,16,False,1,1,False,False,False,needs_review,['not_editorially_useful'],[],priority_review
evt_aeb01384178dcfe9161c7694,,"Саба районының «Яшьлек» яшьләр үзәге 1,7 млн сум грант отты",unknown,2026-09-02T07:03:00Z,2026-09-05T19:06:45Z,mo-92652000,territory,,,,low,media,https://saby-rt.ru/news/rayon/saba-raionynyn-iaslek-iaslar-uzage-17-mln-sum-grant-otty,context,16,False,1,1,False,False,False,needs_review,['not_editorially_useful'],[],priority_review
evt_314bd07f81bbbc30f309024d,,На нескольких улицах Елабуги ночью отключат холодную воду — улица Василия Горшунова,planned,2026-09-02T07:00:00Z,2026-09-05T19:06:41Z,mo-92626101,territory,,,,low,media,https://elabuga-rt.ru/news/novosti/na-neskolkix-ulicax-elabugi-nociu-otkliucat-xolodnuiu-vodu,useful,97,False,1,1,True,False,False,ready,[],[],publish_now
evt_a0850eff2029fca34406b6c7,,"На нескольких улицах Елабуги ночью отключат холодную воду — улица Тази Гиззата, 25Б",planned,2026-09-02T07:00:00Z,2026-09-05T19:06:41Z,mo-92626101,street,улица Тази Гиззата,52.007469,55.7620823,low,media,https://elabuga-rt.ru/news/novosti/na-neskolkix-ulicax-elabugi-nociu-otkliucat-xolodnuiu-vodu,useful,97,False,1,1,True,True,False,ready,[],[],publish_now
evt_38ce937a04a220769e55455a,,Он открыт со вторника по воскресенье с 11 до 19 часов.,resolved,2026-09-02T06:59:01Z,2026-09-05T19:06:48Z,mo-92701000,territory,,,,low,official,https://t.me/kzn_official/23556,context,59,False,1,1,False,False,False,needs_review,['not_editorially_useful'],[],priority_review
evt_a4f09ff4b0e38054cb8417e6,,"В республике Татарстан начался прием заявок на новый этап республиканского конкурса «Школьный экопатруль», который реализуется в поддержку национального проекта",reported,2026-09-02T06:51:00Z,2026-09-05T19:06:39Z,mo-92618000,territory,,,,low,media,https://buinsk-tat.ru/news/vchera-segodnya-zavtra/v-novyi-ucebnyi-god-s-zabotoi-o-prirode-v-tatarstane-startoval-konkurs-skolnyi-ekopatrul,context,50,False,1,1,False,False,False,needs_review,['not_editorially_useful'],[],priority_review
evt_9d1b89b87e61fcd1fd7ffc65,,"Чтобы помочь родителям справиться с финансовой нагрузкой перед началом учебного года, Дамир Сатретдинов вручил семье денежные сертификаты одной из торговых сете",unknown,2026-09-02T06:32:02Z,2026-09-05T19:06:28Z,mo-92620000,territory,,,,low,media,https://t.me/verhniyuslon/40995,context,36,False,1,1,False,False,False,needs_review,['not_editorially_useful'],[],priority_review
evt_d9a9b3d20c4c69b8b87aa345,,"Министр туризма Мальдив анонсировал открытие рейсов Maldivian в Россию, но эксперты ставят под сомнение наличие достаточного парка широкофюзеляжных самолетов.",reported,2026-09-02T06:31:35Z,2026-09-05T19:06:33Z,mo-92701000,territory,,,,low,media,https://t.me/rusloboda/35247,context,20,False,1,1,False,False,False,needs_review,['not_editorially_useful'],[],priority_review
evt_fd4f775ae4de5ecda68e139f,,В Актанышском районе мотоциклист погиб в ДТП с трактором,reported,2026-09-02T06:27:00Z,2026-09-05T19:06:47Z,mo-92730000,territory,,,,low,media,https://chelny-izvest.ru/news/proisshestviya/v-aktanysskom-raione-motociklist-pogib-v-dtp-s-traktorom,context,20,False,1,1,False,False,False,needs_review,['not_editorially_useful'],[],priority_review
evt_5c6c249aadba0d1e6531cb29,,Изге ният белән башланган эш: Кукмарада «Нәсыйхәт» мәчете төзелә,in_progress,2026-09-02T06:26:00Z,2026-09-05T19:06:42Z,mo-92633101,territory,,,,low,media,https://kukmor-rt.ru/news/bez-torle-amma-berdam/izge-niiat-belan-baslangan-es-kukmarada-nasyixat-macete-tozela,useful,89,False,1,1,True,False,False,ready,[],[],publish_now
evt_aa65166590f28abeb8cc1611,,В филиале колледжа торжественно открыли новый учебный год,resolved,2026-09-02T06:26:00Z,2026-09-05T19:06:44Z,mo-92644000,territory,,,,low,media,https://nizhnekamsk-rt.ru/news/obschestvo/v-filiale-kolledza-torzestvenno-otkryli-novyi-ucebnyi-god,context,59,False,1,1,False,False,False,needs_review,['not_editorially_useful'],[],priority_review
evt_577dc00c4b9425ccf07fd5c1,,Вице-премьер Татарстана посетил восстановленную республикой школу в Лисичанске,resolved,2026-09-02T06:20:00Z,2026-09-05T19:06:41Z,mo-92626000,territory,,,,low,media,https://elabuga-rt.ru/news/novosti/vice-premer-tatarstana-posetil-vosstanovlennuiu-respublikoi-skolu-v-lisicanske,context,46,False,1,1,False,False,False,needs_review,['not_editorially_useful'],[],priority_review
evt_be7c3dc87b6f9263fcf715b3,,"Кайчандыр гөр итеп торган хуҗалыклар бетсә дә, авылны яраткан тырыш кешеләр югалып калмады. Терлек торакларын яңартып, күпләре төзелеш алып барып, фермер хуҗалыкларын барлыкка китерде. Әлеге тырыш фер- мерлар җәмәгать, авыл тор- мышында зур роль уйный- лар, күп кенә чаралар алар ярдәменнән башка узмый. Махсус хәрби операциядә булган якташларыбызга да беренчеләрдән булып ярдәм кулы сузучылар алар.",reported,2026-09-02T06:17:08Z,2026-09-05T19:06:33Z,mo-92656000,territory,,,,low,media,https://t.me/TulInformm/35507,useful,62,False,1,1,True,False,False,ready,[],[],publish_now
evt_2b317b03ad8d0ef519df909b,,"Капитальный ремонт, стартовавший 27 марта, завершился точно в срок благодаря поддержке федерального проекта.",resolved,2026-09-02T06:14:00Z,2026-09-05T19:06:43Z,mo-92638000,territory,,,,low,media,https://mamadysh-rt.ru/news/8/obnovlennaia-krasnogorskaia-skola-priniala-340-ucenikov-v-novom-ucebnom-godu,context,67,False,1,1,False,False,False,needs_review,['not_editorially_useful'],[],priority_review
evt_6850d04b83000dbacd4f5527,,Белем көнендә Арча агросәнәгать һөнәри көллиятендә капиталь ремонттан соң 200 кешегә исәпләнгән яңартылган тулай торак ачылды. Уку йорты «Профессионалитет» федераль проектында катнаша («Яшьләр һәм балалар» илкүләм проекты кысаларында).,unknown,2026-09-02T06:12:07Z,2026-09-05T19:06:27Z,mo-92612151,territory,,,,low,media,https://t.me/arskmedia/27569,context,59,False,1,1,False,False,False,needs_review,['not_editorially_useful'],[],priority_review
evt_c77cff82a6882935937ddeba,,"Заместитель Премьер-министра Республики Татарстан Ринат Садыков, курирующий восстановление Лисичанска и Рубежного, в День знаний посетил школу № 27, которую Тат",reported,2026-09-02T06:12:00Z,2026-09-05T19:06:46Z,mo-92659101,territory,,,,low,media,https://chistopol-rt.ru/news/obschestvo/zampremer-ministra-rt-obsudil-razvitie-lisicanskoi-skoly-s-pedagogami-i-starseklassnikami,context,36,False,1,1,False,False,False,needs_review,['not_editorially_useful'],[],priority_review
evt_3e062338aa562e1528e4d929,,Более 600 домов запланировано капитально отремонтировать в Татарстане в 2027 году,reported,2026-09-02T06:10:00Z,2026-09-05T19:06:47Z,mo-92730000,territory,,,,low,media,https://chelny-izvest.ru/news/facts/bolee-600-domov-zaplanirovano-kapitalno-otremontirovat-v-tatarstane-v-2027-godu,context,67,False,1,1,False,False,False,needs_review,['not_editorially_useful'],[],priority_review
evt_86b53fec4bf898abb63067f6,,Чирмешән район үзәк больницасының диагностика бүлеге ремонтланды,reported,2026-09-02T06:10:00Z,2026-09-05T19:06:46Z,mo-92658470,territory,,,,low,media,https://nashcheremshan.ru/news/beznen-rayonda/cirmesan-raion-uzak-bolnicasynyn-diagnostika-bulege-remontlandy,context,16,False,1,1,False,False,False,needs_review,['not_editorially_useful'],[],priority_review
evt_d7c6faad0920279f7a548c43,,После капитального ремонта открыл свои двери сельский клуб.,resolved,2026-09-02T06:02:01Z,2026-09-05T19:06:30Z,mo-92630420,settlement,Данышево,49.0306668,55.2287916,low,media,https://t.me/volzhskie/36035,useful,79,False,1,1,True,False,False,ready,[],[],publish_now
evt_af0b78db231bb4e9dc2761b2,,Этим летом начался капитальный ремонт здания киноучреждения «Колос».,resolved,2026-09-02T06:01:58Z,2026-09-05T19:06:26Z,mo-92607000,territory,,,,low,media,https://t.me/alki_vesti/20517,context,59,False,1,1,False,False,False,needs_review,['not_editorially_useful'],[],priority_review
evt_230f313cac08aa535e63bfef,,"В Лениногорске 2, 3, 8 сентября произойдет отключение электроэнергии",reported,2026-09-02T06:00:00Z,2026-09-05T19:06:43Z,mo-92636101,territory,,,,low,media,https://leninogorsk-rt.ru/news/sobytie-nedeli/v-leninogorske-2-3-8-sentiabria-proizoidet-otkliucenie-elektroenergii,useful,97,False,1,1,True,False,False,ready,[],[],publish_now
evt_c252f071fa1e36c9e3d2d19c,,"На встрече обсуждались земельные и жилищные вопросы, открытие музея в Малых Кирменях и проблемы общественного транспорта.",reported,2026-09-02T05:55:00Z,2026-09-05T19:06:43Z,mo-92638000,territory,,,,low,media,https://mamadysh-rt.ru/news/obshchestvo/ziteli-mamadysa-zadali-voprosy-na-prieme-u-glavy,context,20,False,1,1,False,False,False,needs_review,['not_editorially_useful'],[],priority_review
evt_6652807da20a911adc9a17fb,,Школы Альметьевска и района открыли свои двери для 29 тысяч учеников,resolved,2026-09-02T05:52:34Z,2026-09-05T19:06:26Z,mo-92608101,territory,,,,low,media,https://t.me/uvt24/32600,useful,87,False,1,1,True,False,False,ready,[],[],publish_now
evt_a9e54f8b6c0689ae5b27419d,,"С марта прошлого года действует принцип «Построил — оформи»: прежде чем начать жить в новом доме, нужно внести сведения о правах в ЕГРН.",reported,2026-09-02T05:51:38Z,2026-09-05T19:06:29Z,mo-92629000,territory,,,,low,media,https://t.me/kaibicy/45809,context,67,False,1,1,False,False,False,needs_review,['not_editorially_useful'],[],priority_review
evt_9558e217a0f1a054ad4c2e3b,,В Республике Татарстан открыт приём заявок на новый этап республиканского конкурса «Школьный экопатруль».,resolved,2026-09-02T05:51:00Z,2026-09-05T19:06:46Z,mo-92655000,territory,,,,low,media,https://tetyushy.ru/news/natsproekty/v-tatarstane-startoval-konkurs-skolnyi-ekopatrul,context,67,False,1,1,False,False,False,needs_review,['not_editorially_useful'],[],priority_review
evt_1fca2de4380364b2592ece7f,,Татарстанда мигрантларны массакүләм тикшерү буенча рейдлар башланды,unknown,2026-09-02T05:50:00Z,2026-09-05T19:06:42Z,mo-92628000,territory,,,,low,media,https://yashel-uzan.ru/news/yashәesh/tatarstanda-migrantlarny-massakulam-tikseru-buenca-reidlar-baslandy,context,30,False,1,1,False,False,False,needs_review,['not_editorially_useful'],[],priority_review
evt_ce1402715742da1728c22964,,1 сентября 2025 года начался прием заявок на очередной этап республиканского конкурса «Школьный экопатруль».,reported,2026-09-02T05:45:00Z,2026-09-05T19:06:42Z,mo-92634000,territory,,,,low,media,https://laishevskyi.ru/news/kriminal/cistaia-respublika-nacinaetsia-so-skolnoi-peremeny,context,50,False,1,1,False,False,False,needs_review,['not_editorially_useful'],[],priority_review
evt_e094723a22945b73fcd9217f,,Азнакайда кибеттә янгын чыккан,reported,2026-09-02T05:39:00Z,2026-09-05T19:06:35Z,mo-92602000,territory,,,,low,media,https://aznakaevo-rt.ru/news/iangyn-kurkynycsyzlygy/aznakaida-kibetta-iangyn-cykkan,context,30,False,1,1,False,False,False,needs_review,['not_editorially_useful'],[],priority_review
evt_f2ce302711c6dcd21f11b2c9,,Табыш» кибетендә семинар узды,unknown,2026-09-02T05:39:00Z,2026-09-05T19:06:45Z,mo-92652000,territory,,,,low,media,https://saby-rt.ru/news/rayon/tabys-kibetenda-seminar-uzdy,context,0,False,1,1,False,False,False,needs_review,['not_editorially_useful'],[],context
evt_ba043231b16d736637fba23f,,"Автоэксперт Ладушкин объяснил мотоциклистам, какие фары использовать в тумане",unknown,2026-09-02T05:34:00Z,2026-09-05T19:06:42Z,mo-92629000,territory,,,,low,media,https://kaibicy.ru/news/novosti/avtoekspert-laduskin-obieiasnil-motociklistam-kakie-fary-ispolzovat-v-tumane,context,16,False,1,1,False,False,False,needs_review,['not_editorially_useful'],[],priority_review
evt_7416ff2591688e9b2129c72c,,"В республике Татарстан начался прием заявок на новый этап республиканского конкурса «Школьный экопатруль», который реализуется в поддержку национального проекта",reported,2026-09-02T05:33:00Z,2026-09-05T19:06:44Z,mo-92645000,territory,,,,low,media,https://novoshishminsk.ru/news/v-respublike/v-tatarstane-startuet-skolnyi-ekopatrul,context,50,False,1,1,False,False,False,needs_review,['not_editorially_useful'],[],priority_review
evt_58df1cf555ca95dd4ae17c2b,,Фермерлар авылның тоткасы,reported,2026-09-02T05:31:00Z,2026-09-05T19:06:46Z,mo-92656000,territory,,,,low,media,https://tulachi.ru/news/rayon-yaalyklary/fermerlar-avylnyn-totkasy,useful,62,False,1,1,True,False,False,ready,[],[],publish_now
evt_7f81fd068df64d1080e4f61d,,Татарстан полициясе легаль булмаган мигрантлар буенча рейдлар сериясен башлады,unknown,2026-09-02T05:28:00Z,2026-09-05T19:06:38Z,mo-92612000,territory,,,,low,media,https://arskmedia.ru/news/yaalyklar/tatarstan-policiiase-legal-bulmagan-migrantlar-buenca-reidlar-seriiasen-baslady,context,0,False,1,1,False,False,False,needs_review,['not_editorially_useful'],[],context
evt_57a1917554a1f023e0252d87,,В Татарстане идет набор в 50-ю отдельную бригаду Войск беспилотных систем «Варяг» для управления дронами «Герань»,unknown,2026-09-02T05:27:05Z,2026-09-05T19:06:28Z,mo-92614000,territory,,,,low,media,https://t.me/BavlyinformNEWS/44364,context,0,False,1,1,False,False,False,needs_review,['not_editorially_useful'],[],context
evt_023b63895ee31facdca81d24,,Әлмәт мәктәбендә ремонт эшләре тәмамланган.,resolved,2026-09-02T05:26:00Z,2026-09-05T19:06:38Z,mo-92608000,territory,,,,low,media,https://almet-rt.ru/news/mf/66368,context,59,False,2,2,False,False,False,needs_review,['not_editorially_useful'],[],priority_review
evt_ca9f943500b3c4d3b51b455f,,В Татарстане стартовал конкурс «Школьный экопатруль» — 2026,reported,2026-09-02T05:26:00Z,2026-09-05T19:06:47Z,mo-92654000,territory,,,,low,media,https://yutazy.ru/news/obschestvo/v-tatarstane-startoval-konkurs-skolnyi-ekopatrul-2026,context,50,False,1,1,False,False,False,needs_review,['not_editorially_useful'],[],priority_review
evt_c309687d1e3d65e4ec8cdae7,,В Елабуге официально закрыли купальный сезон,unknown,2026-09-02T05:23:00Z,2026-09-05T19:06:41Z,mo-92626101,settlement,Елабуга,52.0539938,55.7577131,low,media,https://elabuga-rt.ru/news/tema-dnya/v-elabuge-oficialno-zakryli-kupalnyi-sezon,context,20,False,1,1,False,False,False,needs_review,['not_editorially_useful'],[],priority_review
evt_4ce07cf03aae2bc03b4a5a0f,,За время проекта ликвидировано более 51 тысячи свалок С 1 сентября в Татарстане начался приём заявок на новый этап республиканского конкурса «Школьный экопатрул,reported,2026-09-02T05:21:00Z,2026-09-05T19:06:40Z,mo-92624000,territory,,,,low,media,https://chuprale-online.ru/news/obschestvo/v-tatarstane-startoval-konkurs-skolnyi-ekopatrul,context,50,False,1,1,False,False,False,needs_review,['not_editorially_useful'],[],priority_review
evt_fe114e0ecf6bf93531740c45,,В Татарстане стартовал прием заявок на «Школьный экопатруль»,reported,2026-09-02T05:17:00Z,2026-09-05T19:06:44Z,mo-92646000,territory,,,,low,media,https://nurlat-tat.ru/news/novosti/v-tatarstane-startoval-priem-zaiavok-na-skolnyi-ekopatrul,context,50,False,1,1,False,False,False,needs_review,['not_editorially_useful'],[],priority_review
evt_c21d9c17b2069534288f7310,,Республикада педагогларга ярдәм чаралары киңәйтелә,unknown,2026-09-02T05:15:00Z,2026-09-05T19:06:45Z,mo-92657000,territory,,,,low,media,https://tukai-rt.ru/news/amgyiat/tatarstanda-pedagoglarga-iardam-caralary-kinaitela,context,36,False,1,1,False,False,False,needs_review,['not_editorially_useful'],[],priority_review
evt_4ea9a74b07f5ef6251fa80a3,,Труд педагога увековечили: лица учителей РТ появились на «Ак Барс Арене»,reported,2026-09-02T05:06:00Z,2026-09-05T19:06:42Z,mo-92701000,territory,,,,low,media,https://laishevskyi.ru/news/kriminal/trud-pedagoga-uvekovecili-lica-ucitelei-rt-poiavilis-na-ak-bars-arene,useful,79,False,1,1,True,False,False,ready,[],[],publish_now
evt_4631b7e8bf22de574b94a008,,В Татарстане начался прием заявок на новый этап республиканского конкурса «Школьный экопатруль».,reported,2026-09-02T05:04:00Z,2026-09-05T19:06:37Z,mo-92606000,territory,,,,low,media,https://alekseyevsk.ru/news/konkursyi/v-tatarstane-startoval-novyi-etap-konkursa-skolnyi-ekopatrul,useful,70,False,1,1,True,False,False,ready,[],[],publish_now
evt_7903e22bbc6cc3882e38fce3,,"В начале августа на Бульваре Победы в Заинске открылся уникальный мемориальный комплекс, посвящённый трём поколениям защитников Отечества – участникам специальн",resolved,2026-09-02T05:02:00Z,2026-09-05T19:06:41Z,mo-92627101,territory,,,,low,media,https://zainsk-inform.ru/news/obschestvo/spiski-familii-na-memoriale-v-zainske-budut-obnovliatsia-dvazdy-v-god,useful,89,False,1,1,True,False,False,ready,[],[],publish_now
evt_5140eeca816dc850c6fb694b,,Торжественное открытие после капитального ремонта состоялось! 🎉,reported,2026-09-02T05:01:45Z,2026-09-05T19:06:35Z,mo-92730000,territory,,,,low,media,https://t.me/chelnytv/46087,context,36,False,1,1,False,False,False,needs_review,['not_editorially_useful'],[],priority_review
evt_4394308cdfa37a9989bb4d74,,Беренче сыйныф укучылары өчен йөкләнеш атнага 21 сәгать билгеләнгән,in_progress,2026-09-02T05:00:00Z,2026-09-05T19:06:39Z,mo-92615151,territory,,,,low,media,https://baltaci.ru/news/magarif/berence-syinyf-ukucylary-ocen-ioklanes-atnaga-21-sagat-bilgelangan,context,59,False,1,1,False,False,False,needs_review,['not_editorially_useful'],[],priority_review
evt_legacy_3929ab52bbec19bf46f7cc87,public-3fcbe521a3744392,"Филолог КФУ объяснил, как классики заглядывают в души",unknown,2026-09-02T00:00:00Z,2026-09-04T15:47:33Z,RU-TA,territory,,,,high,official,https://media.kpfu.ru/news/filolog-kfu-obyasnil-kak-klassiki-zaglyadyvayut-v-dushi,context,0,True,1,0,False,False,False,needs_review,"['missing_primary_evidence', 'not_editorially_useful']",[],context
evt_legacy_3f52bad07d3b9829398a75d1,public-14a00d861573a6ff,КФУ посетил директор Департамента государственной молодежной политики и воспитательной деятельности Минобрнауки России,unknown,2026-09-02T00:00:00Z,2026-09-04T15:47:33Z,RU-TA,territory,,,,high,official,https://media.kpfu.ru/news/v-den-znaniy-kfu-posetil-direktor-departamenta-gosudarstvennoy-molodezhnoy-politiki-i,context,0,True,1,0,False,False,False,needs_review,"['missing_primary_evidence', 'not_editorially_useful']",[],context
evt_legacy_dcca8e0b2f81b648940f38a5,public-d518c4be799c727f,"Мелодии вместо звонков: психолог КФУ о том, как музыка меняет школьную атмосферу",unknown,2026-09-02T00:00:00Z,2026-09-04T15:47:33Z,RU-TA,territory,,,,high,official,https://media.kpfu.ru/news/melodii-vmesto-zvonkov-psikholog-kfu-o-tom-kak-muzyka-menyaet-shkolnuyu-atmosferu,context,16,True,1,0,False,False,False,needs_review,"['missing_primary_evidence', 'not_editorially_useful']",[],priority_review
evt_legacy_dd0966b7dde5ae1c6b8d9d91,public-38fab1c979562895,С 3 сентября по 2 октября 2026 года Татарстанстат проводит Выборочное наблюдение состояния здоровья населения,unknown,2026-09-02T00:00:00Z,2026-09-04T13:14:12Z,RU-TA,territory,,,,high,official,https://16.rosstat.gov.ru/news/document/289545,context,0,True,1,0,False,False,False,needs_review,"['missing_primary_evidence', 'not_editorially_useful']",[],context
evt_legacy_fdc7fcfc906ddabf67b3e405,public-379afcfdf4fb0ab5,«Научный вердикт»: заблуждения о фитофторе развеял эксперт КФУ,unknown,2026-09-02T00:00:00Z,2026-09-04T15:47:33Z,RU-TA,territory,,,,high,official,https://media.kpfu.ru/news/nauchnyy-verdikt-zabluzhdeniya-o-fitoftore-razveyal-ekspert-kfu,context,16,True,1,0,False,False,False,needs_review,"['missing_primary_evidence', 'not_editorially_useful']",[],priority_review
evt_7541c268d9fe463c95f3ba2e,,В Новом Ибрайкине Аксубаевского района открыли новую дорогу после капитального ремонта.,resolved,2026-09-01T20:08:26Z,2026-09-05T19:06:27Z,mo-92604430,settlement,Новое Ибрайкино,51.1654878,54.8679981,low,media,https://t.me/selskayanovaksubaevo/34697,useful,87,False,1,1,True,False,False,ready,[],[],publish_now
evt_466180abfe9a082564b1b505,,В Татарстане идет набор в 50-ю отдельную бригаду Войск беспилотных систем «Варяг» для управления дронами «Герань»,unknown,2026-09-01T18:39:37Z,2026-09-05T19:06:32Z,mo-92648000,territory,,,,low,media,https://t.me/pestresy/48334,context,0,False,1,1,False,False,False,needs_review,['not_editorially_useful'],[],context
evt_d462b25dd8a0a37d406612f8,,В Татарстане идет набор в 50-ю отдельную бригаду Войск беспилотных систем «Варяг» для управления дронами «Герань»,unknown,2026-09-01T18:35:18Z,2026-09-05T19:06:32Z,mo-92645000,territory,,,,low,media,https://t.me/shesmauk/35750,context,0,False,1,1,False,False,False,needs_review,['not_editorially_useful'],[],context
evt_f635b09cc3add4bb7dcfd640,,"Арчаның Җиңүнең 40 еллыгы урамының 7нче күпфатирлы йорты быел ныклап төзекләндерелде. Анда яшәүчеләр ремонттан бик канәгать. ""Татстройинвест"" ширкәте төзүчеләре тырышып эшләделәр, җитәкчеләре Рәмис Сәгыйтьҗанов һәрвакыт килеп йөрде, дип рәхмәт әйтәләр. Түбәне өр-яңадан эшләгәннәр, заманча, яхшы ишекләр куйганнар, подьездның стеналарын тигезләп матурлаганнар һ.б. Эш Татарстан Республикасында күпфатирлы йортларны ныклап төзекләндерү программасы нигезендә башкарылган. Шушы программа нигезендә быел",reported,2026-09-01T17:53:16Z,2026-09-05T19:06:27Z,mo-92612000,territory,,,,low,media,https://t.me/arskmedia/27553,context,16,False,1,1,False,False,False,needs_review,['not_editorially_useful'],[],priority_review
evt_845df2909e479ddf480b1218,,Әхмәтов: Әгерҗе районында 6 мең башка исәпләнгән терлекчелек комплексы төзелә,in_progress,2026-09-01T17:51:00Z,2026-09-05T19:06:43Z,mo-92601440,territory,,,,low,media,https://zamansulyshy.ru/news/jemgyiyat/axmatov-agere-raionynda-6-men-baska-isaplangan-terlekcelek-kompleksy-tozela,useful,97,False,1,1,True,False,False,ready,[],[],publish_now
evt_3d55653564eaea1f7c41e6e4,,В Татарстане идет набор в 50-ю отдельную бригаду Войск беспилотных систем «Варяг» для управления дронами «Герань»,unknown,2026-09-01T17:46:06Z,2026-09-05T19:06:33Z,mo-92657000,territory,,,,low,media,https://t.me/yakti_ul/31250,context,0,False,1,1,False,False,False,needs_review,['not_editorially_useful'],[],context
evt_b13f6e781a63132e46ba0ec6,,"Сегодня, 1 сентября, здесь прошла торжественная линейка, открывшая новый учебный год.",reported,2026-09-01T17:37:55Z,2026-09-05T19:06:28Z,mo-92624000,territory,,,,low,media,https://t.me/drozzanoe90/20729,context,20,False,1,1,False,False,False,needs_review,['not_editorially_useful'],[],priority_review
evt_b5ecedf2f08b56f2509ef80f,,"В День знаний Стародрожжановский многопрофильный лицей распахнул двери для нового образовательного проекта. Здесь торжественно открылись агротехнологические классы – современные учебные пространства, созданные в рамках федерального проекта «Кадры в АПК».",resolved,2026-09-01T17:35:50Z,2026-09-05T19:06:28Z,mo-92624000,territory,,,,low,media,https://t.me/drozzanoe90/20728,useful,79,False,1,1,True,False,False,ready,[],[],publish_now
evt_44cb6307e671dbd5bbedfbd8,,В Татарстане запустили кружки по искусственному интеллекту в школах и колледжах,planned,2026-09-01T17:25:00Z,2026-09-05T19:06:35Z,mo-92601000,territory,,,,low,media,https://agryz-rt.ru/news/po-materialam-tatar-inform/v-tatarstane-zapustili-kruzki-po-iskusstvennomu-intellektu-v-skolax-i-kolledzax,useful,87,False,1,1,True,False,False,ready,[],[],publish_now
evt_bda88f3d993e3f2225260ae1,,В Татарстане идет набор в 50-ю отдельную бригаду Войск беспилотных систем «Варяг» для управления дронами «Герань»,unknown,2026-09-01T17:23:44Z,2026-09-05T19:06:29Z,mo-92624000,territory,,,,low,media,https://t.me/drozzanoe90/20722,context,0,False,1,1,False,False,False,needs_review,['not_editorially_useful'],[],context
evt_0261342f368982f17a4282e5,,Директор «ЖЭУ-7» в Альметьевске получила штраф 50 тыс. рублей за грязь и мокриц в подъездах,reported,2026-09-01T17:10:28Z,2026-09-05T19:06:26Z,mo-92608101,street,улица 8 Марта,52.3287286,54.9056558,low,media,https://t.me/uvt24/32587,context,46,False,1,1,False,False,False,needs_review,['not_editorially_useful'],[],priority_review
evt_ab014e25fdbffaba004db217,,"В кабинете появились новые стулья, парты, макеты оружия, бинокли, манекены для оказания первой медицинской помощи.",reported,2026-09-01T16:37:01Z,2026-09-05T19:06:28Z,mo-92614000,territory,,,,low,media,https://t.me/BavlyinformNEWS/44349,context,16,False,1,1,False,False,False,needs_review,['not_editorially_useful'],[],priority_review
evt_00f74ac10c94288a8fe274d9,,"Заместитель гендиректора Айдар Габдулганиев признается: сам сомневался в ее эффективности, пока не пришел в «Август» и не начал заниматься ею лично.",reported,2026-09-01T16:09:01Z,2026-09-05T19:06:32Z,mo-92656445,territory,,,,low,media,https://t.me/pestresy/48320,context,46,False,1,1,False,False,False,needs_review,['not_editorially_useful'],[],priority_review
evt_52e6dfbbf8dd2a929e09a0d2,,В Татарстане идет набор в 50-ю отдельную бригаду Войск беспилотных систем «Варяг» для управления дронами «Герань»,unknown,2026-09-01T16:02:41Z,2026-09-05T19:06:32Z,mo-92644000,territory,,,,low,media,https://t.me/kampolany/16354,context,0,False,1,1,False,False,False,needs_review,['not_editorially_useful'],[],context
evt_7196570a538159aa7c12b9d0,,В Татарстане открылись кружки по искусственному интеллекту для школьников,resolved,2026-09-01T16:00:00Z,2026-09-05T19:06:40Z,mo-92622000,territory,,,,low,media,https://biektaw.ru/news/v-respublike/v-tatarstane-otkrylis-kruzki-po-iskusstvennomu-intellektu-dlia-skolnikov,useful,87,False,1,1,True,False,False,ready,[],[],publish_now
evt_5b06db6f50ac0eb64a6179c8,,Казан» студотряды Мәскәү – Санкт-Петербург ВСМ төзелешендә иң яхшысы дип танылды,reported,2026-09-01T15:45:00Z,2026-09-05T19:06:42Z,mo-92701000,territory,,,,low,media,https://yashel-uzan.ru/news/yashәesh/kazan-studotriady-maskau-sankt-peterburg-vsm-tozelesenda-in-iaxsysy-dip-tanyldy,context,42,False,1,1,False,False,False,needs_review,['not_editorially_useful'],[],priority_review
evt_13b9ff9fdaf78ef0bd5ba3c6,,В Татарстане идет набор в 50-ю отдельную бригаду Войск беспилотных систем «Варяг» для управления дронами «Герань»,unknown,2026-09-01T15:22:02Z,2026-09-05T19:06:27Z,mo-92608000,territory,,,,low,media,https://t.me/atannary/29026,context,0,False,1,1,False,False,False,needs_review,['not_editorially_useful'],[],context
evt_3af88755ff0b5fc1cc177b39,,Районыбызның Ивановка авылында үзара салым акчасына чүп салу өчен контейнерлар сатып алганнар,reported,2026-09-01T15:11:00Z,2026-09-05T19:06:43Z,mo-92636415,settlement,Ивановка,52.4388623,54.5055879,low,media,https://zamansulyshy.ru/news/kyiska-hdjbdjrldjr/raionybyznyn-ivanovka-avylynda-uzara-salym-akcasyna-cup-salu-ocen-konteinerlar-satyp-algannar,context,20,False,1,1,False,False,False,needs_review,['not_editorially_useful'],[],priority_review
evt_1b48d559c166381863ddbf3f,,В Татарстане идет набор в 50-ю отдельную бригаду Войск беспилотных систем «Варяг» для управления дронами «Герань»,unknown,2026-09-01T15:06:44Z,2026-09-05T19:06:33Z,mo-92653000,territory,,,,low,media,https://t.me/sarman_rt/31965,context,0,False,1,1,False,False,False,needs_review,['not_editorially_useful'],[],context
evt_d4e2fcda03caa2cef211cfb5,,Сегодня в Высокогорском районе сразу две школы после капитального ремонта снова открыли свои двери для учеников — Куркачинская и Усадская.,resolved,2026-09-01T14:54:09Z,2026-09-05T19:06:28Z,mo-92622000,territory,,,,low,media,https://t.me/vgora_vesti/45600,useful,87,False,1,1,True,False,False,ready,[],[],publish_now
evt_ceb67067ff31bfedd14b295f,,Чаллыда капиталь ремонттан соң балалар музыка мәктәбе укучыларны кабул итте. Фоторепортаж,unknown,2026-09-01T14:48:00Z,2026-09-05T19:06:47Z,mo-92730000,territory,,,,low,media,https://shahrichalli.ru/news/kich-bgen-irtg/callyda-kapital-remonttan-son-balalar-muzyka-maktabe-ukucylarny-kabul-itte-fotoreportaz,context,0,False,1,1,False,False,False,needs_review,['not_editorially_useful'],[],context
evt_5d2d80a3749f1833e6e13653,,Грантовый конкурс Татнефть Профсоюза «Объединяя людей – создаем будущее» помогает воплощать в жизнь инициативы членов профсоюза,unknown,2026-09-01T14:27:00Z,2026-09-05T19:06:38Z,mo-92608000,territory,,,,low,media,https://almetievsk-ru.ru/news/stati-gazety-znamya-truda/grantovyi-konkurs-tatneft-profsoiuza-obieediniaia-liudei-sozdaem-budushhee-pomogaet-voploshhat-v-ziz,context,0,False,1,1,False,False,False,needs_review,['not_editorially_useful'],[],context
evt_5ba9833f405ef69999927208,,В Аксубаевской школе №3 открылся агрокласс,resolved,2026-09-01T14:23:00Z,2026-09-05T19:06:38Z,mo-92604000,territory,,,,low,media,https://aksubayevo.ru/news/news/v-aksubaevskoi-skole-3-otkrylsia-agroklass,useful,87,False,2,2,True,False,False,ready,[],[],publish_now
evt_271e0489a2ddacff6994eea4,,С начала года в селе выполнено немало важных дел.,reported,2026-09-01T14:22:20Z,2026-09-05T19:06:27Z,mo-92604430,settlement,Новое Ибрайкино,51.1654878,54.8679981,low,media,https://t.me/selskayanovaksubaevo/34685,useful,79,False,1,1,True,False,False,ready,[],[],publish_now
evt_caa58c145528c35ef673147a,,В Мензелинске открылся спорткомплекс «Алга»,resolved,2026-09-01T14:22:00Z,2026-09-05T19:06:44Z,mo-92640101,settlement,Мензелинск,53.1071815,55.7255585,low,media,https://menzela.ru/news/tema-dnya/v-menzelinske-otkrylsia-sportkompleks-alga,useful,79,False,1,1,True,False,False,ready,[],[],publish_now
evt_f5bd39011d65d9b3a38cca2e,,Район башкарма комитеты каршында эшләп килүче административ комиссия бүген чираттагы утырышын уздырды.,unknown,2026-09-01T14:17:09Z,2026-09-05T19:06:28Z,mo-92615460,territory,,,,low,media,https://t.me/xezmet_gazetasi/59681,useful,72,False,1,1,True,False,False,ready,[],[],publish_now
evt_3fe1c6edd6c625a44d68fc90,,В Татарстане идет набор в 50-ю отдельную бригаду Войск беспилотных систем «Варяг» для управления дронами «Герань»,unknown,2026-09-01T14:12:45Z,2026-09-05T19:06:32Z,mo-92640000,territory,,,,low,media,https://t.me/smi_menzela/28746,context,0,False,1,1,False,False,False,needs_review,['not_editorially_useful'],[],context
evt_dcbe392adbfc6474cd7d579d,,Школа №4 в Нурлате открылась после капремонта 1 сентября,resolved,2026-09-01T14:04:00Z,2026-09-05T19:06:45Z,mo-92646000,building,"улица дружба, 68",50.7835362,54.4343204,low,media,https://nurlat-tat.ru/news/novosti/skola-4-v-nurlate-otkrylas-posle-kapremonta-1-sentiabria,useful,87,False,2,2,True,True,False,ready,[],[],publish_now
evt_8de45b8529d75fd6a734ba8f,,"В «Дрожжановском техникуме отраслевых технологий» прошла торжественная линейка, посвященная Дню Знаний. Смотрите наш видеоролик 😊",unknown,2026-09-01T14:03:22Z,2026-09-05T19:06:29Z,mo-92624000,territory,,,,low,media,https://t.me/drozzanoe90/20719,context,0,False,1,1,False,False,False,needs_review,['not_editorially_useful'],[],context
evt_7e37d5b47b8dd58b9b034b51,,В школах и колледжах Татарстана открылись кружки по искусственному интеллекту,resolved,2026-09-01T14:00:00Z,2026-09-05T19:06:40Z,mo-92620000,territory,,,,low,media,https://vuslon.ru/news/obschestvo/v-skolax-i-kolledzax-tatarstana-otkrylis-kruzki-po-iskusstvennomu-intellektu,useful,87,False,1,1,True,False,False,ready,[],[],publish_now
evt_b884513fe0184b18255803b8,,Студенческий строительный отряд «Казань» из КГАСУ признан лучшим по комиссарской деятельности на строительстве высокоскоростной магистрали Москва – Санкт-Петерб,reported,2026-09-01T14:00:00Z,2026-09-05T19:06:40Z,mo-92701000,territory,,,,low,media,https://biektaw.ru/news/v-respublike/boicy-kazani-pobedili-v-komissarskom-konkurse-na-trasse-vsm,context,50,False,1,1,False,False,False,needs_review,['not_editorially_useful'],[],priority_review
evt_d7e80c42307f2c545d28d276,,В Татарстане идет набор в 50-ю отдельную бригаду Войск беспилотных систем «Варяг» для управления дронами «Герань»,unknown,2026-09-01T13:59:56Z,2026-09-05T19:06:31Z,mo-92636000,territory,,,,low,media,https://t.me/len_vesti/29660,context,0,False,2,2,False,False,False,needs_review,['not_editorially_useful'],[],context
evt_6dc18387ee652f8ee8a36bd2,,В Татарстане идет набор в 50-ю отдельную бригаду Войск беспилотных систем «Варяг» для управления дронами «Герань»,unknown,2026-09-01T13:54:13Z,2026-09-05T19:06:33Z,mo-92656000,territory,,,,low,media,https://t.me/TulInformm/35487,context,0,False,1,1,False,False,False,needs_review,['not_editorially_useful'],[],context
evt_b57b3caa7ee624187ae7e499,,Открытие агротехклассов в Стародрожжановском многопрофильном лицее смотрите в нашем видеорепортаже👆,unknown,2026-09-01T13:32:37Z,2026-09-05T19:06:29Z,mo-92624000,territory,,,,low,media,https://t.me/drozzanoe90/20718,context,20,False,1,1,False,False,False,needs_review,['not_editorially_useful'],[],priority_review
evt_0e073412e4af221f680c69e9,,Новый корпус лицея №2 открыл свои двери несколько дней назад.,reported,2026-09-01T13:25:00Z,2026-09-05T19:06:39Z,mo-92618101,settlement,Буинск,48.2930213,54.9712371,low,media,https://buinsk-tat.ru/news/vchera-segodnya-zavtra/v-buinske-novaia-skola-priniala-svoix-pervyx-ucenikov-fotoreportaz,context,36,False,1,1,False,False,False,needs_review,['not_editorially_useful'],[],priority_review
evt_4c8f92298b80613a69f74cd0,,"Житель Бугульмы предстанет перед судом за пожар, в котором погибла его мать",reported,2026-09-01T13:21:00Z,2026-09-05T19:06:39Z,mo-92617101,street,улица Фурманова,52.7976592,54.5539095,low,media,https://bugulma-tatarstan.ru/news/crime/zitel-bugulmy-predstanet-pered-sudom-za-pozar-v-kotorom-pogibla-ego-mat,context,30,False,1,1,False,False,False,needs_review,['not_editorially_useful'],[],priority_review
evt_e65ebb8d5f3df980f915887d,,Бехтеревская школа встретила учеников после масштабного капитального ремонта,reported,2026-09-01T13:18:00Z,2026-09-05T19:06:41Z,mo-92626000,territory,,,,low,media,https://elabuga-rt.ru/news/novosti/bexterevskaia-skola-vstretila-ucenikov-posle-masstabnogo-kapitalnogo-remonta,context,16,False,1,1,False,False,False,needs_review,['not_editorially_useful'],[],priority_review
evt_30d792162fa5a582c89423b1,,В Данышево открыли клуб после ремонта,resolved,2026-09-01T13:16:00Z,2026-09-05T19:06:42Z,mo-92630420,settlement,Данышево,49.0306668,55.2287916,low,media,https://kamskoe-ustie.ru/news/kultura/v-danysevo-otkryli-klub-posle-remonta,useful,79,False,1,1,True,False,False,ready,[],[],publish_now
evt_c0d6ba0c4f50d7161a58d3d6,,1 сентября Старо-Шигалеевская школа встретила учащихся после капитального ремонта.,reported,2026-09-01T13:04:31Z,2026-09-05T19:06:32Z,mo-92648000,territory,,,,low,media,https://t.me/pestresy/48319,context,50,False,2,2,False,False,False,needs_review,['not_editorially_useful'],[],priority_review
evt_dd730face5e699b671792b71,,В Камском Устье идут строительно-ремонтные работы,reported,2026-09-01T13:02:01Z,2026-09-05T19:06:30Z,mo-92630151,territory,,,,low,media,https://t.me/volzhskie/36026,useful,97,False,1,1,True,False,False,ready,[],[],publish_now
evt_c2618e29e7f625708d390205,,Собрание трудового коллектива Нурлатской ЦРБ прошла с участием министра и депутата,reported,2026-09-01T13:01:00Z,2026-09-05T19:06:45Z,mo-92646000,territory,,,,low,media,https://nurlat-tat.ru/news/obschestvo/sobranie-trudovogo-kollektiva-nurlatskoi-crb-prosla-s-ucastiem-ministra-i-deputata,context,16,False,1,1,False,False,False,needs_review,['not_editorially_useful'],[],priority_review
evt_23ffcf73cb23f6837c6fb32b,,Казанда янгында биш кешене коткарганнар,reported,2026-09-01T13:00:00Z,2026-09-05T19:06:39Z,mo-92615151,territory,,,,low,media,https://baltaci.ru/news/xavef-xatar/kazanda-iangynda-bis-kesene-kotkargannar,context,30,False,1,1,False,False,False,needs_review,['not_editorially_useful'],[],priority_review
evt_b297b245d5a1dc52f2dcf0d8,,Татарско-Бурнашевская школа открылась после капремонта,resolved,2026-09-01T13:00:00Z,2026-09-05T19:06:40Z,mo-92620405,territory,,,,low,media,https://vuslon.ru/news/tema-dnya/tatarsko-burnasevskaia-skola-otkrylas-posle-kapremonta,useful,87,False,1,1,True,False,False,ready,[],[],publish_now
evt_31fcd6e01257e5ad5ca0840c,,Сто школ Татарстана запустили кружки по искусственному интеллекту,reported,2026-09-01T12:40:00Z,2026-09-05T19:06:38Z,mo-92608000,territory,,,,low,media,https://almetievsk-ru.ru/news/tatarstan-segodnia/sto-skol-tatarstana-zapustili-kruzki-po-iskusstvennomu-intellektu,context,67,False,1,1,False,False,False,needs_review,['not_editorially_useful'],[],priority_review
evt_0d7e70f5ff77422e847974b0,,Студенческий строительный отряд «Казань» из Казанского государственного архитектурно-строительного университета стал лучшим по комиссарской деятельности на прое,reported,2026-09-01T12:37:00Z,2026-09-05T19:06:37Z,mo-92701000,territory,,,,low,media,https://alekseyevsk.ru/news/obshchestvo/studenty-iz-tatarstana-stroiat-budushhee-pobeda-na-vsm-moskva-peterburg,useful,62,False,1,1,True,False,False,ready,[],[],publish_now
evt_a3224054e9e9a8d974b57030,,"Еще вчера сама сидела за партой, а сегодня уже ведет за руку малышей в мир знаний.",reported,2026-09-01T12:34:42Z,2026-09-05T19:06:33Z,mo-92658000,territory,,,,low,media,https://t.me/n_chrmshn/18554,context,16,False,1,1,False,False,False,needs_review,['not_editorially_useful'],[],priority_review
evt_6ad7e46361f7be370b534d1a,,С 29 по 31 октября в МВЦ «Казань Экспо» пройдёт Международный Форум Kazan Digital Week 2026,reported,2026-09-01T12:32:38Z,2026-09-05T19:06:34Z,mo-92701000,territory,,,,low,media,https://t.me/n_chrmshn/18532,context,20,False,10,10,False,False,False,needs_review,['not_editorially_useful'],[],priority_review
evt_03251be62858a23e87ee87f0,,Мамадышские школьники открыли учебный год линейкой,resolved,2026-09-01T12:17:00Z,2026-09-05T19:06:43Z,mo-92638000,territory,,,,low,media,https://mamadysh-rt.ru/news/obshchestvo/mamadysskie-skolniki-otkryli-ucebnyi-god-lineikoi,useful,87,False,1,1,True,False,False,ready,[],[],publish_now
evt_a39b82888f4a75aeb6bdd514,,С 1 сентября в Татарстане стартовал новый учебный год с важным нововведением: в 100 школах и 35 колледжах республики открылись кружки по искусственному интеллек,resolved,2026-09-01T12:15:00Z,2026-09-05T19:06:47Z,mo-92654000,territory,,,,low,media,https://yutazy.ru/news/obschestvo/skolniki-tatarstana-budut-proektirovat-cifrovyx-agentov-s-7-go-klassa,useful,87,False,1,1,True,False,False,ready,[],[],publish_now
evt_2eb796fb953ac9c1632c73f5,,Студенческий строительный отряд «Казань» из КГАСУ признан лучшим по комиссарской деятельности на строительстве высокоскоростной магистрали Москва — Санкт-Петерб,reported,2026-09-01T12:11:00Z,2026-09-05T19:06:47Z,mo-92701000,territory,,,,low,media,https://yutazy.ru/news/obschestvo/predstavitel-tatarstana-priznan-lucsim-masterom-na-proekte-vsm,useful,70,False,1,1,True,False,False,ready,[],[],publish_now
evt_e3af32edf6aafa0471749bc8,,Гостями пятиклассников стали начальник РЭО ОГИБДД ОМВД России по Чистопольскому району майор полиции Ильнар Шамсутдинов и сотрудник МЧС Самат Забиров.,reported,2026-09-01T12:10:00Z,2026-09-05T19:06:46Z,mo-92659101,territory,,,,low,media,https://chistopol-rt.ru/news/obschestvo/v-cistopolskom-licee-prosla-vstreca-s-sotrudnikami-gibdd-i-mcs,context,16,False,1,1,False,False,False,needs_review,['not_editorially_useful'],[],priority_review
evt_304d9f23c32d7ec571554811,,Студенческий строительный отряд «Казань» из Казанского государственного архитектурно-строительного университета признан лучшим на строительстве первой в России,reported,2026-09-01T12:08:00Z,2026-09-05T19:06:38Z,mo-92701000,territory,,,,low,media,https://aksubayevo.ru/news/news/pobeda-tatarstanskix-studentov-na-pervoi-v-rossii-vysokoskorostnoi-magistrali,useful,70,False,1,1,True,False,False,ready,[],[],publish_now
evt_448e447551979494fee57df2,,"Новый учебный год в Рыбно-Слободском агротехническом техникуме начался с яркого и душевного праздника, объединившего студентов, преподавателей, мастеров произво",reported,2026-09-01T12:08:00Z,2026-09-05T19:06:45Z,mo-92650000,territory,,,,low,media,https://rsloboda-rt.ru/news/obschestvo-i-myi/torzestvennyi-start-ucebnogo-goda-v-rybno-slobodskom-agrotexniceskom-texnikume,context,36,False,1,1,False,False,False,needs_review,['not_editorially_useful'],[],priority_review
evt_7857eb252bec0ebefd9a7013,,"Увеличится субсидия на содержание коров, расширятся возможности при покупке молодняка и появится новое направление поддержки мини-ферм.",unknown,2026-09-01T12:05:54Z,2026-09-05T19:06:26Z,mo-92606000,territory,,,,low,media,https://t.me/zariaaleks/32296,context,0,False,1,1,False,False,False,needs_review,['not_editorially_useful'],[],context
evt_fd3d687d2c341063090f8d8f,,Студенческий строительный отряд «Казань» из Казанского государственного архитектурно-строительного университета занял первое место по комиссарской деятельности,reported,2026-09-01T12:00:00Z,2026-09-05T19:06:40Z,mo-92701000,territory,,,,low,media,https://vuslon.ru/news/obschestvo/tatarstanskii-studotriad-pobedil-na-stroike-vsm-moskva-sankt-peterburg,useful,70,False,1,1,True,False,False,ready,[],[],publish_now
evt_5e837f78e21fea03b2879b59,,В Алексеевском аграрном колледже отметили День знаний,reported,2026-09-01T11:58:00Z,2026-09-05T19:06:37Z,mo-92606000,territory,,,,low,media,https://alekseyevsk.ru/news/prazdniki/v-alekseevskom-agrarnom-kolledze-otmetili-den-znanii,context,36,False,1,1,False,False,False,needs_review,['not_editorially_useful'],[],priority_review
evt_61311cf4932ddc9c410e721c,,2 сентября отключат холодную и горячую воду по нескольким адресам в Менделеевске,planned,2026-09-01T11:56:00Z,2026-09-05T19:06:43Z,mo-92639101,settlement,Менделеевск,52.312064,55.894251,low,media,https://mendeleevskyi.ru/news/gorod-i-gorozhane/2-sentiabria-otkliucat-xolodnuiu-i-goriacuiu-vodu-po-neskolkim-adresam-v-mendeleevske,useful,79,False,1,1,True,False,False,ready,[],[],publish_now
evt_8be540f384e57cf5a22d93c6,,После капитального ремонта учреждение распахнуло двери для 225 учеников,reported,2026-09-01T11:56:00Z,2026-09-05T19:06:45Z,mo-92648475,settlement,Старое Шигалеево,49.5081757,55.8237152,low,media,https://pestrecy-rt.ru/news/образование/v-starom-sigaleevo-ucebnyi-god-nacalsia-v-obnovlennoi-skole,context,36,False,1,1,False,False,False,needs_review,['not_editorially_useful'],[],priority_review
evt_ac52796ab2633aae7ac4a858,,В Татарстане открыли ИИ-кружки в 100 школах и 35 колледжах,resolved,2026-09-01T11:45:00Z,2026-09-05T19:06:45Z,mo-92646000,territory,,,,low,media,https://nurlat-tat.ru/news/obrazovanie-1701153903/v-tatarstane-otkryli-ii-kruzki-v-100-skolax-i-35-kolledzax,useful,87,False,1,1,True,False,False,ready,[],[],publish_now
evt_b1b6cde6e7ad74e28b2735af,,Студенческий отряд из Татарстана признан лучшим на строительстве ВСМ Москва – Санкт-Петербург,reported,2026-09-01T11:40:00Z,2026-09-05T19:06:41Z,mo-92628101,territory,,,,low,media,https://zpravda.ru/news/novosti/studenceskii-otriad-iz-tatarstana-priznan-lucsim-na-stroitelstve-vsm-moskva-sankt-peterburg,useful,70,False,1,1,True,False,False,ready,[],[],publish_now
evt_c149001357061f5fc10786d0,,Капитальный ремонт пищеблока завершился этим летом.,reported,2026-09-01T11:39:05Z,2026-09-05T19:06:34Z,mo-92658000,territory,,,,low,media,https://t.me/n_chrmshn/18551,context,36,False,1,1,False,False,False,needs_review,['not_editorially_useful'],[],priority_review
evt_41f1cab40fc3f165a5ea5da5,,Туман накроет Татарстан ночью и утром 2 сентября,unknown,2026-09-01T11:34:00Z,2026-09-05T19:06:45Z,mo-92646000,territory,,,,low,media,https://nurlat-tat.ru/news/pogoda/tuman-nakroet-tatarstan-nociu-i-utrom-2-sentiabria,context,0,False,1,1,False,False,False,needs_review,['not_editorially_useful'],[],context
evt_8cd0131231de821546f77c08,,В школах и колледжах Татарстана открылись кружки по искусственному интеллекту,resolved,2026-09-01T11:32:00Z,2026-09-05T19:06:39Z,mo-92618000,territory,,,,low,media,https://buinsk-tat.ru/news/vchera-segodnya-zavtra/v-skolax-i-kolledzax-tatarstana-otkrylis-kruzki-po-iskusstvennomu-intellektu,context,67,False,1,1,False,False,False,needs_review,['not_editorially_useful'],[],priority_review
evt_08f1bccf97d1aaa4fbc1acaa,,Студотряд из Татарстана признали лучшим на строительстве ВСМ,reported,2026-09-01T11:30:00Z,2026-09-05T19:06:39Z,mo-92618000,territory,,,,low,media,https://buinsk-tat.ru/news/vchera-segodnya-zavtra/studotriad-iz-tatarstana-priznali-lucsim-na-stroitelstve-vsm,useful,70,False,1,1,True,False,False,ready,[],[],publish_now
evt_6d1d00f312ddc2341ea4ae5d,,"Аварийное дерево горело возле дома Нефтяников, 39",unknown,2026-09-01T11:30:00Z,2026-09-05T19:06:38Z,mo-92608000,territory,,,,low,media,https://almetievsk-ru.ru/news/gorod/avariinoe-derevo-gorelo-vozle-doma-neftianikov-39,context,30,False,1,1,False,False,False,needs_review,['not_editorially_useful'],[],priority_review
evt_fa8812c0ffee73e5a56a4447,,В школах и колледжах Татарстана открылись кружки по искусственному интеллекту,resolved,2026-09-01T11:22:00Z,2026-09-05T19:06:44Z,mo-92644000,territory,,,,low,media,https://nizhnekamsk-rt.ru/news/obschestvo/v-skolax-i-kolledzax-tatarstana-otkrylis-kruzki-po-iskusstvennomu-intellektu,context,67,False,1,1,False,False,False,needs_review,['not_editorially_useful'],[],priority_review
evt_fc45ea36b1a118444ae7ec56,,В Нурлате открыли школу № 4 с участием главы района и министра,resolved,2026-09-01T11:21:00Z,2026-09-05T19:06:45Z,mo-92646101,building,"ул. дружбы, 68",50.782846277744696,54.434018949999995,low,media,https://nurlat-tat.ru/news/obrazovanie-1701153903/v-nurlate-otkryli-skolu-4-s-ucastiem-glavy-raiona-i-ministra,useful,87,False,1,1,True,True,False,ready,[],[],publish_now
evt_aa0be1fe955c6e4032412fe0,,Ике казанлы мигрантлар белән ялган хезмәт килешүләре төзегән,unknown,2026-09-01T11:19:00Z,2026-09-05T19:06:46Z,mo-92656000,territory,,,,low,media,https://tulachi.ru/news/v-respublike/ike-kazanly-migrantlar-belan-ialgan-xezmat-kilesulare-tozegan,context,0,False,1,1,False,False,False,needs_review,['not_editorially_useful'],[],context
evt_af500cdd0c9d4e1073f8cf18,,"Студенческий строительный отряд «Казань», представляющий КазГАСУ, одержал победу в номинации «Лучшая комиссарская деятельность» на объекте строительства высокос",reported,2026-09-01T11:17:00Z,2026-09-05T19:06:43Z,mo-92701000,territory,,,,low,media,https://mamadysh-rt.ru/news/obshchestvo/studenceskii-otriad-kgasu-pobedil-v-proekte-vsm,useful,70,False,1,1,True,False,False,ready,[],[],publish_now
evt_8cdcb595a5971a6c50183882,,Студотряд из Татарстана признали лучшим на строительстве ВСМ,reported,2026-09-01T11:16:00Z,2026-09-05T19:06:44Z,mo-92701000,territory,,,,low,media,https://nizhnekamsk-rt.ru/news/obschestvo/studotriad-iz-tatarstana-priznali-lucsim-na-stroitelstve-vsm,useful,70,False,1,1,True,False,False,ready,[],[],publish_now
evt_81468da957c0b30f18c464c4,,"Осенью дачникам важно не оставлять сад без ухода после завершения сбора урожая. Одной из главных задач в этот период является уборка гнилых и засохших плодов, а также борьба с сорняками, рассказал председатель Московского союза садоводов Андрей Туманов в беседе с «Радио 1",reported,2026-09-01T11:12:01Z,2026-09-05T19:06:32Z,mo-92648000,territory,,,,low,media,https://t.me/pestresy/48317,context,16,False,1,1,False,False,False,needs_review,['not_editorially_useful'],[],priority_review
evt_dc2fb43011d21fa5edc9511e,,Праздничная линейка 1 сентября прошла в обновлённой школе посёлка Новый — после капитального ремонта.,reported,2026-09-01T11:09:52Z,2026-09-05T19:06:33Z,mo-92657405,territory,,,,low,media,https://t.me/yakti_ul/31242,context,36,False,1,1,False,False,False,needs_review,['not_editorially_useful'],[],priority_review
evt_edccddadf78e4616965b6306,,Сегодня на базе многопрофильного лицея №170 начал работу Центр кикбоксинга.,resolved,2026-09-01T11:07:09Z,2026-09-05T19:06:49Z,mo-92701000,territory,,,,low,official,https://t.me/avianovsav/6303,useful,79,False,2,2,True,False,False,ready,[],[],publish_now
evt_6cb87f21561b57075d559bf6,,Сегодня в России начался новый учебный год.,resolved,2026-09-01T11:02:00Z,2026-09-05T19:06:44Z,mo-92645000,territory,,,,low,media,https://novoshishminsk.ru/news/v-respublike/v-135-ucrezdeniiax-obrazovaniia-respubliki-zarabotali-kruzki-po-iskusstvennomu-intellektu,useful,87,False,1,1,True,False,False,ready,[],[],publish_now
evt_312aaf0d3e9d781a68d3b5bb,,"Наш ректор Александр Гасников рассказал о том, как фундаментальная математика совершает скрытые технологические революции в сфере ИИ",unknown,2026-09-01T11:01:01Z,2026-09-05T19:06:25Z,RU-TA,territory,,,,low,media,https://t.me/universityinnopolis/3556,context,0,False,1,1,False,False,False,needs_review,['not_editorially_useful'],[],context
evt_7eb0410143b50004ae4cf7fa,,В селе Никольское после капитального ремонта распахнула свои двери обновленная гимназия имени Льва Николаевича Толстого.,reported,2026-09-01T11:00:30Z,2026-09-05T19:06:30Z,mo-92634448,settlement,Никольское,49.1938036,55.5363071,low,media,https://t.me/novayakama/54755,useful,70,False,1,1,True,False,False,ready,[],[],publish_now
evt_7b6209cf6e9ce34d639af779,,ПОЗиС» вручил ключи от новой квартиры семье Рощупкиных,resolved,2026-09-01T11:00:00Z,2026-09-05T19:06:41Z,mo-92617420,territory,,,,low,media,https://zpravda.ru/news/novosti/pozis-vrucil-kliuci-ot-novoi-kvartiry-seme-roshhupkinyx,context,16,False,1,1,False,False,False,needs_review,['not_editorially_useful'],[],priority_review
evt_e0307a2ce8dc8623893703c1,,Школа в Усадах открылась после капремонта в День знаний,resolved,2026-09-01T11:00:00Z,2026-09-05T19:06:40Z,mo-92622467,territory,,,,low,media,https://biektaw.ru/news/v-selskih-poseleniyah/skola-v-usadax-otkrylas-posle-kapremonta-v-den-znanii,useful,87,False,1,1,True,False,False,ready,[],[],publish_now
evt_f34cefb74461a03163c70815,,В 135 школах и колледжах Татарстана открылись кружки по искусственному интеллекту,resolved,2026-09-01T10:47:00Z,2026-09-05T19:06:42Z,mo-92634000,territory,,,,low,media,https://laishevskyi.ru/news/kriminal/v-135-skolax-i-kolledzax-tatarstana-otkrylis-kruzki-po-iskusstvennomu-intellektu,useful,87,False,1,1,True,False,False,ready,[],[],publish_now
evt_d473b060a5fc5564f2ca4961,,Первые агротехнологические классы открыли в Дрожжановском районе,resolved,2026-09-01T10:46:00Z,2026-09-05T19:06:40Z,mo-92624000,territory,,,,low,media,https://chuprale-online.ru/news/obschestvo/pervye-agrotexnologiceskie-klassy-otkryli-v-drozzanovskom-raione,useful,79,False,1,1,True,False,False,ready,[],[],publish_now
evt_f7d1629d5050eecb5c1e4af9,,ГИТИСФЕСТ» открылся в Саратове,resolved,2026-09-01T10:39:00Z,2026-09-05T19:06:41Z,mo-92627000,territory,,,,low,media,https://zainsk-inform.ru/news/obschestvo/gitisfest-otkrylsia-v-saratove,useful,79,False,1,1,True,False,False,ready,[],[],publish_now
evt_d1a1e169b3242a9c9da6bd43,,Новошешминский лицей открыл двери для новых знаний в обновленном здании в новом статусе,unknown,2026-09-01T10:34:00Z,2026-09-05T19:06:44Z,mo-92645000,territory,,,,low,media,https://novoshishminsk.ru/news/novosti-rayona/novosesminskii-licei-otkryl-dveri-dlia-novyx-znanii-v-obnovlennom-zdanii-v-novom-statuse,context,0,False,1,1,False,False,False,needs_review,['not_editorially_useful'],[],context
evt_12fda61854010ace0cfd0ddb,,В Татарстане в 100 школах и 35 колледжах открылись кружки по ИИ,resolved,2026-09-01T10:31:00Z,2026-09-05T19:06:44Z,mo-92640101,territory,,,,low,media,https://menzela.ru/news/zhizn-respubliki/v-tatarstane-v-100-skolax-i-35-kolledzax-otkrylis-kruzki-po-ii,useful,87,False,1,1,True,False,False,ready,[],[],publish_now
evt_2275f4c581ce360e87e256bf,,"В Пестречинском районном суде рассмотрено административное дело в отношении гражданина, который попытался скрыться от сотрудников правоохранительных органов во время оформления протокола.",unknown,2026-09-01T10:29:01Z,2026-09-05T19:06:32Z,mo-92648000,territory,,,,low,media,https://t.me/pestresy/48314,context,36,False,1,1,False,False,False,needs_review,['not_editorially_useful'],[],priority_review
evt_f6934e3dc78435b48d1a77bd,,Студотряд КГАСУ «Казань» признали лучшим на строительстве ВСМ,reported,2026-09-01T10:26:00Z,2026-09-05T19:06:44Z,mo-92640101,territory,,,,low,media,https://menzela.ru/news/zhizn-respubliki/studotriad-kgasu-kazan-priznali-lucsim-na-stroitelstve-vsm,useful,70,False,1,1,True,False,False,ready,[],[],publish_now
evt_7de922edd8f6a1c9a73da75e,,С 1 сентября 2026 года вводится механизм «автоштрафов» в отношении маркированной продукции,unknown,2026-09-01T10:20:00Z,2026-09-05T19:06:41Z,mo-92628000,territory,,,,low,media,https://zpravda.ru/news/novosti/s-1-sentiabria-2026-goda-vvoditsia-mexanizm-avtostrafov-v-otnosenii-markirovannoi-produkcii,context,0,False,1,1,False,False,False,needs_review,['not_editorially_useful'],[],context
evt_93108488cc652aba0d0658e7,,"Студенческий строительный отряд (ССО) «Казань», сформированный на базе Казанского государственного архитектурно-строительного университета (КГАСУ), стал абсолют",reported,2026-09-01T10:18:00Z,2026-09-05T19:06:42Z,mo-92634000,territory,,,,low,media,https://laishevskyi.ru/news/kriminal/studenceskii-otriad-kazan-priznan-lucsim-na-stroike-vsm-moskva-sankt-peterburg,context,50,False,1,1,False,False,False,needs_review,['not_editorially_useful'],[],priority_review
evt_3f2280f883269c7302dfdb9e,,Новошешминский лицей открыл свои двери для новых знаний и открытий в обновленном здании и новом статусе.,unknown,2026-09-01T10:13:48Z,2026-09-05T19:06:32Z,mo-92645000,territory,,,,low,media,https://t.me/shesmauk/35736,context,0,False,1,1,False,False,False,needs_review,['not_editorially_useful'],[],context
evt_056d318ad676f283742f8985,,Беренче автомобиль юлында мотоциклчы катнашында авария 🏍️,reported,2026-09-01T10:13:14Z,2026-09-05T19:06:35Z,mo-92730000,territory,,,,low,media,https://t.me/shahrichally/31348,context,0,False,1,1,False,False,False,needs_review,['not_editorially_useful'],[],context
evt_a3e16cb8e7707b74ece44996,,Праздничная линейка началась с поднятия государственных флагов под гимны России и Татарстана.,unknown,2026-09-01T10:12:00Z,2026-09-05T19:06:40Z,mo-92624000,territory,,,,low,media,https://chuprale-online.ru/news/obschestvo/den-znanii-v-drozzanovskom-texnikume-texnikume-otraslevyx-texnologii-start-dan,context,0,False,1,1,False,False,False,needs_review,['not_editorially_useful'],[],context
evt_9f24a2d92aac059b9d9cc121,,В День знаний в Татарстане открылись кружки по работе с ИИ — они заработали в 100 школах и 35 колледжах республики в рамках региональной программы развития техн,resolved,2026-09-01T10:10:00Z,2026-09-05T19:06:46Z,mo-92655000,territory,,,,low,media,https://tetyushy.ru/news/obshchestvo/v-skolax-i-kolledzax-tatarstana-startovali-kruzki-po-iskusstvennomu-intellektu,useful,87,False,1,1,True,False,False,ready,[],[],publish_now
evt_e809f9abf7bdf0b4fed046e6,,В школах и колледжах Татарстана открылись кружки по искусственному интеллекту,resolved,2026-09-01T10:10:00Z,2026-09-05T19:06:42Z,mo-92629000,territory,,,,low,media,https://kaibicy.ru/news/novosti/v-skolax-i-kolledzax-tatarstana-otkrylis-kruzki-po-iskusstvennomu-intellektu,useful,87,False,1,1,True,False,False,ready,[],[],publish_now
evt_8fa267ee42a9ecfe39fad0a0,,Студотряд из Татарстана признали лучшим на строительстве ВСМ,reported,2026-09-01T10:08:00Z,2026-09-05T19:06:42Z,mo-92629000,territory,,,,low,media,https://kaibicy.ru/news/novosti/studotriad-iz-tatarstana-priznali-lucsim-na-stroitelstve-vsm,useful,70,False,1,1,True,False,False,ready,[],[],publish_now
evt_c5a197a53f3faa7d485fa5a2,,В школах и колледжах Татарстана запустили кружки по искусственному интеллекту,reported,2026-09-01T10:06:00Z,2026-09-05T19:06:45Z,mo-92650000,territory,,,,low,media,https://rsloboda-rt.ru/news/obschestvo-i-myi/v-skolax-i-kolledzax-tatarstana-zapustili-kruzki-po-iskusstvennomu-intellektu,context,67,False,1,1,False,False,False,needs_review,['not_editorially_useful'],[],priority_review
evt_a2358fe05a45f081d5bb5191,,"Жаль, что сейчас в хозяйстве практически нет скотины.",reported,2026-09-01T10:04:01Z,2026-09-05T19:06:30Z,mo-92630415,settlement,Челны,48.9034293,55.2280046,low,media,https://t.me/volzhskie/36023,context,36,False,1,1,False,False,False,needs_review,['not_editorially_useful'],[],priority_review
evt_98286dd9bc4e17fe4f381f93,,Студотряд из Татарстана стал лучшим на строительстве ВСМ,reported,2026-09-01T10:03:00Z,2026-09-05T19:06:46Z,mo-92701000,territory,,,,low,media,https://tetyushy.ru/news/natsproekty/studotriad-iz-tatarstana-stal-lucsim-na-stroitelstve-vsm,useful,62,False,1,1,True,False,False,ready,[],[],publish_now
evt_5aa4b298f6c0f774873e91ec,,В 100 школах и 35 колледжах Татарстана открылись кружки по искусственному интеллекту,resolved,2026-09-01T10:00:00Z,2026-09-05T19:06:45Z,mo-92648000,territory,,,,low,media,https://pestrecy-rt.ru/news/v-respublike/v-100-skolax-i-35-kolledzax-tatarstana-otkrylis-kruzki-po-iskusstvennomu-intellektu,context,67,False,1,1,False,False,False,needs_review,['not_editorially_useful'],[],priority_review
evt_f2cb3eb94855f5c14794ea30,,В школах и колледжах республики открылись кружки по искусственному интеллекту,resolved,2026-09-01T09:59:00Z,2026-09-05T19:06:42Z,mo-92701000,territory,,,,low,media,https://kamskoe-ustie.ru/news/obrazovanie/v-skolax-i-kolledzax-respubliki-otkrylis-kruzki-po-iskusstvennomu-intellektu,useful,87,False,1,1,True,False,False,ready,[],[],publish_now
evt_ce111efa05a64184e091ae7b,,С 2027 года изменятся условия субсидий для владельцев ЛПХ в Татарстане,unknown,2026-09-01T09:35:00Z,2026-09-05T19:06:37Z,mo-92606000,territory,,,,low,media,https://alekseyevsk.ru/news/selskoe-hozyaystvo/s-2027-goda-izmeniatsia-usloviia-subsidii-dlia-vladelcev-lpx-v-tatarstane,context,0,False,1,1,False,False,False,needs_review,['not_editorially_useful'],[],context
evt_bc4470f69205c296079426fb,,В школе № 10 Лениногорска открылась аэрокосмическая лаборатория,resolved,2026-09-01T09:31:00Z,2026-09-05T19:06:43Z,mo-92636101,building,"улица крупской, 2а",52.4444668376527,54.5937507,low,media,https://leninogorsk-rt.ru/news/sobytie-nedeli/v-skole-10-leninogorska-otkrylas-aerokosmiceskaia-laboratoriia,useful,87,False,2,2,True,True,False,ready,[],[],publish_now
evt_b27e4c3be3aa8f346ad4c237,,Стартовал прием заявок на конкурс «ЭКОлидер» в Татарстане,reported,2026-09-01T09:30:00Z,2026-09-05T19:06:40Z,mo-92622000,territory,,,,low,media,https://biektaw.ru/news/v-respublike/startoval-priem-zaiavok-na-konkurs-ekolider-v-tatarstane,context,42,False,1,1,False,False,False,needs_review,['not_editorially_useful'],[],priority_review
evt_a1077986ed0052028dcdd8f2,,Студенты из Татарстана отличились на строительстве первой ВСМ в России,reported,2026-09-01T09:28:00Z,2026-09-05T19:06:41Z,mo-92627101,territory,,,,low,media,https://zainsk-inform.ru/news/obschestvo/studenty-iz-tatarstana-otlicilis-na-stroitelstve-pervoi-vsm-v-rossii,useful,70,False,1,1,True,False,False,ready,[],[],publish_now
evt_ebc03187cede3c36ae9c0882,,Эти испытания проводятся ежегодно после завершения летней ремонтной кампании.,unknown,2026-09-01T09:13:00Z,2026-09-05T19:06:47Z,mo-92730000,territory,,,,low,media,https://tvchelny.ru/news/tsentralnye-temy/ncts-v-celnax-so-2-sentiabria-startuet-itogovaia-opressovka-teplovyx-setei,context,20,False,1,1,False,False,False,needs_review,['not_editorially_useful'],[],priority_review
evt_ac2f629e1df750c745ae1e78,,Студенческий отряд из Татарстана стал лучшим на строительстве высокоскоростной магистрали,reported,2026-09-01T09:09:00Z,2026-09-05T19:06:35Z,mo-92601000,territory,,,,low,media,https://agryz-rt.ru/news/po-materialam-tatar-inform/studenceskii-otriad-iz-tatarstana-stal-lucsim-na-stroitelstve-vysokoskorostnoi-magistrali,useful,70,False,1,1,True,False,False,ready,[],[],publish_now
evt_8d84a6b4a7ee0503d9b72cc5,,школа № 2 открыла новый учебный год.,reported,2026-09-01T09:04:00Z,2026-09-05T19:06:44Z,mo-92644156,territory,,,,low,media,https://nizhnekamsk-rt.ru/news/obschestvo/v-kamskix-polianax-prozvenel-pervyi-zvonok,context,36,False,1,1,False,False,False,needs_review,['not_editorially_useful'],[],priority_review
evt_0e621c21561591ffabcbf756,,Финансовая сфера: цифровой рубль и поддержка семей Одним из главных новшеств станет начало массового внедрения цифрового рубля — третьей формы национальной валю,reported,2026-09-01T09:00:00Z,2026-09-05T19:06:40Z,mo-92622000,territory,,,,low,media,https://biektaw.ru/news/v-rossii/cifrovoi-rubl-i-ipotecnye-kanikuly-cto-meniaetsia-s-1-sentiabria,context,16,False,1,1,False,False,False,needs_review,['not_editorially_useful'],[],priority_review
evt_e9d6861fb89795ccefddf6c3,,Директор «ЖЭУ-7» в Альметьевске получила штраф 50 тыс. рублей за грязь и мокриц в подъездах,unknown,2026-09-01T08:56:00Z,2026-09-05T19:06:38Z,mo-92608101,settlement,Альметьевск,52.2963777,54.9005008,low,media,https://almetievsk-ru.ru/news/novosti-zkx/direktor-zeu-7-v-almetevske-polucila-straf-50-tys-rublei-za-griaz-i-mokric-v-podieezdax,context,36,False,1,1,False,False,False,needs_review,['not_editorially_useful'],[],priority_review
evt_f421f22ea54c91cdb2252384,,Студотряд из Татарстана признали лучшим на строительстве высокоскоростной магистрали,reported,2026-09-01T08:48:00Z,2026-09-05T19:06:43Z,mo-92636000,territory,,,,low,media,https://leninogorsk-rt.ru/news/novostnaya-lenta/studotriad-iz-tatarstana-priznali-lucsim-na-stroitelstve-vysokoskorostnoi-magistrali,useful,70,False,1,1,True,False,False,ready,[],[],publish_now
evt_e5d0a535dbbb98d0185b6049,,В Стародрожжановском многопрофильном лицее сегодня также проходит открытие агротехклассов👍,unknown,2026-09-01T08:38:46Z,2026-09-05T19:06:29Z,mo-92624000,territory,,,,low,media,https://t.me/drozzanoe90/20713,context,20,False,1,1,False,False,False,needs_review,['not_editorially_useful'],[],priority_review
evt_8a1d8a362f71c2b53d88100a,,В Татарстане открылся приём заявок на соискание премии «ЭКОлидер»,resolved,2026-09-01T08:36:00Z,2026-09-05T19:06:47Z,mo-92632000,territory,,,,low,media,https://spas-rt.ru/news/obschestvo/v-tatarstane-otkrylsia-priem-zaiavok-na-soiskanie-premii-ekolider,context,67,False,1,1,False,False,False,needs_review,['not_editorially_useful'],[],priority_review
evt_8460c99ed58c61d62eee1802,,Россия открыта для участия всех заинтересованных стран в будущих соревнованиях,resolved,2026-09-01T08:34:00Z,2026-09-05T19:06:35Z,mo-92701000,settlement,Казань,49.1115022,55.7946485,low,media,https://agryz-rt.ru/news/po-materialam-tatar-inform/vladimir-putin-soobshhil-o-vozmoznosti-provedenii-igr-kocevnikov-v-kazani-v-2028-godu,context,20,False,1,1,False,False,False,needs_review,['not_editorially_useful'],[],priority_review
evt_0380041a8be55870b78ff50c,,Студотряд из Татарстана признан лучшим на строительстве ВСМ Москва – Санкт-Петербург,reported,2026-09-01T08:25:00Z,2026-09-05T19:06:45Z,mo-92701000,territory,,,,low,media,https://pestrecy-rt.ru/news/v-respublike/studotriad-iz-tatarstana-priznan-lucsim-na-stroitelstve-vsm-moskva-sankt-peterburg,useful,70,False,1,1,True,False,False,ready,[],[],publish_now
evt_c431d99d7039f9f21a17ca2d,,Студенты из Татарстана завоевали победу на строительстве ВСМ,reported,2026-09-01T08:25:00Z,2026-09-05T19:06:44Z,mo-92701000,territory,,,,low,media,https://novoshishminsk.ru/news/v-respublike/studenty-iz-tatarstana-zavoevali-pobedu-na-stroitelstve-vsm,useful,70,False,1,1,True,False,False,ready,[],[],publish_now
evt_cbe29ebd0feaa06622a862c2,,Ледовый дворец «Айсберг» в Менделеевске открывает новый сезон после ремонта,reported,2026-09-01T08:17:00Z,2026-09-05T19:06:44Z,mo-92639101,settlement,Менделеевск,52.312064,55.894251,low,media,https://mendeleevskyi.ru/news/afisha/ledovyi-dvorec-aisberg-v-mendeleevske-otkryvaet-novyi-sezon-posle-remonta,context,20,False,1,1,False,False,False,needs_review,['not_editorially_useful'],[],priority_review
evt_89b2ecf28685bf09aec89e50,,В Мамадышском районе открыта запись на регистрацию брака на 2027 год,resolved,2026-09-01T08:16:00Z,2026-09-05T19:06:43Z,mo-92638000,territory,,,,low,media,https://mamadysh-rt.ru/news/obshchestvo/v-mamadysskom-raione-otkryta-zapis-na-registraciiu-braka-na-2027-god,useful,79,False,1,1,True,False,False,ready,[],[],publish_now
evt_a2331cb76f5bdb7580e13b95,,В России запустили мобильное приложение с кнопкой SOS для школ через «ЭРА-ГЛОНАСС»,reported,2026-09-01T08:10:00Z,2026-09-05T19:06:41Z,mo-92627101,territory,,,,low,media,https://zainsk-inform.ru/news/obschestvo/v-rossii-zapustili-mobilnoe-prilozenie-s-knopkoi-sos-dlia-skol-cerez-era-glonass,useful,87,False,1,1,True,False,False,ready,[],[],publish_now
evt_8e497f8820a516b3df5b008d,,Студенческий отряд из Татарстана стал лучшим на строительстве ВСМ,reported,2026-09-01T08:09:00Z,2026-09-05T19:06:45Z,mo-92701000,territory,,,,low,media,https://rsloboda-rt.ru/news/obschestvo-i-myi/studenceskii-otriad-iz-tatarstana-stal-lucsim-na-stroitelstve-vsm,useful,62,False,1,1,True,False,False,ready,[],[],publish_now
evt_faa1ebea447752b2ab4f40b2,,Суд Алексеевского района оштрафовал двух пьяных водителей на 45 тысяч рублей,reported,2026-09-01T08:07:00Z,2026-09-05T19:06:37Z,mo-92606000,territory,,,,low,media,https://alekseyevsk.ru/news/chelovek-i-zakon/sud-alekseevskogo-raiona-ostrafoval-dvux-pianyx-voditelei-na-45-tysiac-rublei,context,0,False,1,1,False,False,False,needs_review,['not_editorially_useful'],[],context
evt_5d95dc140f478c2832cce954,,Студотряд из Татарстана признан лучшим на строительстве ВСМ Москва – Санкт-Петербург,reported,2026-09-01T08:06:00Z,2026-09-05T19:06:46Z,mo-92659101,territory,,,,low,media,https://chistopol-rt.ru/news/obschestvo/studotriad-iz-tatarstana-priznan-lucsim-na-stroitelstve-vsm-moskva-sankt-peterburg,useful,70,False,1,1,True,False,False,ready,[],[],publish_now
evt_9c853236c4788845e0bca172,,Студотряд из Татарстана признан лучшим на строительстве ВСМ Москва – Санкт-Петербург,reported,2026-09-01T08:03:00Z,2026-09-05T19:06:39Z,mo-92617101,territory,,,,low,media,https://bugulma-tatarstan.ru/news/news/studotriad-iz-tatarstana-priznan-lucsim-na-stroitelstve-vsm-moskva-sankt-peterburg,useful,70,False,1,1,True,False,False,ready,[],[],publish_now
evt_822c198e7106eab05a67c039,,Новое назначение в Новошешминске,reported,2026-09-01T08:00:37Z,2026-09-05T19:06:32Z,mo-92645432,settlement,Новошешминск,51.224884,55.0616447,low,media,https://t.me/shesmauk/35720,context,20,False,1,1,False,False,False,needs_review,['not_editorially_useful'],[],priority_review
evt_beb7990158028dfa4c856628,,"Выставка «Здравствуй, к знаниям дорога!» открылась в библиотеке Верхнего Услона",resolved,2026-09-01T08:00:00Z,2026-09-05T19:06:40Z,mo-92620415,territory,,,,low,media,https://vuslon.ru/news/obschestvo/vystavka-zdravstvui-k-znaniiam-doroga-otkrylas-v-biblioteke-verxnego-uslona,useful,87,False,1,1,True,False,False,ready,[],[],publish_now
evt_c7230c243d046848c3ad346e,,"С таким заявлением президент выступил на саммите ШОС в Бишкеке, отметив успешное открытие игр в Киргизии.",unknown,2026-09-01T07:42:00Z,2026-09-05T19:06:38Z,mo-92701000,settlement,Казань,49.1115022,55.7946485,low,media,https://almetievsk-ru.ru/news/goryachie-novosti/putin-predlozil-provesti-igry-kocevnikov-2028-goda-v-kazani,context,20,False,1,1,False,False,False,needs_review,['not_editorially_useful'],[],priority_review
evt_19775e79470087adec68eb63,,Водителям разрешат показывать права и СТС через мессенджер МАКС,planned,2026-09-01T07:27:00Z,2026-09-05T19:06:41Z,mo-92626000,territory,,,,low,media,https://elabuga-rt.ru/news/avtovesti/voditeliam-razresat-pokazyvat-prava-i-sts-cerez-messendzer-maks,context,0,False,1,1,False,False,False,needs_review,['not_editorially_useful'],[],context
evt_2d7e65b3d37788343dd27662,,"ЭКОлидер в Татарстане открыт для предприятий, школ и жителей",resolved,2026-09-01T07:22:00Z,2026-09-05T19:06:42Z,mo-92634000,territory,,,,low,media,https://laishevskyi.ru/news/kriminal/ekolider-v-tatarstane-otkryt-dlia-predpriiatii-skol-i-zitelei,context,67,False,1,1,False,False,False,needs_review,['not_editorially_useful'],[],priority_review
evt_eff01b161753c5e6a5ff9941,,Обновленная Куркачинская школа открылась ко Дню знаний,resolved,2026-09-01T07:20:00Z,2026-09-05T19:06:40Z,mo-92622000,territory,,,,low,media,https://biektaw.ru/news/v-selskih-poseleniyah/obnovlennaia-kurkacinskaia-skola-otkrylas-ko-dniu-znanii,useful,87,False,1,1,True,False,False,ready,[],[],publish_now
evt_837d4be84efe92f2488704a9,,В Сабинском районе водитель ВАЗ погиб после столкновения с полуприцепом,reported,2026-09-01T07:05:00Z,2026-09-05T19:06:41Z,mo-92626000,territory,,,,low,media,https://elabuga-rt.ru/news/avtovesti/v-sabinskom-raione-voditel-vaz-pogib-posle-stolknoveniia-s-polupricepom,context,20,False,1,1,False,False,False,needs_review,['not_editorially_useful'],[],priority_review
evt_d2dc855d8b06332fe77189d3,,Квантовый бульвар в Иннополисе реконструируют по нацпроекту,reported,2026-09-01T07:00:00Z,2026-09-05T19:06:40Z,mo-92620000,street,Квантовый бульвар,48.7448872,55.747386,low,media,https://vuslon.ru/news/obschestvo/kvantovyi-bulvar-v-innopolise-rekonstruiruiut-po-nacproektu,useful,72,False,1,1,True,True,False,ready,[],[],publish_now
evt_afaa5b2be236d260de269ef3,,Жительница Буинска отправится в колонию за нарушение надзора,unknown,2026-09-01T06:34:00Z,2026-09-05T19:06:39Z,mo-92618101,territory,,,,low,media,https://buinsk-tat.ru/news/vchera-segodnya-zavtra/zitelnica-buinska-otpravitsia-v-koloniiu-za-narusenie-nadzora,context,0,False,1,1,False,False,False,needs_review,['not_editorially_useful'],[],context
evt_854e3ac031efdc3947294e60,,"С началом учебного года в школах резко возрастает риск распространения ОРВИ, гриппа и других инфекций.",reported,2026-09-01T06:29:00Z,2026-09-05T19:06:37Z,mo-92606000,territory,,,,low,media,https://alekseyevsk.ru/news/obrazovanie/privivka-ot-grippa-pocemu-skolnikam-vazno-sdelat-ee-v-sentiabre-oktiabre,context,36,False,1,1,False,False,False,needs_review,['not_editorially_useful'],[],priority_review
evt_71e375507f0b6409a79ac294,,Бу мәктәптә капиталь ремонттан соң укучыларны кабул итте.,unknown,2026-09-01T06:20:00Z,2026-09-05T19:06:47Z,mo-92730000,territory,,,,low,media,https://shahrichalli.ru/news/kich-bgen-irtg/cally-mery-nail-mahdiev-45nce-maktap-ukucylaryn-belem-bairame-belan-kotlady,context,59,False,1,1,False,False,False,needs_review,['not_editorially_useful'],[],priority_review
evt_e8a7e8f32be53f92c895e827,,Житель Пестречинского района оштрафован за попытку скрыться от полиции,unknown,2026-09-01T05:58:00Z,2026-09-05T19:06:45Z,mo-92648000,territory,,,,low,media,https://pestrecy-rt.ru/news/obschestvo/zitel-pestrecinskogo-raiona-ostrafovan-za-popytku-skrytsia-ot-policii,context,0,False,1,1,False,False,False,needs_review,['not_editorially_useful'],[],context
evt_e29c9be769299b8ee3878430,,Татарстан эш бирүчеләр исәп-хисап өчен штрафны 50% ташлама белән түли ала,unknown,2026-09-01T05:40:00Z,2026-09-05T19:06:46Z,mo-92657000,territory,,,,low,media,https://tukai-rt.ru/news/amgyiat/tatarstan-es-birucelar-isap-xisap-ocen-strafny-50-taslama-belan-tuli-ala,context,0,False,1,1,False,False,False,needs_review,['not_editorially_useful'],[],context
evt_fb63a6adfc7eabf09948fae2,,В Татарстане стартовал прием заявок на конкурс «ЭКОлидер»,reported,2026-09-01T05:40:00Z,2026-09-05T19:06:45Z,mo-92646000,territory,,,,low,media,https://nurlat-tat.ru/news/novosti/v-tatarstane-startoval-priem-zaiavok-na-konkurs-ekolider,context,50,False,1,1,False,False,False,needs_review,['not_editorially_useful'],[],priority_review
evt_78e4825a77826cfa10f7a3af,,"Моннан тыш, яңа уку елына районда ике мәктәп, ике балалар бакчасы һәм авыл мәктәпләрендә өч азык-төлек блогы ремонтланган.",reported,2026-09-01T05:09:01Z,2026-09-05T19:06:27Z,mo-92608000,territory,,,,low,media,https://t.me/atannary/29019,context,30,False,1,1,False,False,False,needs_review,['not_editorially_useful'],[],priority_review
evt_bfd3cb21973919cbbec025c4,,Приём заявок открыт с 1 сентября и продлится до 15 ноября 2026 года.,resolved,2026-09-01T05:05:00Z,2026-09-05T19:06:46Z,mo-92655000,territory,,,,low,media,https://tetyushy.ru/news/natsproekty/ziteli-tatarstana-mogut-ucastvovat-v-ekologiceskom-konkurse-rossii,context,59,False,1,1,False,False,False,needs_review,['not_editorially_useful'],[],priority_review
evt_a762962f359d29d42cec3447,,С сентября все банки запустят универсальный QR-код для оплаты,reported,2026-09-01T05:01:00Z,2026-09-05T19:06:44Z,mo-92639000,territory,,,,low,media,https://mendeleevskyi.ru/news/obschestvo/s-sentiabria-vse-banki-zapustiat-universalnyi-qr-kod-dlia-oplaty,context,0,False,1,1,False,False,False,needs_review,['not_editorially_useful'],[],context
evt_fb6c8473f3e7819db70ec116,,"Быел 4нче, 14нче мәктәпләрдә һәм Түбән Чыршылы, ивановка мәктәпләрендә капиталь ремонт уздырылды.",unknown,2026-09-01T04:19:47Z,2026-09-05T19:06:31Z,mo-92636415,territory,,,,low,media,https://t.me/zamansulyshy/17325,context,30,False,1,1,False,False,False,needs_review,['not_editorially_useful'],[],priority_review
evt_legacy_2d5d693f4ac9685522875175,public-de1ff80dea047d18,Поздравление ректора КФУ Ленара Сафина с началом нового учебного года и Днём знаний,unknown,2026-09-01T00:00:00Z,2026-09-04T15:47:33Z,RU-TA,territory,,,,high,official,https://media.kpfu.ru/news/pozdravlenie-rektora-kfu-lenara-safina-s-nachalom-novogo-uchebnogo-goda-i-dnyom-znaniy,noise,0,True,1,0,False,False,False,needs_review,"['missing_primary_evidence', 'not_editorially_useful']",[],hide_noise
evt_legacy_35f0646c94c9e69a19bdd5ee,public-f125372dd9e0d6c9,Торжественные линейки состоялись в лицеях Казанского университета,unknown,2026-09-01T00:00:00Z,2026-09-04T15:47:33Z,RU-TA,territory,,,,high,official,https://media.kpfu.ru/news/1-sentyabrya-v-it-licee,context,20,True,1,0,False,False,False,needs_review,"['missing_primary_evidence', 'not_editorially_useful']",[],priority_review
evt_legacy_4d92d826b5e5c6ebbcd8e71e,public-a0e042f1936a9179,Более 1000 школьников и их родителей посетили площадку Малого университета КФУ,unknown,2026-09-01T00:00:00Z,2026-09-04T15:47:33Z,mo-92701000,territory,,,,high,official,https://media.kpfu.ru/news/bolee-1000-shkolnikov-i-ikh-roditeley-posetili-ploschadku-malogo-universiteta-kfu,context,16,True,1,0,False,False,False,needs_review,"['missing_primary_evidence', 'not_editorially_useful']",[],priority_review
evt_legacy_5baf46bb211e69232a6f43a9,public-0961be0c2aea8b43,Дмитрий Чернышенко поздравил студентов и преподавателей Университета Иннополис с Днём знаний,unknown,2026-09-01T00:00:00Z,2026-09-04T15:47:31Z,mo-92620109,territory,,,,high,official,https://innopolis.university/news/knowledge-day-2026/,noise,20,True,1,0,False,False,False,needs_review,"['missing_primary_evidence', 'not_editorially_useful']",[],hide_noise
evt_legacy_697dc3252a16508bd9ca6673,public-b93c6b6cfb4829bb,В КФУ в День знаний состоялся масштабный концерт,unknown,2026-09-01T00:00:00Z,2026-09-04T15:47:33Z,RU-TA,territory,,,,high,official,https://media.kpfu.ru/news/v-kfu-v-den-znaniy-sostoyalsya-masshtabnyy-koncert,noise,20,True,1,0,False,False,False,needs_review,"['missing_primary_evidence', 'not_editorially_useful']",[],hide_noise
evt_legacy_a1b26a9aa67cac7111c27d9e,public-3d46d723018ea8fa,Валерий Фальков поздравил студентов и преподавателей с началом учебного года,unknown,2026-09-01T00:00:00Z,2026-09-04T15:47:33Z,RU-TA,territory,,,,high,official,https://media.kpfu.ru/news/valeriy-falkov-pozdravil-studentov-i-prepodavateley-s-nachalom-uchebnogo-goda,noise,0,True,1,0,False,False,False,needs_review,"['missing_primary_evidence', 'not_editorially_useful']",[],hide_noise
evt_legacy_a7bd1af54fc32f945a428453,public-75446eb9bc7e0f11,День знаний отпраздновали в ИФМК КФУ,unknown,2026-09-01T00:00:00Z,2026-09-04T15:47:33Z,RU-TA,territory,,,,high,official,https://media.kpfu.ru/news/pervokursnikov-ifmk-pozdravili-s-dnem-znaniy-v-kfu,context,36,True,1,0,False,False,False,needs_review,"['missing_primary_evidence', 'not_editorially_useful']",[],priority_review
evt_legacy_c937776e0dc452204869b752,public-734046566447bda3,Сотрудники МЧС России обеспечивают безопасность в День знаний,unknown,2026-09-01T00:00:00Z,2026-09-04T15:47:34Z,RU-TA,territory,,,,high,official,https://16.mchs.gov.ru/deyatelnost/press-centr/novosti/5819617,context,20,True,1,0,False,False,False,needs_review,"['missing_primary_evidence', 'not_editorially_useful']",[],priority_review
evt_legacy_cd2d4363a78b85a16c7a753d,public-7db044b1beec7a6b,Желающие смогли провести День знаний в музеях КФУ,unknown,2026-09-01T00:00:00Z,2026-09-04T15:47:33Z,RU-TA,territory,,,,high,official,https://media.kpfu.ru/news/provedi-den-znanry-v-muzee-kazanskogo-federalnogo-universiteta,context,20,True,1,0,False,False,False,needs_review,"['missing_primary_evidence', 'not_editorially_useful']",[],priority_review
evt_legacy_d5eddb0f3c3e093015e80cab,public-c972bef6395161d4,Студенты Елабужского института КФУ приняли участие в трехтысячном шествии первокурсников,unknown,2026-09-01T00:00:00Z,2026-09-04T15:47:33Z,RU-TA,territory,,,,high,official,https://media.kpfu.ru/news/v-shestvii-pervokursnikov-prinyalo-uchastie-tri-tysyachi-chelovek,context,20,True,1,0,False,False,False,needs_review,"['missing_primary_evidence', 'not_editorially_useful']",[],priority_review
evt_5a39d6528938f6ff5b2a5303,,Трехтысячное шествие первокурсников в Елабуге,reported,2026-08-31T21:00:00Z,2026-09-05T18:58:39Z,mo-92626101,territory,,,,medium,media,http://media.kpfu.ru/news/v-shestvii-pervokursnikov-prinyalo-uchastie-tri-tysyachi-chelovek,context,36,False,1,1,False,False,False,needs_review,['not_editorially_useful'],[],priority_review
evt_96ab504cd8a391e8a5df771d,,В ИФМК КФУ отметили День знаний,reported,2026-08-31T21:00:00Z,2026-09-05T18:59:08Z,mo-92701000,territory,,,,medium,media,http://media.kpfu.ru/news/pervokursnikov-ifmk-pozdravili-s-dnem-znaniy-v-kfu,context,36,False,1,1,False,False,False,needs_review,['not_editorially_useful'],[],priority_review
evt_288abc7f07c325483afbe5f6,,Двух водителей оштрафовали и лишили прав за пьяную езду,reported,2026-08-31T16:27:02Z,2026-09-05T19:06:32Z,mo-92648000,territory,,,,low,media,https://t.me/pestresy/48307,context,0,False,1,1,False,False,False,needs_review,['not_editorially_useful'],[],context
evt_a88c115e21d4d4561275cae2,,Мәгълүмәтләр ветеринар хезмәт аша тупланачак.,unknown,2026-08-31T16:14:37Z,2026-09-05T19:06:35Z,mo-92730000,territory,,,,low,media,https://t.me/shahrichally/31335,context,0,False,1,1,False,False,False,needs_review,['not_editorially_useful'],[],context
evt_c3657f685172a1203d117181,,В Татарстане открыли регистрацию на хакатон «Татар.Бу»,resolved,2026-08-31T16:00:00Z,2026-09-05T19:06:40Z,mo-92622000,territory,,,,low,media,https://biektaw.ru/news/v-respublike/v-tatarstane-otkryli-registraciiu-na-xakaton-tatarbu,context,59,False,1,1,False,False,False,needs_review,['not_editorially_useful'],[],priority_review
evt_29fb586bad0c1853bf161610,,В Агрызе открыли новую многофункциональную спортивную площадку в парке «Локомотив»,resolved,2026-08-31T13:27:00Z,2026-09-05T19:06:35Z,mo-92601000,street,Вокзальная улица,53.0016665,56.5214859,low,media,https://agryz-rt.ru/news/nasha-zhizn/v-agryze-otkryli-novuiu-mnogofunkcionalnuiu-sportivnuiu-ploshhadku-v-parke-lokomotiv,useful,97,False,1,1,True,True,False,ready,[],[],publish_now
evt_208dd03785031f85feae1fee,,"Новация» идарәче компаниясе судта оттырды һәм хәзер штраф түләргә тиеш. Компаниянең мировой судья карарына шикаятен кире кактылар, чөнки аның вәкилләре утырышка килмәде. Бу хакта ТР Дәүләт торак инспекциясе хәбәр итте.Йортта яшәүчеләр зарлана-торак инспекциясе штраф яза-идаәче компания аны судта кире кагарга тырыша. Бу юлы компания вәкилләре судта булмый, гәрчә аларга алдан хәбәр итсәләр дә. Судья документларны өйрәнде һәм оешманың гаебен раслады. Нәтиҗәсен алдан әйтеп була: акчаны бирергә туры",unknown,2026-08-31T13:25:18Z,2026-09-05T19:06:27Z,mo-92608000,territory,,,,low,media,https://t.me/atannary/29012,context,0,False,1,1,False,False,False,needs_review,['not_editorially_useful'],[],context
evt_79390b4461bce227e16fa019,,В Агрызе открыли благоустроенный двор по улице Киров,resolved,2026-08-31T13:23:00Z,2026-09-05T19:06:35Z,mo-92601000,street,улица Кирова,52.9997274,56.5148222,low,media,https://agryz-rt.ru/news/nasha-zhizn/v-agryze-otkryli-blagoustroennyi-dvor-po-ulice-kirov,useful,97,False,1,1,True,True,False,ready,[],[],publish_now
evt_3a9980762b1845117b83a228,,В Агрызе открыли мемориальную доску в честь Руслана Фатхуллина,resolved,2026-08-31T13:19:00Z,2026-09-05T19:06:35Z,mo-92601000,territory,,,,low,media,https://agryz-rt.ru/news/god-voinskoi-i-trudovoi-doblesti-v-respublike-tatarstan/v-agryze-otkryli-memorialnuiu-dosku-v-cest-ruslana-fatxullina,useful,87,False,1,1,True,False,False,ready,[],[],publish_now
evt_6a95c4d8deb29e27aa2ccbfd,,На улице Строителей в Елабуге временно отключили горячую воду из-за аварийных работ,reported,2026-08-31T13:19:00Z,2026-09-05T19:06:41Z,mo-92626101,street,улица Строителей,52.0171943,55.7616505,low,media,https://elabuga-rt.ru/news/novosti/na-ulice-stroitelei-v-elabuge-vremenno-otkliucili-goriacuiu-vodu-iz-za-avariinyx-rabot,useful,97,False,1,1,True,True,False,ready,[],[],publish_now
evt_8d8603ac77abae572e9d0618,,Әлмәтнең «Новация» идарәче компаниясе дәүләт торак инспекциясе штрафын кире кага алмады,unknown,2026-08-31T13:17:00Z,2026-09-05T19:06:38Z,mo-92608000,territory,,,,low,media,https://almet-rt.ru/news/mgyiyat/66359,context,0,False,1,1,False,False,False,needs_review,['not_editorially_useful'],[],context
evt_06e696043bd301aa23ebb06e,,Олы Мәңгәр китапханәсендә Айрат Шакиров белән очрашу үтте.,unknown,2026-08-31T13:07:06Z,2026-09-05T19:06:27Z,mo-92613410,territory,,,,low,media,https://t.me/atnatani/13972,context,0,False,1,1,False,False,False,needs_review,['not_editorially_useful'],[],context
evt_f4cb0fc7a6129e9b9e71476c,,В Кадряково открыли многофункциональный центр с Домом культуры и библиотекой,resolved,2026-08-31T13:07:00Z,2026-09-05T19:06:35Z,mo-92601438,settlement,Кадряково,53.1392541,56.1368832,low,media,https://agryz-rt.ru/news/nasha-zhizn/v-kadriakovo-otkryli-mnogofunkcionalnyi-centr-s-domom-kultury-i-bibliotekoi,useful,79,False,1,1,True,False,False,ready,[],[],publish_now
evt_887bff02549b32f56606f5a4,,"Белем йортының алдагы ел кимчелекләреннән арынып, төзәлеп килүе бер хәл – бу уңайдан биредә үз көчләре белән ремонт уздырганнар, зур яңарыш – ашханәгә капиталь",reported,2026-08-31T13:03:54Z,2026-09-05T19:06:27Z,mo-92613447,territory,,,,low,media,https://t.me/atnatani/13970,context,67,False,1,1,False,False,False,needs_review,['not_editorially_useful'],[],priority_review
evt_1333b32149784a3aa324db73,,Казанда эшмәкәрләр икенчел чимал җыю пунктлары өчен 1 млн сумга кадәр акча ала ала,unknown,2026-08-31T13:00:00Z,2026-09-05T19:06:42Z,mo-92628000,territory,,,,low,media,https://yashel-uzan.ru/news/yashәesh/kazanda-esmakarlar-ikencel-cimal-yiu-punktlary-ocen-1-mln-sumga-kadar-akca-ala-ala,context,16,False,1,1,False,False,False,needs_review,['not_editorially_useful'],[],priority_review
evt_70e545090ad7870da938fdfc,,Врио начальника Управления Госавтоинспекции республики Айрат Самигуллин призвал водителей и родителей уделить особое внимание безопасности детей на дорогах.,planned,2026-08-31T13:00:00Z,2026-09-05T19:06:40Z,mo-92622000,territory,,,,low,media,https://biektaw.ru/news/v-respublike/v-gosavtoinspekcii-tatarstana-napomnili-o-bezopasnosti-detei,context,36,False,1,1,False,False,False,needs_review,['not_editorially_useful'],[],priority_review
evt_bdf2140b52e0ccf792e1045a,,Познавательный час для детей прошел в Бавлинском районе,unknown,2026-08-31T12:54:00Z,2026-09-05T19:06:39Z,mo-92614000,territory,,,,low,media,https://bavly-tat.ru/news/obschestvo/poznavatelnyi-cas-dlia-detei-prosel-v-bavlinskom-raione,useful,79,False,1,1,True,False,False,ready,[],[],publish_now
evt_1e8165ad50bb68be5a5bf464,,С начала года статистика дорожных аварий в республике приобрела тревожный характер.,reported,2026-08-31T12:45:00Z,2026-09-05T19:06:42Z,mo-92634000,territory,,,,low,media,https://laishevskyi.ru/news/bezopasnost-doroznogo-dvizeniia/pocti-80-pogibsix-v-dtp-pesexodov-v-tatarstane-narusili-pravila-perexoda,context,16,False,1,1,False,False,False,needs_review,['not_editorially_useful'],[],priority_review
evt_3ef2964b0a41fc433bedd6db,,Оценки за поведение и запрет телефонов: что изменится в школах с 1 сентября,planned,2026-08-31T12:29:38Z,2026-09-05T19:06:30Z,mo-92629000,territory,,,,low,media,https://t.me/kaibicy/45801,context,16,False,1,1,False,False,False,needs_review,['not_editorially_useful'],[],priority_review
evt_50400575baca24ed17d2c669,,Роспотребнадзор разъяснил новые автоштрафы по системе «Честный знак»,unknown,2026-08-31T12:23:00Z,2026-09-05T19:06:41Z,mo-92627000,territory,,,,low,media,https://zainsk-inform.ru/news/obschestvo/rospotrebnadzor-razieiasnil-novye-avtostrafy-po-sisteme-cestnyi-znak,context,0,False,1,1,False,False,False,needs_review,['not_editorially_useful'],[],context
evt_ac8badba5b9a02b68b471de3,,"Ежегодно мы собираем экспертов и слушателей со всей страны и мира, чтобы обсудить развитие технологий",reported,2026-08-31T12:22:05Z,2026-09-05T19:06:25Z,RU-TA,territory,,,,low,media,https://t.me/universityinnopolis/3553,context,0,False,1,1,False,False,False,needs_review,['not_editorially_useful'],[],context
evt_cc1919d77914c41bedc4b5dc,,Три четверти погибших пешеходов в РТ переходили дорогу с нарушением ПДД,reported,2026-08-31T12:18:00Z,2026-09-05T19:06:35Z,mo-92601000,territory,,,,low,media,https://agryz-rt.ru/news/po-materialam-tatar-inform/tri-cetverti-pogibsix-pesexodov-v-rt-perexodili-dorogu-s-naruseniem-pdd,context,36,False,1,1,False,False,False,needs_review,['not_editorially_useful'],[],priority_review
evt_77b90f05965e6d5e1846d401,,Быел җәй «Колос» кинотеатр учреждениесе бинасына капиталь ремонт эшләре башланды.,in_progress,2026-08-31T12:16:00Z,2026-09-05T19:06:37Z,mo-92607000,territory,,,,low,media,https://alki-rt.ru/news/yaңalyiklar/alki-raiony-kolos-kinoteatr-binasy-ianadan-tozela,context,59,False,1,1,False,False,False,needs_review,['not_editorially_useful'],[],priority_review
evt_6722fdeca9de6396686ed4a5,,"С начала года в республике зафиксирован рост аварий с участием пешеходов в условиях недостаточной видимости, сообщили в Госавтоинспекции Татарстана По данным ве",reported,2026-08-31T12:12:00Z,2026-09-05T19:06:35Z,mo-92701000,territory,,,,low,media,https://agryz-rt.ru/news/po-materialam-tatar-inform/bolee-poloviny-pogibsix-na-dorogax-tatarstana-pesexodov-stali-zertvami-dtp-v-temnoe-vremia-sutok,useful,97,False,1,1,True,False,False,ready,[],[],publish_now
evt_37025eb36bc0b34b5f14ba8d,,Автоштрафы вместо проверок: как бизнесу Чистополя избежать цифровых санкций,reported,2026-08-31T12:10:00Z,2026-09-05T19:06:46Z,mo-92659101,territory,,,,low,media,https://chistopol-rt.ru/news/obschestvo/kak-biznes-cistopolia-mozet-izbezat-cifrovyx-sankcii,context,0,False,1,1,False,False,False,needs_review,['not_editorially_useful'],[],context
evt_3e7c2287458d720519492a20,,ВНИМАНИЕ ! ОТКЛЮЧЕНИЕ ВОДЫ!,reported,2026-08-31T12:07:44Z,2026-09-05T19:06:32Z,mo-92640000,territory,,,,low,media,https://t.me/smi_menzela/28715,useful,89,False,1,1,True,False,False,ready,[],[],publish_now
evt_b3a5911f58d108b7833ec210,,В Пестрецах двух водителей оштрафовали и лишили прав за пьяную езду,reported,2026-08-31T12:06:00Z,2026-09-05T19:06:45Z,mo-92648455,territory,,,,low,media,https://pestrecy-rt.ru/news/bezopasnoe-dvizhenie/v-pestrecax-dvux-voditelei-ostrafovali-i-lisili-prav-za-pianuiu-ezdu,context,46,False,1,1,False,False,False,needs_review,['not_editorially_useful'],[],priority_review
evt_cd90a2a95af9882d7e5974c0,,"Всего с начала года на дорогах республики под колёса машин попали 457 человек, из них 435 получили травмы.",reported,2026-08-31T12:00:00Z,2026-09-05T19:06:40Z,mo-92701000,territory,,,,low,media,https://vuslon.ru/news/respublikanskie-novosti/gosavtoinspekciia-tatarstana-prizvala-pesexodov-ispolzovat-svetovozvrashhateli,context,46,False,1,1,False,False,False,needs_review,['not_editorially_useful'],[],priority_review
evt_94949e1741b9ef038c3e75f3,,Иске Сережкино буасын ремонтладылар,unknown,2026-08-31T11:46:00Z,2026-09-05T19:06:46Z,mo-92658460,territory,,,,low,media,https://nashcheremshan.ru/news/bezga-yazalar/iske-serezkino-buasyn-remontladylar,context,16,False,1,1,False,False,False,needs_review,['not_editorially_useful'],[],priority_review
evt_a5522391c190d04a402681f9,,С 1 сентября вводится механизм «автоштрафов» в отношении маркированной продукции,unknown,2026-08-31T11:46:00Z,2026-09-05T19:06:43Z,mo-92638000,territory,,,,low,media,https://mamadysh-rt.ru/news/obshchestvo/s-1-sentiabria-vvoditsia-mexanizm-avtostrafov-v-otnosenii-markirovannoi-produkcii,context,20,False,1,1,False,False,False,needs_review,['not_editorially_useful'],[],priority_review
evt_6b08a870f985c504aed62bdf,,Госавтоинспекция РТ зафиксировала рост аварий с гибелью пешеходов,reported,2026-08-31T11:40:00Z,2026-09-05T19:06:40Z,mo-92624000,territory,,,,low,media,https://chuprale-online.ru/news/obschestvo/gosavtoinspekciia-rt-zafiksirovala-rost-avarii-s-gibeliu-pesexodov,context,16,False,1,1,False,False,False,needs_review,['not_editorially_useful'],[],priority_review
evt_90912504116a8e929b51955d,,Новый детский сад на улице Азина в Елабуге проходит проверку Госстройнадзора,reported,2026-08-31T11:27:00Z,2026-09-05T19:06:41Z,mo-92626101,territory,,,,low,media,https://elabuga-rt.ru/news/novosti/novyi-detskii-sad-na-ulice-azina-v-elabuge-proxodit-proverku-gosstroinadzora,context,46,False,1,1,False,False,False,needs_review,['not_editorially_useful'],[],priority_review
evt_411e3afaa13f87c017ceded5,,Наш первокурсник магистратуры «Информационное технологическое предпринимательство» Артур Уркин запустил маркетплейс лизинга «ЛизХаб» и уже вышел на выручку в 193 млн рублей,reported,2026-08-31T11:24:01Z,2026-09-05T19:06:25Z,RU-TA,territory,,,,low,media,https://t.me/universityinnopolis/3552,context,16,False,1,1,False,False,False,needs_review,['not_editorially_useful'],[],priority_review
evt_7765d55459363b3847f8bfc1,,Штрафы за отчётность в Татарстане можно оплатить со скидкой 50%,unknown,2026-08-31T11:16:00Z,2026-09-05T19:06:47Z,mo-92632000,territory,,,,low,media,https://spas-rt.ru/news/obschestvo/strafy-za-otcetnost-v-tatarstane-mozno-oplatit-so-skidkoi-50,context,0,False,1,1,False,False,False,needs_review,['not_editorially_useful'],[],context
evt_ef36185e2c91fa792e89016d,,Мәләкәс елгасы аша күпернең икенче ягын ремонтлыйлар,reported,2026-08-31T11:11:00Z,2026-09-05T19:06:47Z,mo-92730000,territory,,,,low,media,https://shahrichalli.ru/news/kich-bgen-irtg/malakas-elgasy-asa-kupernen-ikence-iagyn-remontlyilar,context,16,False,1,1,False,False,False,needs_review,['not_editorially_useful'],[],priority_review
evt_878a317da3d54103d75aaeff,,"Организаторы открыли регистрацию на IT-состязание «Татар.Бу», названное в честь профессора Р.Г.",resolved,2026-08-31T11:05:00Z,2026-09-05T19:06:43Z,mo-92634000,territory,,,,low,media,https://laishevskyi.ru/news/kriminal/rasskazyvaem-kak-skolnikam-i-studentam-popast-v-final-kazan-digital-week,useful,87,False,1,1,True,False,False,ready,[],[],publish_now
evt_308ba87b524f9c2ae65c7b82,,В Малолызинском сельском поселении открыли памятный стенд в честь героев-земляков,resolved,2026-08-31T11:00:00Z,2026-09-05T19:06:39Z,mo-92615000,territory,,,,low,media,https://baltaci.ru/news/trud/v-malolyzinskom-selskom-poselenii-otkryli-pamiatnyi-stend-v-cest-geroev-zemliakov,useful,79,False,1,1,True,False,False,ready,[],[],publish_now
evt_ea0b6995faad0dd67ccf5ce0,,Россиядә 6 категориядәге гражданнарның ике пенсия алу хокукы бар,unknown,2026-08-31T11:00:00Z,2026-09-05T19:06:44Z,mo-92642000,territory,,,,low,media,https://muslumirc.ru/news/aktual/rossiiada-6-kategoriiadage-grazdannarnyn-ike-pensiia-alu-xokuky-bar,context,0,False,1,1,False,False,False,needs_review,['not_editorially_useful'],[],context
evt_5f0919167212c0805902225a,,Олы Мәңгәр китапханәсендә Айрат Шакиров белән очрашу үтте,unknown,2026-08-31T10:58:00Z,2026-09-05T19:06:38Z,mo-92613410,territory,,,,low,media,https://atnya-rt.ru/news/beznen-geroilar/oly-mangar-kitapxanasenda-airat-sakirov-belan-ocrasu-utte,context,0,False,1,1,False,False,False,needs_review,['not_editorially_useful'],[],context
evt_e658a8a25d00368d34e35221,,С начала года в Республике Татарстан зафиксирован резкий рост числа смертельных аварий с участием пешеходов.,unknown,2026-08-31T10:36:00Z,2026-09-05T19:06:46Z,mo-92655000,territory,,,,low,media,https://tetyushy.ru/news/okno-gibdd/svyse-poloviny-dtp-s-pesexodami-v-tatarstane-proizoslo-v-temnoe-vremia-sutok,context,0,False,1,1,False,False,False,needs_review,['not_editorially_useful'],[],context
evt_47f93b6ca7fc8f806eeaab8d,,Многодетные семьи и детей участников СВО пригласили на ледовое представление,unknown,2026-08-31T10:33:00Z,2026-09-05T19:06:43Z,mo-92701000,territory,,,,low,media,https://mamadysh-rt.ru/news/obshchestvo/mnogodetnye-semi-i-detei-ucastnikov-svo-priglasili-na-ledovoe-predstavlenie,context,20,False,1,1,False,False,False,needs_review,['not_editorially_useful'],[],priority_review
evt_f98b4a993665eda193843693,,В Старом Сережкине отремонтировали плотину,resolved,2026-08-31T10:26:38Z,2026-09-05T19:06:34Z,mo-92658460,settlement,Старое Серёжкино,51.6478399,54.5849206,low,media,https://t.me/n_chrmshn/18526,useful,87,False,1,1,True,False,False,ready,[],[],publish_now
evt_6496de12351568535da8318f,,В школе №6 Заинска открылась обновлённая столовая после капремонта,resolved,2026-08-31T10:23:00Z,2026-09-05T19:06:41Z,mo-92627101,building,"проспект Победы, 17",51.9848475,55.2910747,low,media,https://zainsk-inform.ru/news/obschestvo/v-skole-6-zainska-otkrylas-obnovlennaia-stolovaia-posle-kapremonta,useful,87,False,1,1,True,True,False,ready,[],[],publish_now
evt_88a28f8bc78ccecaed988ab3,,2026 елда Казан мәгарифен финанслауны миллиард сумга арттырдылар,unknown,2026-08-31T10:21:00Z,2026-09-05T19:06:39Z,mo-92615151,territory,,,,low,media,https://baltaci.ru/news/magarif/2026-elda-kazan-magarifen-finanslauny-milliard-sumga-arttyrdylar,context,16,False,1,1,False,False,False,needs_review,['not_editorially_useful'],[],priority_review
evt_9f09616efdb591b854364c8d,,Центр развития футбола открыт в Казани,resolved,2026-08-31T10:08:00Z,2026-09-05T19:06:47Z,mo-92701000,settlement,Казань,49.1115022,55.7946485,low,media,https://tvchelny.ru/news/tsentralnye-novosti/centr-razvitiia-futbola-otkryt-v-kazani,useful,79,False,29,29,True,False,False,ready,[],[],publish_now
evt_18cd5c7e8b9b2dc31ae39cf0,,В темноте — без световозвращателей: трагическая статистика,reported,2026-08-31T10:05:00Z,2026-09-05T19:06:41Z,mo-92627101,territory,,,,low,media,https://zainsk-inform.ru/news/obschestvo/23-pesexoda-pogibli-v-tatarstane-v-temnote-s-nacala-goda,useful,87,False,1,1,True,False,False,ready,[],[],publish_now
evt_82c73e3722efff04b1a55dfb,,"1 сентября, в связи с плановыми ремонтными работами будет временно приостановлена подача газа в Камском Устье.",paused,2026-08-31T10:04:01Z,2026-09-05T19:06:30Z,mo-92630151,settlement,Камское Устье,49.2680082,55.2015629,low,media,https://t.me/volzhskie/36001,useful,79,False,1,1,True,False,False,ready,[],[],publish_now
evt_2e2bc875b835319efdaa42f2,,В Бугульме проводили контрактников в зону СВО и на охрану объектов,unknown,2026-08-31T10:02:00Z,2026-09-05T19:06:39Z,mo-92617101,settlement,Бугульма,52.7955953,54.5384152,low,media,https://bugulma-tatarstan.ru/news/news/v-bugulme-provodili-kontraktnikov-v-zonu-svo-i-na-oxranu-obieektov,context,20,False,1,1,False,False,False,needs_review,['not_editorially_useful'],[],priority_review
evt_8a125888e3b0c9fe5c66958a,,Многодетные семьи и детей участников СВО пригласили на ледовое шоу в Казани,unknown,2026-08-31T09:53:00Z,2026-09-05T19:06:43Z,mo-92701000,settlement,Казань,49.1115022,55.7946485,low,media,https://leninogorsk-rt.ru/news/novostnaya-lenta/mnogodetnye-semi-i-detei-ucastnikov-svo-priglasili-na-ledovoe-sou-v-kazani,context,20,False,1,1,False,False,False,needs_review,['not_editorially_useful'],[],priority_review
evt_27133643d07bcffd32cfc9e4,,Пожары в Татарстане за период с 24 по 30 августа,reported,2026-08-31T09:19:00Z,2026-09-05T15:48:53Z,mo-92615430,territory,,,,medium,official,https://16.mchs.gov.ru/deyatelnost/press-centr/novosti/5819013,context,0,False,2,1,False,False,False,needs_review,['not_editorially_useful'],[],context
evt_34292500ddb109572cee8252,,Происшествия на водоёмах Республики Татарстан,reported,2026-08-31T09:19:00Z,2026-09-05T15:48:53Z,mo-92615430,territory,,,,medium,official,https://16.mchs.gov.ru/deyatelnost/press-centr/novosti/5819013,context,0,False,2,1,False,False,False,needs_review,['not_editorially_useful'],[],context
evt_c87fba3c5ef9f7c44464387e,,Әлмәт дәүләт автоинспекциясе Төзүчеләр проспектында яшүсмерне бәрдергән машина йөртүчене эзли,reported,2026-08-31T09:04:53Z,2026-09-05T19:06:27Z,mo-92608101,street,улица Шевченко,52.2547375,54.8992325,low,media,https://t.me/atannary/29007,context,30,False,1,1,False,False,False,needs_review,['not_editorially_useful'],[],priority_review
evt_6b91716250ecba7a652b0602,,Стартует прием заявок на хакатон «Татар.Бу» — победители выступят на Kazan Digital Week,reported,2026-08-31T09:00:00Z,2026-09-05T19:06:45Z,mo-92646000,territory,,,,low,media,https://nurlat-tat.ru/news/novosti/startuet-priem-zaiavok-na-xakaton-tatarbu-pobediteli-vystupiat-na-kazan-digital-week,useful,70,False,1,1,True,False,False,ready,[],[],publish_now
evt_11ea6eb0f160167356c09e99,,"Надеемся, что будут предприниматели, которые хотят на этой ниве построить успешный бизнес», – подчеркнул мэр Казани Ильсур Метшин.",unknown,2026-08-31T08:50:41Z,2026-09-05T19:06:49Z,mo-92701000,territory,,,,low,official,https://t.me/avianovsav/6299,context,36,False,2,2,False,False,False,needs_review,['not_editorially_useful'],[],priority_review
evt_566b4dfbd06cea981a44e21e,,В Бугульме открыли стелу в честь просветителя Хади Атласи,resolved,2026-08-31T08:41:00Z,2026-09-05T19:06:39Z,mo-92617101,settlement,Бугульма,52.7955953,54.5384152,low,media,https://bugulma-tatarstan.ru/news/news/v-bugulme-otkryli-stelu-v-cest-prosvetitelia-xadi-atlasi,useful,79,False,1,1,True,False,False,ready,[],[],publish_now
evt_c3f8a9533bc3bde1b1e80f8c,,Один день — три больших праздника,reported,2026-08-31T08:32:17Z,2026-09-05T19:06:34Z,mo-92658462,territory,,,,low,media,https://t.me/n_chrmshn/18523,context,36,False,1,1,False,False,False,needs_review,['not_editorially_useful'],[],priority_review
evt_ee94abbf98811ad13e857854,,На праздновании Дня Республики Татарстан у Центра семьи «Казан» открылась выставка центра «Патриот».,resolved,2026-08-31T08:25:00Z,2026-09-05T19:06:44Z,mo-92701000,territory,,,,low,media,https://novoshishminsk.ru/news/v-respublike/centr-patriot-ucit-takticeskoi-medicine-u-casi,context,59,False,1,1,False,False,False,needs_review,['not_editorially_useful'],[],priority_review
evt_a147d36a049c6f4e11797712,,Уку елы алдыннан Лениногорск янгын сүндерүчеләре янгын куркынычсызлыгы турында искә төшерә,reported,2026-08-31T08:16:00Z,2026-09-05T19:06:43Z,mo-92636101,territory,,,,low,media,https://zamansulyshy.ru/news/yanaliklar/uku-ely-aldynnan-leninogorsk-iangyn-sunderucelare-iangyn-kurkynycsyzlygy-turynda-iska-tosera,context,0,False,1,1,False,False,False,needs_review,['not_editorially_useful'],[],context
evt_7febc3b9eb86a061ea729e0f,,В Лаишевском райое задержали водителя с чересчур тёмными стёклами,unknown,2026-08-31T08:12:00Z,2026-09-05T19:06:43Z,mo-92634101,territory,,,,low,media,https://laishevskyi.ru/news/bezopasnost-doroznogo-dvizeniia/v-laisevskom-raioe-zaderzali-voditelia-s-cerescur-temnymi-steklami,context,20,False,1,1,False,False,False,needs_review,['not_editorially_useful'],[],priority_review
evt_917df3f968afda5deb4998f8,,Ледовая феерия для семей героев: как Татарстан дарил праздник,unknown,2026-08-31T08:10:00Z,2026-09-05T19:06:41Z,mo-92624000,territory,,,,low,media,https://chuprale-online.ru/news/obschestvo/ledovaia-feeriia-dlia-semei-geroev-kak-tatarstan-daril-prazdnik,context,0,False,1,1,False,False,False,needs_review,['not_editorially_useful'],[],context
evt_cebc62c8ed94bed9b3f4d1cd,,Приём заявок уже открыт и продлится до 7 сентября.,resolved,2026-08-31T08:01:00Z,2026-09-05T19:06:43Z,mo-92638000,territory,,,,low,media,https://mamadysh-rt.ru/news/obshchestvo/pobediteli-xakatona-tatarbu-vystupiat-na-kazan-digital-week,context,59,False,1,1,False,False,False,needs_review,['not_editorially_useful'],[],priority_review
evt_ebfa032333a5ebb57c91d964,,История отца привела Лену Усманову на фабрику в Дубъязах,reported,2026-08-31T08:00:00Z,2026-09-05T19:06:40Z,mo-92622000,territory,,,,low,media,https://biektaw.ru/news/v-selskih-poseleniyah/istoriia-otca-privela-lenu-usmanovu-na-fabriku-v-dubieiazax,context,36,False,1,1,False,False,False,needs_review,['not_editorially_useful'],[],priority_review
evt_e7a74338528f200b306fcd84,,Ветераны СВО Камского Устья занимаются спортом и путешествуют по стране,reported,2026-08-31T07:56:01Z,2026-09-05T19:06:30Z,mo-92630000,territory,,,,low,media,https://t.me/volzhskie/35998,context,20,False,1,1,False,False,False,needs_review,['not_editorially_useful'],[],priority_review
evt_dac4ec83f1b6f0cd70f30b77,,"2026 елда картлык буенча иминият пенсиясен билгеләү өчен бер үк вакытта өч шартны үтәргә кирәк: кимендә 30 индивидуаль пенсия коэффициенты (ИПК) җыярга, кимендә 15 ел иминият стажы булырга һәм билгеләнгән яшькә җитәргә. Бу хакта RT белән әңгәмәдә Россия Хөкүмәте каршындагы Финанс университеты доценты Игорь Балынин сөйләде.",unknown,2026-08-31T07:51:41Z,2026-09-05T19:06:31Z,mo-92636000,territory,,,,low,media,https://t.me/zamansulyshy/17315,context,0,False,1,1,False,False,False,needs_review,['not_editorially_useful'],[],context
evt_08fa68fcc93b53c2a21bb439,,"Ежков исемендәге Арча 1нче урта мәктәбе, шулай ук Иске Кырлай һәм Разъезд-Корса төп мәктәпләрендә ремонт эшләре башкарылган.",reported,2026-08-31T07:50:12Z,2026-09-05T19:06:27Z,mo-92612151,territory,,,,low,media,https://t.me/arskmedia/27529,context,59,False,1,1,False,False,False,needs_review,['not_editorially_useful'],[],priority_review
evt_ad55d723daa34ddefd9bc02d,,Мышиная лихорадка» не отступает осенью: рекомендации для жителей Бавлинского района,unknown,2026-08-31T07:49:00Z,2026-09-05T19:06:39Z,mo-92614000,territory,,,,low,media,https://bavly-tat.ru/news/zdorove/mysinaia-lixoradka-ne-otstupaet-oseniu-rekomendacii-dlia-zitelei-bavlinskogo-raiona,context,16,False,1,1,False,False,False,needs_review,['not_editorially_useful'],[],priority_review
evt_3f087179d272cd9386633bb5,,Приём заявок для IT‑разработчиков открыт на хакатон «Татар.Бу»,resolved,2026-08-31T07:09:00Z,2026-09-05T19:06:39Z,mo-92614000,territory,,,,low,media,https://bavly-tat.ru/news/obschestvo/priem-zaiavok-dlia-itrazrabotcikov-otkryt-na-xakaton-tatarbu,context,59,False,1,1,False,False,False,needs_review,['not_editorially_useful'],[],priority_review
evt_e578ebe9c7005eaae9da466e,,"За год отремонтировали 12 улиц, благоустраивают 3 двора по программе «Наш двор», всего за 5 лет — более 40 объектов.",resolved,2026-08-31T07:06:00Z,2026-09-05T19:06:39Z,mo-92617460,street,Школьная улица,52.7843521,54.5722661,low,media,https://bugulma-tatarstan.ru/news/news/glava-bugulminskogo-raiona-provel-sxod-grazdan-v-berezovskom-selskom-poselenii,useful,97,False,1,1,True,True,False,ready,[],[],publish_now
evt_2e4a4013ba52202b033141c2,,"В Тетюшском районе родителям рассказали, как защитить ребёнка в сети",reported,2026-08-31T06:50:00Z,2026-09-05T19:06:46Z,mo-92655000,territory,,,,low,media,https://tetyushy.ru/news/obshchestvo/v-tetiusskom-raione-roditeliam-rasskazali-kak-zashhitit-rebenka-v-seti,context,36,False,1,1,False,False,False,needs_review,['not_editorially_useful'],[],priority_review
evt_1ef2c0e2b0848b137fa6fc12,,"Фитнес-тренер объяснил, какие упражнения делать для осанки спины",unknown,2026-08-31T06:24:00Z,2026-09-05T19:06:45Z,mo-92648000,territory,,,,low,media,https://pestrecy-rt.ru/news/zdravoohranenie/fitnes-trener-obieiasnil-kakie-uprazneniia-delat-dlia-osanki-spiny,context,0,False,1,1,False,False,False,needs_review,['not_editorially_useful'],[],context
evt_1305af4f64be397fc1b439d2,,В Камском Устье 1 сентября отключат газ,planned,2026-08-31T06:18:00Z,2026-09-05T19:06:42Z,mo-92630151,settlement,Камское Устье,49.2680082,55.2015629,low,media,https://kamskoe-ustie.ru/news/obshestvo/v-kamskom-uste-1-sentiabria-otkliucat-gaz,useful,79,False,1,1,True,False,False,ready,[],[],publish_now
evt_2a92fe7c2ced5ff653934823,,2026 елда Казан мәгарифен финанслауны миллиард сумга арттырдылар,unknown,2026-08-31T06:03:00Z,2026-09-05T19:06:46Z,mo-92701000,territory,,,,low,media,https://tulachi.ru/news/v-respublike/2026-elda-kazan-magarifen-finanslauny-milliard-sumga-arttyrdylar,context,16,False,1,1,False,False,False,needs_review,['not_editorially_useful'],[],priority_review
evt_213a2b05bc49e9f9b819b527,,На праздновании Дня Республики Татарстан у Центра семьи «Казан» открылась выставка Республиканского центра спортивно-патриотической и допризывной подготовки мол,resolved,2026-08-31T05:41:00Z,2026-09-05T19:06:42Z,mo-92701000,territory,,,,low,media,https://kaibicy.ru/news/novosti/ucim-takticeskoi-medicine-u-casi-rabotaet-vystavka-centra-patriot,context,59,False,3,3,False,False,False,needs_review,['not_editorially_useful'],[],priority_review
evt_a90255c01cb970fe2467297f,,У «Чаши» открылась выставка центра «Патриот»: гостей учат тактической медицине и работе с БПЛА,resolved,2026-08-31T05:40:00Z,2026-09-05T19:06:46Z,mo-92701000,territory,,,,low,media,https://tetyushy.ru/news/beznengeroilar/u-casi-otkrylas-vystavka-centra-patriot-gostei-ucat-takticeskoi-medicine-i-rabote-s-bpla,useful,79,False,1,1,True,False,False,ready,[],[],publish_now
evt_32f7a1e57821c0868454c47d,,Камиль Гильфанов из села Верхние Пинячи трудится слесарем по эксплуатации и ремонту газового оборудования Заинской районной эксплуатационной газовой службы,unknown,2026-08-31T05:22:00Z,2026-09-05T19:06:41Z,mo-92627432,territory,,,,low,media,https://zainsk-inform.ru/news/obschestvo/k-slesariu-gazovoi-sluzby-kamiliu-gilfanovu-idut-za-sovetom-i-pomoshhiu-bolee-30-let,context,0,False,1,1,False,False,False,needs_review,['not_editorially_useful'],[],context
evt_03e363060beebb00c9587b5b,,Татарстан Республикасы Көнендә контракт буенча хезмәткә сайлап алу мобиль пункты ачылды,unknown,2026-08-31T04:08:00Z,2026-09-05T19:06:39Z,mo-92615000,territory,,,,low,media,https://baltaci.ru/news/kon-temasy/tatarstan-respublikasy-konenda-kontrakt-buenca-xezmatka-sailap-alu-mobil-punkty-acyldy,context,59,False,1,1,False,False,False,needs_review,['not_editorially_useful'],[],priority_review
evt_legacy_564a90f75011a3eda703fcd7,public-2ab3cafefc02591a,"Нобелевский лауреат на «PROнауке в КФУ» рассказал, как выжить в эпоху искусственного интеллекта и климатического кризиса",unknown,2026-08-31T00:00:00Z,2026-09-04T15:47:33Z,RU-TA,territory,,,,high,official,https://media.kpfu.ru/news/nobelevskiy-laureat-na-pronauke-v-kfu-rasskazal-kak-vyzhit-v-epokhu-iskusstvennogo-intellekta,noise,20,True,1,0,False,False,False,needs_review,"['missing_primary_evidence', 'not_editorially_useful']",[],hide_noise
evt_legacy_ce9b6d330f540bb5952ff767,public-247e9f86f2a82534,В КФУ рассказали о главных правилах подбора образа для мам на 1 сентября,unknown,2026-08-31T00:00:00Z,2026-09-04T15:47:33Z,RU-TA,territory,,,,high,official,https://media.kpfu.ru/news/v-kfu-rasskazali-o-glavnykh-pravilakh-stilya-dlya-mam-na-1-sentyabrya,context,0,True,1,0,False,False,False,needs_review,"['missing_primary_evidence', 'not_editorially_useful']",[],context
evt_legacy_e07ed172694b2af23a9cf53d,public-3eb7b2a49577b85e,#ИтогиНедели Обстановка с пожарами и происшествиями на воде c 24 по 30 августа,unknown,2026-08-31T00:00:00Z,2026-09-04T15:47:34Z,RU-TA,territory,,,,high,official,https://16.mchs.gov.ru/deyatelnost/press-centr/novosti/5819013,context,0,True,1,0,False,False,False,needs_review,"['missing_primary_evidence', 'not_editorially_useful']",[],context
evt_legacy_f62aba737d3cca3913828d70,public-66ab63b7d82e3220,‎Напутствие первоклассникам: нижнекамские пожарные подарили детям яркий праздник,unknown,2026-08-31T00:00:00Z,2026-09-04T15:47:34Z,RU-TA,territory,,,,high,official,https://16.mchs.gov.ru/deyatelnost/press-centr/novosti/5819103,context,0,True,1,0,False,False,False,needs_review,"['missing_primary_evidence', 'not_editorially_useful']",[],context
evt_3503a10522443a02646ad492,,Хөрмәтле Арча районы халкы!,unknown,2026-08-30T18:51:26Z,2026-09-05T19:06:27Z,mo-92612151,territory,,,,low,media,https://t.me/arskmedia/27513,context,0,False,1,1,False,False,False,needs_review,['not_editorially_useful'],[],context
evt_c90ead585d1acf80e4bec58a,,Татарстан Рәисе Рөстәм Миңнеханов Республика көне белән котлады,unknown,2026-08-30T18:41:00Z,2026-09-05T19:06:27Z,mo-92612000,territory,,,,low,media,https://t.me/arskmedia/27512,context,0,False,1,1,False,False,False,needs_review,['not_editorially_useful'],[],context
evt_fc0b287dd8c72a4f49bd76fd,,У «Чаши» открылась выставка центра «Патриот»,resolved,2026-08-30T17:50:00Z,2026-09-05T19:06:40Z,mo-92620000,territory,,,,low,media,https://vuslon.ru/news/obschestvo/u-casi-otkrylas-vystavka-centra-patriot,context,59,False,1,1,False,False,False,needs_review,['not_editorially_useful'],[],priority_review
evt_653314e492154591360c387f,,На Дне республики в Казани открылся пункт отбора на контрактную службу,resolved,2026-08-30T17:03:00Z,2026-09-05T19:06:44Z,mo-92701000,settlement,Казань,49.1115022,55.7946485,low,media,https://mendeleevskyi.ru/news/v-respublike-1708003091/na-dne-respubliki-v-kazani-otkrylsia-punkt-otbora-na-kontraktnuiu-sluzbu,useful,79,False,1,1,True,False,False,ready,[],[],publish_now
evt_796ec6ad55ff78f2b37dd204,,В Казани открыли мобильный пункт отбора на контракт на Дне республики,resolved,2026-08-30T17:00:00Z,2026-09-05T19:06:41Z,mo-92701000,settlement,Казань,49.1115022,55.7946485,low,media,https://zpravda.ru/news/novosti/v-kazani-otkryli-mobilnyi-punkt-otbora-na-kontrakt-na-dne-respubliki,useful,79,False,1,1,True,False,False,ready,[],[],publish_now
evt_85777afe9fe07654ec059055,,Мобильный пункт набора контрактников открылся в День Республики,resolved,2026-08-30T16:47:00Z,2026-09-05T19:06:43Z,mo-92701000,territory,,,,low,media,https://mamadysh-rt.ru/news/obshchestvo/mobilnyi-punkt-nabora-kontraktnikov-otkrylsia-v-den-respubliki,useful,79,False,1,1,True,False,False,ready,[],[],publish_now
evt_38d13bb44b83418908af68b8,,На праздновании Дня республики открылся пункт отбора на службу по контракту,resolved,2026-08-30T16:38:00Z,2026-09-05T19:06:43Z,mo-92701000,settlement,Казань,49.1115022,55.7946485,low,media,https://leninogorsk-rt.ru/news/novostnaya-lenta/na-prazdnovanii-dnia-respubliki-otkrylsia-punkt-otbora-na-sluzbu-po-kontraktu,useful,79,False,2,2,True,False,False,ready,[],[],publish_now
evt_f6c6f425b72d138cd292bceb,,"Сегодня, в рамках празднования Дня Республики Татарстан, на территории у Центра семьи «Казан» открылась масштабная выставка Республиканского центра спортивно-па",resolved,2026-08-30T16:19:00Z,2026-09-05T19:06:42Z,mo-92701000,territory,,,,low,media,https://kamskoe-ustie.ru/news/patrioticheskoe-vospitanie/takticeskaia-medicina-bpla-i-zarplaty-do-milliona-rublei,context,59,False,1,1,False,False,False,needs_review,['not_editorially_useful'],[],priority_review
evt_40daa75ebbb14babc3ce6d94,,Пункт отбора на военную службу по контракту работал на праздновании Дня республики,unknown,2026-08-30T16:12:00Z,2026-09-05T19:06:39Z,mo-92614000,territory,,,,low,media,https://bavly-tat.ru/news/obschestvo/punkt-otbora-na-voennuiu-sluzbu-po-kontraktu-rabotal-na-prazdnovanii-dnia-respubliki,context,0,False,1,1,False,False,False,needs_review,['not_editorially_useful'],[],context
evt_99a6f5a4d384a0f647c0bab6,,Пункт отбора на службу по контракту развернули на празднике в честь Дня республики,unknown,2026-08-30T16:10:00Z,2026-09-05T19:06:46Z,mo-92701000,territory,,,,low,media,https://chistopol-rt.ru/news/obschestvo/punkt-otbora-na-sluzbu-po-kontraktu-razvernuli-na-prazdnike-v-cest-dnia-respubliki,context,0,False,1,1,False,False,False,needs_review,['not_editorially_useful'],[],context
evt_381059e9e9215c015885db15,,Сегодня в Новом Ибрайкине состоялось открытие дороги после капитального ремонта.,resolved,2026-08-30T14:30:00Z,2026-09-05T19:06:38Z,mo-92604430,settlement,Новое Ибрайкино,51.1654878,54.8679981,low,media,https://aksubayevo.ru/news/news/v-novom-ibraikine-aksubaevskogo-raiona-prolozili-novuiu-dorogu,context,20,False,1,1,False,False,False,needs_review,['not_editorially_useful'],[],priority_review
evt_df7952824c7fb45293e8e266,,Әлмәтнең контроль-хисап палатасы хезмәткәрләре Әлмәтне округ дәрәҗәсендә лаеклы тәкъдим иттеләр,unknown,2026-08-30T14:19:53Z,2026-09-05T19:06:27Z,mo-92608000,territory,,,,low,media,https://t.me/atannary/28992,context,0,False,1,1,False,False,False,needs_review,['not_editorially_useful'],[],context
evt_a08e17b24e76b403f2df1101,,Әлмәт районыннан күп балалы гаиләгә яңа автомобиль тапшырдылар,reported,2026-08-30T14:19:09Z,2026-09-05T19:06:27Z,mo-92608101,territory,,,,low,media,https://t.me/atannary/28990,context,0,False,1,1,False,False,False,needs_review,['not_editorially_useful'],[],context
evt_fc86dbc4bf1e700057776eb7,,Өчнаратта спорт мәйданчыгы ачылды/фоторепортаж,reported,2026-08-30T13:31:00Z,2026-09-05T19:06:45Z,mo-92652000,territory,,,,low,media,https://saby-rt.ru/news/fotoreportazhlar/ocnaratta-sport-maidancygy-acyldyfotoreportaz,context,59,False,1,1,False,False,False,needs_review,['not_editorially_useful'],[],priority_review
evt_154c02984655bd87c8e92c3e,,В деревне Карасе Аксубаевского района открыли новую дорогу,resolved,2026-08-30T13:30:00Z,2026-09-05T19:06:38Z,mo-92604414,settlement,Караса,50.6776236,54.7416484,low,media,https://aksubayevo.ru/news/news/v-derevne-karase-aksubaevskogo-raiona-otkryli-novuiu-dorogu,useful,87,False,1,1,True,False,False,ready,[],[],publish_now
evt_50ecddca61130b15e49291cc,,"Территорию ремонтировали по программе «Наш двор», а главной концепцией стали «Сказки народов Поволжья». — ул.Маршала Чуйкова",resolved,2026-08-30T12:22:20Z,2026-09-05T19:06:49Z,mo-92701000,street,улица Маршала Чуйкова,49.1137898,55.8360412,low,official,https://t.me/avianovsav/6293,context,30,False,1,1,False,False,False,needs_review,['not_editorially_useful'],[],priority_review
evt_e82f9e8e70511e64ea47bcd0,,"Территорию ремонтировали по программе «Наш двор», а главной концепцией стали «Сказки народов Поволжья». — ул.Ф.Амирхана",resolved,2026-08-30T12:22:20Z,2026-09-05T19:06:49Z,mo-92701000,territory,,,,low,official,https://t.me/avianovsav/6293,context,30,False,1,1,False,False,False,needs_review,['not_editorially_useful'],[],priority_review
evt_e54d98ccb583e99996c59f69,,Декретка чыгу пенсия күләменә йогынты ясый икәнен аңлатты белгеч,unknown,2026-08-30T12:01:00Z,2026-09-05T19:06:43Z,mo-92636000,territory,,,,low,media,https://zamansulyshy.ru/news/jemgyiyat/dekretka-cygu-pensiia-kulamena-iogynty-iasyi-ikanen-anlatty-belgec,context,0,False,1,1,False,False,False,needs_review,['not_editorially_useful'],[],context
evt_bfd3b7e990a4b131e14109b0,,На территории КНИТУ-КАИ им.Туполева открылся интерактивный музей техники на базе сверхзвукового пассажирского самолета Ту-144.,resolved,2026-08-30T11:59:01Z,2026-09-05T19:06:48Z,mo-92701000,building,"улица Четаева, 18А",49.136138900122546,55.82083405,low,official,https://t.me/kzn_official/23518,useful,89,False,1,1,True,True,False,ready,[],[],publish_now
evt_4a4bd09a2dd5ae79183b2123,,"Татьяна Сахаухова, сотрудник ЦРБ:",reported,2026-08-30T11:51:01Z,2026-09-05T19:06:32Z,mo-92640000,territory,,,,low,media,https://t.me/smi_menzela/28697,context,16,False,1,1,False,False,False,needs_review,['not_editorially_useful'],[],priority_review
evt_72bbbf21cf1117e8ff8f4dba,,В Заинске состоялось открытие Дворца единоборств в праздничный день,reported,2026-08-30T11:49:00Z,2026-09-05T19:06:41Z,mo-92627101,settlement,Заинск,52.0056047,55.2866509,low,media,https://zainsk-inform.ru/news/obschestvo/v-zainske-sostoialos-otkrytie-dvorca-edinoborstv-v-prazdnicnyi-den,context,20,False,1,1,False,False,False,needs_review,['not_editorially_useful'],[],priority_review
evt_f84f24939a9a4d1602b464a4,,В Бугульме открыли новые корпуса лицея № 2 и школы № 6,resolved,2026-08-30T11:09:00Z,2026-09-05T19:06:39Z,mo-92617101,settlement,Бугульма,52.7955953,54.5384152,low,media,https://bugulma-tatarstan.ru/news/news/v-bugulme-otkryli-novye-korpusa-liceia-2-i-skoly-6,useful,87,False,1,1,True,False,False,ready,[],[],publish_now
evt_b400e324e238e37d68abfb58,,"Сегодня открыли благоустроенный двор домов №77, 79, 81, 83, 85 по ул.Амирхана и дома №37 по ул.Чуйкова площадью больше 34 тыс.",resolved,2026-08-30T10:45:00Z,2026-09-05T19:06:48Z,mo-92701000,territory,,,,low,official,https://t.me/kvb_kzn/3856,useful,89,False,1,1,True,False,False,ready,[],[],publish_now
evt_bef68361c39529ed48d46165,,"Премьер-министр РТ Алексей Песошин и мэр Казани Ильсур Метшин открыли обновленный двор домов №77, 79, 81, 83, 85 по ул.Амирхана и дома №37 по ул.Чуйкова.",resolved,2026-08-30T10:24:43Z,2026-09-05T19:06:48Z,mo-92701000,territory,,,,low,official,https://t.me/kzn_official/23517,useful,89,False,1,1,True,False,False,ready,[],[],publish_now
evt_d833e2e7284e26e4590c542e,,Пьяным и без прав за руль садиться - себе дороже,reported,2026-08-30T10:22:00Z,2026-09-05T19:06:42Z,mo-92630000,territory,,,,low,media,https://kamskoe-ustie.ru/news/pravonaruchenie/pianym-i-bez-prav-za-rul-saditsia-sebe-doroze,context,16,False,1,1,False,False,False,needs_review,['not_editorially_useful'],[],priority_review
evt_3d63ca70e011c6340922965c,,Чирмешән районы авылларында 43 хуҗалык кош-корт үстерергә субсидия алган,unknown,2026-08-30T10:03:00Z,2026-09-05T19:06:46Z,mo-92658470,territory,,,,low,media,https://nashcheremshan.ru/news/avyl-khualygy/cirmesan-raiony-avyllarynda-43-xualyk-kos-kort-ustererga-subsidiia-algan,context,0,False,1,1,False,False,False,needs_review,['not_editorially_useful'],[],context
evt_dd5d9cdfce5682fd7ffbe191,,Татар авылы» этномузеенда милли традицияләр дөньясына сәяхәт дәвам итә,resolved,2026-08-30T10:00:00Z,2026-09-05T19:06:42Z,mo-92628000,territory,,,,low,media,https://yashel-uzan.ru/news/yashelznrayonytuganavylym/tatar-avyly-etnomuzeenda-milli-tradiciialar-doniasyna-saiaxat-davam-ita,context,20,False,1,1,False,False,False,needs_review,['not_editorially_useful'],[],priority_review
evt_23d045182f40d43af5b7c0e1,,В селе Ивановка Лениногорского района на средства самообложения закупили мусорные контейнеры,reported,2026-08-30T09:58:20Z,2026-09-05T19:06:31Z,mo-92636415,territory,,,,low,media,https://t.me/len_vesti/29617,context,30,False,1,1,False,False,False,needs_review,['not_editorially_useful'],[],priority_review
evt_3ffabd004f0d65186a50614f,,В День республики в Менделеевске открыли дорогу по улицам Химиков и Татарстана,resolved,2026-08-30T09:36:00Z,2026-09-05T19:06:44Z,mo-92639101,settlement,Менделеевск,52.312064,55.894251,low,media,https://mendeleevskyi.ru/news/obschestvo/v-den-respubliki-v-mendeleevske-otkryli-dorogu-po-ulicam-ximikov-i-tatarstana,useful,79,False,1,1,True,False,False,ready,[],[],publish_now
evt_33fd176ee920ca7a60ccb021,,"Капиталь ремонттан соң, Мөслимнең янгын сүндерү бүлеге бинасы файдануга тапшырылды",reported,2026-08-30T09:32:00Z,2026-09-05T19:06:44Z,mo-92642000,territory,,,,low,media,https://muslumirc.ru/news/aktual/kapital-remonttan-son-moslimnen-iangyn-sunderu-bulege-binasy-faidanuga-tapsyryldy,context,0,False,1,1,False,False,False,needs_review,['not_editorially_useful'],[],context
evt_a174fdacbf1ccd1968fb82c0,,В Буинске открылся новый корпус лицея №2,resolved,2026-08-30T09:26:00Z,2026-09-05T19:06:39Z,mo-92618101,settlement,Буинск,48.2930213,54.9712371,low,media,https://buinsk-tat.ru/news/vchera-segodnya-zavtra/v-buinske-otkrylsia-novyi-korpus-liceia-2,useful,79,False,1,1,True,False,False,ready,[],[],publish_now
evt_2e27c3f35b0cc9067a15872d,,Ел башыннан Татарстанның дәүләт бурычы 24 миллиард сумга кимегән,unknown,2026-08-30T09:00:00Z,2026-09-05T19:06:38Z,mo-92613000,territory,,,,low,media,https://atnya-rt.ru/news/khbrlr/el-basynnan-tatarstannyn-daulat-burycy-24-milliard-sumga-kimegan,context,16,False,1,1,False,False,False,needs_review,['not_editorially_useful'],[],priority_review
evt_7ccfac7edb5c8f94b9ce183a,,В День города в приюте «Камские зори» открыли новую универсальную площадку,resolved,2026-08-30T08:45:00Z,2026-09-05T19:06:44Z,mo-92639101,territory,,,,low,media,https://mendeleevskyi.ru/news/obschestvo/v-den-goroda-v-priiute-kamskie-zori-otkryli-novuiu-universalnuiu-ploshhadku,useful,79,False,1,1,True,False,False,ready,[],[],publish_now
evt_6035e0914dbb8c35b5d5796e,,"История женщины, которая плетёт сети для бойцов",unknown,2026-08-30T08:00:00Z,2026-09-05T19:06:40Z,mo-92622000,territory,,,,low,media,https://biektaw.ru/news/v-selskih-poseleniyah/istoriia-zenshhiny-kotoraia-pletet-seti-dlia-boicov,context,0,False,1,1,False,False,False,needs_review,['not_editorially_useful'],[],context
evt_bf9e4893322cee4cc2191885,,В Лениногорске прошёл очередной праздник в честь завершения ремонта двора,reported,2026-08-30T07:53:00Z,2026-09-05T19:06:43Z,mo-92636101,street,улица Куйбышева,52.4581743,54.5984085,low,media,https://leninogorsk-rt.ru/news/sobytie-nedeli/v-leninogorske-prosel-ocerednoi-prazdnik-v-cest-zaverseniia-remonta-dvora,context,30,False,1,1,False,False,False,needs_review,['not_editorially_useful'],[],priority_review
evt_c538e7b3ea88697d618a6888,,"В Калуге прошел финал Чемпионата по профессиональному мастерству «Профессионалы» по компетенциям «Ремонт БПЛА», «Промышленный дизайн» в основном и индустриально",unknown,2026-08-30T07:41:00Z,2026-09-05T19:06:43Z,mo-92634000,territory,,,,low,media,https://laishevskyi.ru/news/obschestvo/studenty-laisevskogo-texnikuma-podtverdili-svoi-professionalizm,context,20,False,1,1,False,False,False,needs_review,['not_editorially_useful'],[],priority_review
evt_2a70350f424c6632b94c4435,,"ДТП в Алексеевском районе стало меньше, но дети по-прежнему в зоне риска",reported,2026-08-30T07:32:00Z,2026-09-05T19:06:37Z,mo-92606000,territory,,,,low,media,https://alekseyevsk.ru/news/bezopasnost-na-dorogah/dtp-v-alekseevskom-raione-stalo-mense-no-deti-po-preznemu-v-zone-riska,context,20,False,1,1,False,False,False,needs_review,['not_editorially_useful'],[],priority_review
evt_b553795da20d8da29727d4e1,,В День республики и города в Менделеевском районе открыли здание исполкома в Тураево,resolved,2026-08-30T07:32:00Z,2026-09-05T19:06:44Z,mo-92639488,settlement,Тураево,52.5745514,55.9512219,low,media,https://mendeleevskyi.ru/news/selo/v-den-respubliki-i-goroda-v-mendeleevskom-raione-otkryli-zdanie-ispolkoma-v-turaevo,useful,79,False,1,1,True,False,False,ready,[],[],publish_now
evt_454652b54bf395e947b83278,,Дошколята открыли Волшебный мир Татарстана,resolved,2026-08-30T07:27:00Z,2026-09-05T19:06:44Z,mo-92645000,territory,,,,low,media,https://novoshishminsk.ru/news/novosti-rayona/doskoliata-otkryli-volsebnyi-mir-tatarstana,useful,87,False,1,1,True,False,False,ready,[],[],publish_now
evt_3a0bed69647b22b3d51264d4,,Обучение и воспитание: от исторической памяти к технологическому лидерству,unknown,2026-08-30T07:00:00Z,2026-09-05T19:06:35Z,mo-92601000,territory,,,,low,media,https://agryz-rt.ru/news/pecatnaia-versiia/obucenie-i-vospitanie-ot-istoriceskoi-pamiati-k-texnologiceskomu-liderstvu,context,20,False,1,1,False,False,False,needs_review,['not_editorially_useful'],[],priority_review
evt_bbd0276454ab5bcf9a0033dc,,Мы хотим отремонтировать левый придел.,resolved,2026-08-30T06:26:42Z,2026-09-05T19:06:30Z,mo-92629000,territory,,,,low,media,https://t.me/kaibicy/45780,context,59,False,1,1,False,False,False,needs_review,['not_editorially_useful'],[],priority_review
evt_b4c4c4fc19407a517291a678,,"Тарихи хәтер, технологик лидерлык — төп юнәлешләр",unknown,2026-08-30T05:00:00Z,2026-09-05T19:06:39Z,mo-92615000,territory,,,,low,media,https://baltaci.ru/news/magarif/tarixi-xater-texnologik-liderlyk-top-iunaleslar,context,0,False,1,1,False,False,False,needs_review,"['summary_too_short', 'not_editorially_useful']",[],context
evt_legacy_62dc76bfbdaad6377a4ab068,public-31fa51fd4b7c5b12,Порядка 4000 человек посетили «PROнауку в КФУ»,unknown,2026-08-30T00:00:00Z,2026-09-04T15:47:33Z,RU-TA,territory,,,,high,official,https://media.kpfu.ru/news/poryadka-4000-chelovek-posetili-pronauku-v-kfu,noise,0,True,1,0,False,False,False,needs_review,"['missing_primary_evidence', 'not_editorially_useful']",[],hide_noise
evt_legacy_7eec780994864c84b1889c51,public-10880594a1ad4900,Гости «PROнауки в КФУ» приняли участие в увлекательных мастер-классах,unknown,2026-08-30T00:00:00Z,2026-09-04T15:47:33Z,RU-TA,territory,,,,high,official,https://media.kpfu.ru/news/gosti-pronauki-v-kfu-prinyali-uchastie-v-master-klassakh,noise,0,True,1,0,False,False,False,needs_review,"['missing_primary_evidence', 'not_editorially_useful']",[],hide_noise
evt_legacy_a4a8de3e92b7139471eb25e1,public-04291ca843b718d8,Сотрудники ГУ МЧС России по Республике Татарстан обеспечивают безопасность во время празднования Дня Республики Татарстан и Дня города Казани,unknown,2026-08-30T00:00:00Z,2026-09-04T15:47:34Z,mo-92701000,territory,,,,high,official,https://16.mchs.gov.ru/deyatelnost/press-centr/novosti/5817978,context,0,True,1,0,False,False,False,needs_review,"['missing_primary_evidence', 'not_editorially_useful']",[],context
evt_be130a67a1a276afc03e3357,,В Агрызе в онлайн-формате открыли новую гимназию,resolved,2026-08-29T17:47:00Z,2026-09-05T19:06:35Z,mo-92601000,building,"улица Нариманова, 27",52.9907896,56.5195576,low,media,https://agryz-rt.ru/news/nasha-zhizn/v-agryze-v-onlain-formate-otkryli-novuiu-gimnaziiu,useful,87,False,1,1,True,True,False,ready,[],[],publish_now
evt_8fd337ab2914ba42ca73947e,,"Об этом сообщил врио начальника отделения, старший лейтенант Ильфир Юсупов.27 августа в селе Надеждино инспекторы ГИБДД остановили мопед.",reported,2026-08-29T16:15:00Z,2026-09-05T19:06:42Z,mo-92629435,territory,,,,low,media,https://kaibicy.ru/news/novosti/v-kaibickom-raione-v-xode-reida-zaderzali-netrezvogo-voditelia-mopeda,context,36,False,1,1,False,False,False,needs_review,['not_editorially_useful'],[],priority_review
evt_1043b2a4bd962aa9bcf0c8a9,,Интерактивный музей открылся внутри легендарного самолета Ту-144,resolved,2026-08-29T15:45:30Z,2026-09-05T19:06:49Z,mo-92701000,territory,,,,low,official,https://t.me/avianovsav/6279,context,67,False,1,1,False,False,False,needs_review,['not_editorially_useful'],[],priority_review
evt_ec6a6b9946d76a40b627f81c,,Здесь появится самая протяженная речная набережная страны — 12 км.,reported,2026-08-29T15:42:23Z,2026-09-05T19:06:48Z,mo-92701000,territory,,,,low,official,https://t.me/kzn_official/23513,context,50,False,1,1,False,False,False,needs_review,['not_editorially_useful'],[],priority_review
evt_19de37b390aee3a201280405,,Татарстанда ягу сезонына әзерлек 94 процент тәшкил итә,reported,2026-08-29T15:37:00Z,2026-09-05T19:06:43Z,mo-92701000,territory,,,,low,media,https://zamansulyshy.ru/news/yanaliklar/tatarstanda-iagu-sezonyna-azerlek-94-procent-taskil-ita,context,42,False,1,1,False,False,False,needs_review,['not_editorially_useful'],[],priority_review
evt_7fa1dfc12cc595a2232f5512,,Татарстанда урманнарны янгыннан саклау планы тулысынча үтәлде,resolved,2026-08-29T15:34:00Z,2026-09-05T19:06:45Z,mo-92653000,territory,,,,low,media,https://sarman-rt.ru/news/rubriki-dlya-gazetyi-na-tatarskom/tatarstanda-urmannarny-iangynnan-saklau-plany-tulysynca-utalde,context,59,False,1,1,False,False,False,needs_review,['not_editorially_useful'],[],priority_review
evt_fbe717cbf1b2691549d870f8,,Татарстанда урманнарны янгыннан саклау планы тулысынча үтәлде,resolved,2026-08-29T15:34:00Z,2026-09-05T19:06:45Z,mo-92653000,territory,,,,low,media,https://sarman-rt.ru/news/rubriki-dlya-gazetyi-na-tatarskom/tatarstanda-urmannarny-iangynnan-saklau-plany-tulysynca-utalde-1788017830,context,59,False,1,1,False,False,False,needs_review,['not_editorially_useful'],[],priority_review
evt_6593808c161a48c2e56054d3,,В Мензелинске в онлайн-формате открыли новую гимназию,resolved,2026-08-29T15:20:00Z,2026-09-05T19:06:44Z,mo-92640101,settlement,Мензелинск,53.1071815,55.7255585,low,media,https://menzela.ru/news/tema-dnya/v-menzelinske-v-onlain-formate-otkryli-novuiu-gimnaziiu,useful,79,False,1,1,False,False,False,needs_review,['summary_too_short'],[],priority_review
evt_7a8203c2ba88875f264dd0a8,,В Татарстане объявлено штормовое предупреждение из-за заморозков и тумана,reported,2026-08-29T14:10:00Z,2026-09-05T19:06:41Z,mo-92624000,territory,,,,low,media,https://chuprale-online.ru/news/obschestvo/v-tatarstane-obieiavleno-stormovoe-preduprezdenie-iz-za-zamorozkov-i-tumana,context,24,False,1,1,False,False,False,needs_review,['not_editorially_useful'],[],priority_review
evt_c02bca880c1e25203d56c708,,В Высокой Горе открыли административно-бытовой корпус стадиона «Вершина»,resolved,2026-08-29T14:00:00Z,2026-09-05T19:06:40Z,mo-92622000,territory,,,,low,media,https://biektaw.ru/news/v-selskih-poseleniyah/v-vysokoi-gore-otkryli-administrativno-bytovoi-korpus-stadiona-versina,useful,79,False,1,1,True,False,False,ready,[],[],publish_now
evt_29323c6b2ba325535b6ab980,,Юридик зат Әлмәт районында авыл хуҗалыгы җирләрен бозган өчен ике млн сумга якын штраф түләячәк,unknown,2026-08-29T13:11:00Z,2026-09-05T19:06:38Z,mo-92608101,territory,,,,low,media,https://almet-rt.ru/news/ekologiya/66345,context,20,False,1,1,False,False,False,needs_review,['not_editorially_useful'],[],priority_review
evt_580f5c7328608e4c38e831db,,В Татарстане объявили штормовое предупреждение из-за заморозков,reported,2026-08-29T13:00:00Z,2026-09-05T19:06:40Z,mo-92622000,territory,,,,low,media,https://biektaw.ru/news/v-respublike/v-tatarstane-obieiavili-stormovoe-preduprezdenie-iz-za-zamorozkov-1788024723,context,24,False,1,1,False,False,False,needs_review,['not_editorially_useful'],[],priority_review
evt_1ccabf1a476783b4e5f2eb5e,,Набережная Нижнего Кабана открыта для вас!,resolved,2026-08-29T12:17:35Z,2026-09-05T19:06:48Z,mo-92701000,territory,,,,low,official,https://t.me/kvb_kzn/3855,useful,89,False,1,1,True,False,False,ready,[],[],publish_now
evt_625c02abb6c94bce6112b41c,,Югары Чегодайда күпер ремонтланачак,in_progress,2026-08-29T12:05:00Z,2026-09-05T19:06:46Z,mo-92636101,territory,,,,low,media,https://nashcheremshan.ru/news/beznen-rayonda/iugary-cegodaida-kuper-remontlanacak,useful,87,False,1,1,True,False,False,ready,[],[],publish_now
evt_3b6e61a2f55eb1b5f005944e,,Сегодня открылся участок набережной озера Кабан вдоль улицы Марджани.,resolved,2026-08-29T11:48:12Z,2026-09-05T19:06:48Z,mo-92701000,territory,,,,low,official,https://t.me/kzn_official/23503,useful,89,False,1,1,True,False,False,ready,[],[],publish_now
evt_efd96a4e51b1d12b6dfff4d3,,Капитальный ремонт двора завершается в 38 комплексе Челнов,reported,2026-08-29T11:48:00Z,2026-09-05T19:06:47Z,mo-92730000,territory,,,,low,media,https://tvchelny.ru/news/obshchestvo/kapitalnyi-remont-dvora-zaversaetsia-v-38-komplekse-celnov,context,0,False,1,1,False,False,False,needs_review,"['summary_too_short', 'not_editorially_useful']",[],context
evt_71723b966b09fa24853d31ed,,В селе Ивановка Лениногорского района на средства самообложения закупили мусорные контейнеры,reported,2026-08-29T11:36:00Z,2026-09-05T19:06:43Z,mo-92636415,settlement,Ивановка,52.4388623,54.5055879,low,media,https://leninogorsk-rt.ru/news/novostnaya-lenta/v-sele-ivanovka-leninogorskogo-raiona-na-sredstva-samooblozeniia-zakupili-musornye-konteinery,context,20,False,1,1,False,False,False,needs_review,['not_editorially_useful'],[],priority_review
evt_ebd2b0ab47eadc80a3827a23,,Штормовое предупреждение объявлено в РТ,reported,2026-08-29T11:36:00Z,2026-09-05T19:06:47Z,mo-92730000,territory,,,,low,media,https://tvchelny.ru/news/obshchestvo/stormovoe-preduprezdenie-obieiavleno-v-rt,context,24,False,1,1,False,False,False,needs_review,"['summary_too_short', 'not_editorially_useful']",[],priority_review
evt_022eac1b398cd7f87f7581b0,,Әлмәт районында СНТда чүплекне бетерделәр,reported,2026-08-29T11:25:21Z,2026-09-05T19:06:27Z,mo-92608101,territory,,,,low,media,https://t.me/atannary/28982,useful,62,False,1,1,True,False,False,ready,[],[],publish_now
evt_f437bfeebff0690a7ea7fe0a,,Әлмәт районында СНТда чүплекне бетерделәр,reported,2026-08-29T11:21:00Z,2026-09-05T19:06:38Z,mo-92608101,territory,,,,low,media,https://almet-rt.ru/news/ekologiya/66344,useful,62,False,1,1,True,False,False,ready,[],[],publish_now
evt_70e98fad081e427da9361036,,Татарстанда урманнарны янгынга каршы төзекләндерү тулысынча төгәлләнде,reported,2026-08-29T10:43:00Z,2026-09-05T19:06:38Z,mo-92613000,territory,,,,low,media,https://atnya-rt.ru/news/khbrlr/tatarstanda-urmannarny-iangynga-karsy-tozeklanderu-tulysynca-togallande,context,42,False,1,1,False,False,False,needs_review,['not_editorially_useful'],[],priority_review
evt_f8ed6ed249861db8114ceba1,,В Татарстане объявлено штормовое предупреждение из-за заморозков,reported,2026-08-29T10:36:00Z,2026-09-05T19:06:45Z,mo-92648000,territory,,,,low,media,https://pestrecy-rt.ru/news/obschestvo/v-tatarstane-obieiavleno-stormovoe-preduprezdenie-iz-za-zamorozkov,context,24,False,1,1,False,False,False,needs_review,['not_editorially_useful'],[],priority_review
evt_0273b757d0494fd52e5d0786,,"В Детской школе искусств состоялось открытие персональной выставки художника, искусствоведа и профессора Веры Филипповой «Красота Божьего мира».",reported,2026-08-29T09:30:00Z,2026-09-05T19:06:38Z,mo-92604000,territory,,,,low,media,https://aksubayevo.ru/news/news/krasota-bozego-mira-predstavlena-na-stenax-skoly-iskusstv,context,36,False,1,1,False,False,False,needs_review,['not_editorially_useful'],[],priority_review
evt_9fad99e687f25209afef07d7,,Лесные массивы Татарстана подготовили к пожароопасному сезону,resolved,2026-08-29T09:03:00Z,2026-09-05T19:06:47Z,mo-92632000,territory,,,,low,media,https://spas-rt.ru/news/natsionalnye-proekty/lesnye-massivy-tatarstana-podgotovili-k-pozaroopasnomu-sezonu,context,16,False,1,1,False,False,False,needs_review,['not_editorially_useful'],[],priority_review
evt_2d0220d0008c29e271cb0a39,,Поддержка сельчан: новые субсидии на скот в Агрызском районе,unknown,2026-08-29T09:00:00Z,2026-09-05T19:06:35Z,mo-92601000,territory,,,,low,media,https://agryz-rt.ru/news/pecatnaia-versiia/podderzka-selcan-novye-subsidii-na-skot-i-pticu-v-agryzskom-raione,context,20,False,1,1,False,False,False,needs_review,"['summary_too_short', 'not_editorially_useful']",[],priority_review
evt_178c65d8f2191ce1cd7de0ad,,Татарстанда урманнарны янгынга каршы төзекләндерү төгәлләнде,reported,2026-08-29T08:32:00Z,2026-09-05T19:06:38Z,mo-92612000,territory,,,,low,media,https://arskmedia.ru/news/rayon-yaalyklary/tatarstanda-urmannarny-iangynga-karsy-tozeklanderu-togallande,context,42,False,1,1,False,False,False,needs_review,['not_editorially_useful'],[],priority_review
evt_ee609089f97a8c3fb8191799,,Татарстанда урманнарны янгынга каршы төзекләндерү тулысынча төгәлләнде,reported,2026-08-29T08:29:00Z,2026-09-05T19:06:44Z,mo-92642000,territory,,,,low,media,https://muslumirc.ru/news/statit/tatarstanda-urmannarny-iangynga-karsy-tozeklanderu-tulysynca-togallande,context,42,False,1,1,False,False,False,needs_review,['not_editorially_useful'],[],priority_review
evt_16969272962f553df37e560f,,Татарстанда урманнарны янгынга каршы төзекләндерү тулысынча төгәлләнде,reported,2026-08-29T08:24:00Z,2026-09-05T19:06:36Z,mo-92602000,territory,,,,low,media,https://aznakaevo-rt.ru/news/iangyn-kurkynycsyzlygy/tatarstanda-urmannarny-iangynga-karsy-tozeklanderu-tulysynca-togallande,context,59,False,1,1,False,False,False,needs_review,['not_editorially_useful'],[],priority_review
evt_6128e50138401d012263599d,,В ГАУЗ «Мамадышская ЦРБ» анонсировано открытие круглосуточного реабилитационного отделения.,planned,2026-08-29T07:59:00Z,2026-09-05T19:06:43Z,mo-92638000,territory,,,,low,media,https://mamadysh-rt.ru/news/obshchestvo/v-mamadysskoi-crb-v-2027-godu-otkroiut-kruglosutocnoe-reabilitacionnoe-otdelenie,useful,70,False,1,1,True,False,False,ready,[],[],publish_now
evt_354d139bc9eacc8433f32751,,Татарстанда урманнарны янгыннардан саклау буенча эшләр көчәйтелде,reported,2026-08-29T07:15:00Z,2026-09-05T19:06:42Z,mo-92633101,territory,,,,low,media,https://kukmor-rt.ru/news/ilklm-proekt-kysalarynda/tatarstanda-urmannarny-iangynnardan-saklau-buenca-eslar-kocaitelde,context,59,False,1,1,False,False,False,needs_review,['not_editorially_useful'],[],priority_review
evt_807a33f8a447f129bfe4f256,,Защиту лесов от пожаров усилили в Татарстане,resolved,2026-08-29T07:09:00Z,2026-09-05T19:06:39Z,mo-92614101,territory,,,,low,media,https://bavly-tat.ru/news/ekologiia/zashhitu-lesov-ot-pozarov-usilili-v-tatarstane,useful,87,False,1,1,True,False,False,ready,[],[],publish_now
evt_cfeede0c5c373f7e8b8d6320,,Татарстанда урманнарны янгынга каршы төзекләндерү тулысынча төгәлләнде,reported,2026-08-29T06:55:00Z,2026-09-05T19:06:37Z,mo-92605000,territory,,,,low,media,https://aktanysh-rt.ru/news/ekologiya/tatarstanda-urmannarny-iangynga-karsy-tozeklanderu-tulysynca-togallande,context,42,False,1,1,False,False,False,needs_review,['not_editorially_useful'],[],priority_review
evt_4bb83b18d5cf56325c288eb0,,Татарстан урманнарын янгынга каршы төзекләндерү ттәмамланды,resolved,2026-08-29T06:26:00Z,2026-09-05T19:06:46Z,mo-92658000,territory,,,,low,media,https://nashcheremshan.ru/news/respublikada/tatarstan-urmannaryn-iangynga-karsy-tozeklanderu-ttamamlandy,context,42,False,1,1,False,False,False,needs_review,['not_editorially_useful'],[],priority_review
evt_4f7bf8ed55521c3ee962a4fd,,"Урманга керү юлларына килгәндә, 111,3 км яңа юл салынган һәм 426,5 км иске юл ремонтланган.",resolved,2026-08-29T06:24:00Z,2026-09-05T19:06:38Z,mo-92608000,territory,,,,low,media,https://almet-rt.ru/news/tatar-inform/66348,context,16,False,1,1,False,False,False,needs_review,['not_editorially_useful'],[],priority_review
evt_5a9426e471b75cc898e01808,,Татарстанда урманнарны янгынга каршы төзекләндерү тулысынча төгәлләнде,reported,2026-08-29T06:19:00Z,2026-09-05T19:06:47Z,mo-92730000,territory,,,,low,media,https://shahrichalli.ru/news/kich-bgen-irtg/tatarstanda-urmannarny-iangynga-karsy-tozeklanderu-tulysynca-togallande,context,42,False,1,1,False,False,False,needs_review,['not_editorially_useful'],[],priority_review
evt_a29e0a8065fcffe46a77de66,,По нацпроекту «Экологическое благополучие» в Татарстане обустроили леса от пожаров,resolved,2026-08-29T06:19:00Z,2026-09-05T19:06:37Z,mo-92606000,territory,,,,low,media,https://alekseyevsk.ru/news/nacionalnye-proekty/po-nacproektu-ekologiceskoe-blagopolucie-v-tatarstane-obustroili-lesa-ot-pozarov,useful,97,False,1,1,True,False,False,ready,[],[],publish_now
evt_8a9222e219a7ed951d5f4875,,Татарстанда урманнарны янгынга каршы төзекләндерү тулысынча төгәлләнде,reported,2026-08-29T06:18:00Z,2026-09-05T19:06:37Z,mo-92607000,territory,,,,low,media,https://alki-rt.ru/news/yaңalyiklar/tatarstanda-urmannarny-iangynga-karsy-tozeklanderu-tulysynca-togallande,context,0,False,1,1,False,False,False,needs_review,['not_editorially_useful'],[],context
evt_c37340724abdcf566e679dd2,,Татарстанда урманнарны янгынга каршы төзекләндерү тулысынча төгәлләнде,reported,2026-08-29T06:15:00Z,2026-09-05T19:06:43Z,mo-92636000,territory,,,,low,media,https://zamansulyshy.ru/news/jemgyiyat/tatarstanda-urmannarny-iangynga-karsy-tozeklanderu-tulysynca-togallande,context,42,False,1,1,False,False,False,needs_review,['not_editorially_useful'],[],priority_review
evt_a53217cc2e7fbfcc86bacc0f,,Татарстанда урманнарны янгынга каршы төзекләндерү тулысынча төгәлләнде,reported,2026-08-29T06:06:00Z,2026-09-05T19:06:45Z,mo-92652000,territory,,,,low,media,https://saby-rt.ru/news/amgyiat/tatarstanda-urmannarny-iangynga-karsy-tozeklanderu-tulysynca-togallande,context,42,False,1,1,False,False,False,needs_review,['not_editorially_useful'],[],priority_review
evt_0ee6efd2e1eaa6c3c7d30745,,Татарстанда урманнарны янгынга каршы төзекләндерү тулысынча төгәлләнде,reported,2026-08-29T06:05:00Z,2026-09-05T19:06:46Z,mo-92656000,territory,,,,low,media,https://tulachi.ru/news/v-respublike/tatarstanda-urmannarny-iangynga-karsy-tozeklanderu-tulysynca-togallande,context,42,False,1,1,False,False,False,needs_review,['not_editorially_useful'],[],priority_review
evt_e62aff67c1391c2b041c3e2d,,Татарстанда урманнарны янгынга каршы төзекләндерү тулысынча төгәлләнде,reported,2026-08-29T06:05:00Z,2026-09-05T19:06:39Z,mo-92615151,territory,,,,low,media,https://baltaci.ru/news/amgyiat-1736397691/tatarstanda-urmannarny-iangynga-karsy-tozeklanderu-tulysynca-togallande,context,42,False,1,1,False,False,False,needs_review,['not_editorially_useful'],[],priority_review
evt_c7bb64c3d005b929fd84a78c,,Рост аварийности с пешеходами в республике,reported,2026-08-29T04:34:28Z,2026-09-05T19:06:30Z,mo-92629000,territory,,,,low,media,https://t.me/kaibicy/45766,context,16,False,1,1,False,False,False,needs_review,['not_editorially_useful'],[],priority_review
evt_26aedf08288c01c9262f164e,,"Лениногорец, участник СВО, занял 1 место по гиревому виду спорта на турнире Кубка Раиса",reported,2026-08-29T03:18:00Z,2026-09-05T19:06:43Z,mo-92636000,territory,,,,low,media,https://leninogorsk-rt.ru/news/sobytie-nedeli/leninogorec-ucastnik-svo-zanial-1-mesto-po-girevomu-vidu-sporta-na-turnire-kubka-raisa,context,16,False,1,1,False,False,False,needs_review,['not_editorially_useful'],[],priority_review
evt_legacy_517798fc6e8736899cabf639,public-7135b5f754d63251,Как «PROнаука в КФУ» превратила университет в интерактивную Вселенную,unknown,2026-08-29T00:00:00Z,2026-09-04T15:47:33Z,RU-TA,territory,,,,high,official,https://media.kpfu.ru/news/kak-pronauka-v-kfu-prevratila-universitet-v-interaktivnuyu-vselennuyu,noise,0,True,1,0,False,False,False,needs_review,"['missing_primary_evidence', 'not_editorially_useful']",[],hide_noise
evt_legacy_53fb27ab625777a55ae5be90,public-350c6d429d11ee25,"«ИИ – это помощник, но не хозяин»: в КФУ обсудили, как искусственный интеллект меняет город и промышленность",unknown,2026-08-29T00:00:00Z,2026-09-04T15:47:33Z,RU-TA,territory,,,,high,official,https://media.kpfu.ru/news/na-xx-pronauke-v-kfu-obsudili-rol-ii-v-obschestve-i-zhizni-zhiteley-tatarstana,noise,0,True,1,0,False,False,False,needs_review,"['missing_primary_evidence', 'not_editorially_useful']",[],hide_noise
evt_legacy_574276e0c41d51483502dfd0,public-9f36c8955e749ab2,Зеленодольские пожарные организовали праздник для будущих первоклашек,unknown,2026-08-29T00:00:00Z,2026-09-04T15:47:34Z,RU-TA,territory,,,,high,official,https://16.mchs.gov.ru/deyatelnost/press-centr/novosti/5817926,context,0,True,1,0,False,False,False,needs_review,"['missing_primary_evidence', 'not_editorially_useful']",[],context
evt_legacy_82441b9b0c5d92966e550a5c,public-2bad67ef16779fb0,Ленар Сафин о глобальном молодежном саммите: «Наша цель - услышать молодежь и дать ей пространство для диалога»,unknown,2026-08-29T00:00:00Z,2026-09-04T15:47:33Z,RU-TA,territory,,,,high,official,https://media.kpfu.ru/news/molodezhnyy-sammit,context,0,True,1,0,False,False,False,needs_review,"['missing_primary_evidence', 'not_editorially_useful']",[],context
evt_legacy_a91226a2a3372f99152d349c,public-ccd5018359b15856,"«PROнаука в КФУ»: зоны лектория, экспериментальные шоу и настоящий праздник науки",unknown,2026-08-29T00:00:00Z,2026-09-04T15:47:33Z,RU-TA,territory,,,,high,official,https://media.kpfu.ru/news/pronauka-v-kfu-zony-lektoriya-eksperimentalnye-shou-i-nastoyaschiy-prazdnik-nauki,noise,16,True,1,0,False,False,False,needs_review,"['missing_primary_evidence', 'not_editorially_useful']",[],hide_noise
evt_legacy_bdd94e5225bf90c1169ee8fb,public-37bd6c032987bdf4,«PROнаука»: эксперты выступили с научными стендапами в Казанском федеральном,unknown,2026-08-29T00:00:00Z,2026-09-04T15:47:33Z,RU-TA,territory,,,,high,official,https://media.kpfu.ru/news/pronauka-v-kfu-vystupili-s-nauchnymi-stendapami,noise,20,True,1,0,False,False,False,needs_review,"['missing_primary_evidence', 'not_editorially_useful']",[],hide_noise
evt_eeb2b194fe4787d360e51633,,"В Бугульме проводили контрактников, один из них будет защищать объекты от БПЛА",reported,2026-08-28T16:50:00Z,2026-09-05T19:06:39Z,mo-92617101,settlement,Бугульма,52.7955953,54.5384152,low,media,https://bugulma-tatarstan.ru/news/news/v-bugulme-provodili-kontraktnikov-odin-iz-nix-budet-zashhishhat-obieekty-ot-bpla,context,20,False,1,1,False,False,False,needs_review,['not_editorially_useful'],[],priority_review
evt_dbfc4baeae25eb304a621a4e,,Рост аварийности с пешеходами в республике,reported,2026-08-28T16:39:52Z,2026-09-05T19:06:31Z,mo-92636000,territory,,,,low,media,https://t.me/zamansulyshy/17284,context,16,False,1,1,False,False,False,needs_review,['not_editorially_useful'],[],priority_review
evt_0fb22dd747cb98618d19f043,,Смертность пешеходов в Татарстане выросла на восемь человек с начала года,unknown,2026-08-28T16:11:00Z,2026-09-05T19:06:41Z,mo-92624000,territory,,,,low,media,https://chuprale-online.ru/news/obschestvo/smertnost-pesexodov-v-tatarstane-vyrosla-na-vosem-celovek-s-nacala-goda,context,0,False,1,1,False,False,False,needs_review,['not_editorially_useful'],[],context
evt_f7e1f835033a4f68e90c2b49,,День города к нам приходит 🎉,reported,2026-08-28T14:53:17Z,2026-09-05T19:06:49Z,mo-92701000,territory,,,,low,official,https://t.me/avianovsav/6270,context,16,False,2,2,False,False,False,needs_review,['not_editorially_useful'],[],priority_review
evt_984082d4283abd3f79a3de1a,,"В Татарстане работают центры, где помогают женщинам, оказавшимся перед трудным выбором",unknown,2026-08-28T14:15:46Z,2026-09-05T19:06:32Z,mo-92644000,territory,,,,low,media,https://t.me/kampolany/16332,context,0,False,1,1,False,False,False,needs_review,['not_editorially_useful'],[],context
evt_9eecffe81d530b42e9352240,,В Казани открылся V Глобальный молодёжный саммит,resolved,2026-08-28T13:13:00Z,2026-09-05T19:06:35Z,mo-92701000,settlement,Казань,49.1115022,55.7946485,low,media,https://agryz-rt.ru/news/po-materialam-tatar-inform/v-kazani-otkrylsia-v-globalnyi-molodeznyi-sammit,useful,79,False,1,1,False,False,False,needs_review,['summary_too_short'],[],priority_review
evt_1ed284577ed8d99d713b1619,,В Казани открылся V Глобальный молодёжный саммит,resolved,2026-08-28T12:53:00Z,2026-09-05T19:06:38Z,mo-92701000,settlement,Казань,49.1115022,55.7946485,low,media,https://aksubayevo.ru/news/news/v-kazani-otkrylsia-v-globalnyi-molodeznyi-sammit,useful,79,False,1,1,True,False,False,ready,[],[],publish_now
evt_718c03079fef8c23bbc2ee01,,Мәскәү һәм Автозавод проспектлары киселешендә көчле авария🚔,reported,2026-08-28T12:48:18Z,2026-09-05T19:06:35Z,mo-92730000,territory,,,,low,media,https://t.me/shahrichally/31308,context,30,False,1,1,False,False,False,needs_review,['not_editorially_useful'],[],priority_review
evt_81d15b4c52fa03304704bf18,,Пожароопасный сезон в лесах Татарстана завершится в середине октября,reported,2026-08-28T12:40:00Z,2026-09-05T19:06:45Z,mo-92648000,territory,,,,low,media,https://pestrecy-rt.ru/news/obschestvo/pozaroopasnyi-sezon-v-lesax-tatarstana-zaversitsia-v-seredine-oktiabria,context,0,False,1,1,False,False,False,needs_review,['not_editorially_useful'],[],context
evt_50435d6c2ea6409b291b1721,,Олы Мәтәскә авылында сөенечле вакыйга,reported,2026-08-28T12:31:00Z,2026-09-05T19:06:46Z,mo-92656413,settlement,Большие Метески,50.0862777,55.8848252,low,media,https://tulachi.ru/news/rayon-yaalyklary/oly-mataska-avylynda-soenecle-vakyiga,useful,62,False,1,1,True,False,False,ready,[],[],publish_now
evt_8e87877964f8ed7aa14adc12,,Татарстан продолжает восстанавливать объекты в Рубежном и Лисичанске,reported,2026-08-28T12:24:52Z,2026-09-05T19:06:32Z,mo-92644000,territory,,,,low,media,https://t.me/kampolany/16328,context,36,False,1,1,False,False,False,needs_review,['not_editorially_useful'],[],priority_review
evt_568232ee26379d5faea8eec1,,На нацпроекты в Татарстане за семь месяцев направили 27 млрд рублей,unknown,2026-08-28T12:24:00Z,2026-09-05T19:06:43Z,mo-92636000,territory,,,,low,media,https://leninogorsk-rt.ru/news/novostnaya-lenta/na-nacproekty-v-tatarstane-za-sem-mesiacev-napravili-27-mlrd-rublei,context,16,False,1,1,False,False,False,needs_review,['not_editorially_useful'],[],priority_review
evt_eae06260f1952be4a341f00f,,Делегация Татарстана посетила подшефные города ЛНР,unknown,2026-08-28T12:23:00Z,2026-09-05T19:06:39Z,mo-92614000,territory,,,,low,media,https://bavly-tat.ru/news/obschestvo/delegaciia-tatarstana-posetila-podsefnye-goroda-lnr,context,20,False,1,1,False,False,False,needs_review,['not_editorially_useful'],[],priority_review
evt_d5ff731d1bf4737e3b0b8dbb,,На праздничных мероприятиях в Черемшане сотрудники полиции будут работать в усиленном режиме,reported,2026-08-28T12:20:09Z,2026-09-05T19:06:34Z,mo-92658470,territory,,,,low,media,https://t.me/n_chrmshn/18506,context,36,False,1,1,False,False,False,needs_review,['not_editorially_useful'],[],priority_review
evt_1770e6a779ae32ff52e2fe64,,Татарстан продолжает восстанавливать объекты в Рубежном и Лисичанске,reported,2026-08-28T12:18:18Z,2026-09-05T19:06:34Z,mo-92658000,territory,,,,low,media,https://t.me/n_chrmshn/18503,context,36,False,1,1,False,False,False,needs_review,['not_editorially_useful'],[],priority_review
evt_c5320268532f43543f1bf0fa,,Быел федераль проект нигезендә Әхмәт мәктәбе бинасына капиталь ремонт ясалды.,unknown,2026-08-28T12:07:00Z,2026-09-05T19:06:37Z,mo-92607000,territory,,,,low,media,https://alki-rt.ru/news/yaңalyiklar/zur-ianartyludan-son-axmat-maktabe-acyldy,context,67,False,1,1,False,False,False,needs_review,['not_editorially_useful'],[],priority_review
evt_214ab65f5bf219644b5287f7,,Татарстан продолжает восстановление объектов в Рубежном и Лисичанске,unknown,2026-08-28T12:02:00Z,2026-09-05T19:06:43Z,mo-92636000,territory,,,,low,media,https://leninogorsk-rt.ru/news/novostnaya-lenta/tatarstan-prodolzaet-vosstanovlenie-obieektov-v-rubeznom-i-lisicanske,context,20,False,1,1,False,False,False,needs_review,['not_editorially_useful'],[],priority_review
evt_abf2588e547fc2b9e9786149,,"Чирмешәнне урап узып, Шенталага таба чыга торган юл ремонтка ябылды.",reported,2026-08-28T12:01:00Z,2026-09-05T19:06:46Z,mo-92658000,territory,,,,low,media,https://nashcheremshan.ru/news/beznen-rayonda/cirmesanne-urap-uzucy-iulnyn-ber-olese-iabyk,context,0,False,1,1,False,False,False,needs_review,['not_editorially_useful'],[],context
evt_e99389bd482a4e65a3274d6d,,Татарстан продолжает восстанавливать социальные объекты в Рубежном и Лисичанске,unknown,2026-08-28T11:56:00Z,2026-09-05T19:06:43Z,mo-92638000,territory,,,,low,media,https://mamadysh-rt.ru/news/obshchestvo/tatarstan-prodolzaet-vosstanavlivat-socialnye-obieekty-v-rubeznom-i-lisicanske,context,20,False,1,1,False,False,False,needs_review,['not_editorially_useful'],[],priority_review
evt_72212ee4582a042469cbc6a2,,"На нацпроекты в Татарстане в 2026 году направят 55,3 млрд рублей",unknown,2026-08-28T11:55:00Z,2026-09-05T19:06:45Z,mo-92648000,territory,,,,low,media,https://pestrecy-rt.ru/news/v-respublike/na-nacproekty-v-tatarstane-v-2026-godu-napraviat-553-mlrd-rublei,context,16,False,1,1,False,False,False,needs_review,['not_editorially_useful'],[],priority_review
evt_883199bd2aee3a9e4643b5a0,,Подготовили к технологическим олимпиадам 316 школьников из 23 регионов России 🏫,reported,2026-08-28T11:24:01Z,2026-09-05T19:06:25Z,mo-92620109,territory,,,,low,media,https://t.me/universityinnopolis/3539,context,36,False,1,1,False,False,False,needs_review,['not_editorially_useful'],[],priority_review
evt_239240da07dd97c2eaee10ed,,🦮 В шести парках и скверах появились инсталляции с фигурами собак с картин из собрания Государственного Эрмитажа.,reported,2026-08-28T11:23:07Z,2026-09-05T19:06:48Z,mo-92701000,territory,,,,low,official,https://t.me/kzn_official/23488,context,20,False,1,1,False,False,False,needs_review,['not_editorially_useful'],[],priority_review
evt_869162d168c0e7932678cea8,,Устойчивое развитие начинается с кадров: в Казани открылся саммит молодежи,resolved,2026-08-28T11:10:00Z,2026-09-05T19:06:41Z,mo-92701000,settlement,Казань,49.1115022,55.7946485,low,media,https://chuprale-online.ru/news/obschestvo/ustoicivoe-razvitie-nacinaetsia-s-kadrov-v-kazani-otkrylsia-sammit-molodezi,useful,79,False,1,1,True,False,False,ready,[],[],publish_now
evt_aefa97beb974b2b8ddfd8eee,,Татарстан башкаласында яңа медицина үзәге төзелә,in_progress,2026-08-28T10:15:00Z,2026-09-05T19:06:39Z,mo-92615151,territory,,,,low,media,https://baltaci.ru/news/salamatlek/tatarstan-baskalasynda-iana-medicina-uzage-tozela,useful,97,False,1,1,True,False,False,ready,[],[],publish_now
evt_fbf9956a9e9a342a65b450c2,,В Казани на площадке ЦУМа открылся V Глобальный молодёжный саммит (26–30 августа).,resolved,2026-08-28T10:03:00Z,2026-09-05T19:06:39Z,mo-92614101,territory,,,,low,media,https://bavly-tat.ru/news/v-respublike/v-globalnyi-molodeznyi-sammit-startoval-v-stolice-tatarstana,useful,87,False,1,1,True,False,False,ready,[],[],publish_now
evt_fee9cccb195769f397e99753,,Тукай районында юлүткәргечне ремонтлау сәбәпле юл хәрәкәтендә үзгәрешләр булачак,reported,2026-08-28T09:30:00Z,2026-09-05T19:06:46Z,mo-92730000,territory,,,,low,media,https://tukai-rt.ru/news/yanjaliklar/tukai-raionynda-iulutkargecne-remontlau-sabaple-iul-xarakatenda-uzgareslar-bulacak,context,20,False,1,1,False,False,False,needs_review,['not_editorially_useful'],[],priority_review
evt_928caba1a1b0adc122d3c151,,Игезәкләр көтүче хатын-кызларга пособие 200 мең сумнан артырга мөмкин,unknown,2026-08-28T08:34:00Z,2026-09-05T19:06:46Z,mo-92657000,territory,,,,low,media,https://tukai-rt.ru/news/amgyiat/igezaklar-kotuce-xatyn-kyzlarga-posobie-200-men-sumnan-artyrga-momkin,context,0,False,1,1,False,False,False,needs_review,['not_editorially_useful'],[],context
evt_b7557eb1da67915252e61441,,Нарушения выявлены при использовании средств по программе «Пушкинская карта» в Азнакаево,unknown,2026-08-28T08:16:00Z,2026-09-05T19:06:39Z,mo-92602101,settlement,Азнакаево,53.0792275,54.8629555,low,media,https://bavly-tat.ru/news/proisshestviya/naruseniia-vyiavleny-pri-ispolzovanii-sredstv-po-programme-puskinskaia-karta-v-aznakaevo,context,20,False,1,1,False,False,False,needs_review,['not_editorially_useful'],[],priority_review
evt_22a3f2c263949422856cb79f,,"В Нурлате подросток на мотоцикле попал в аварию с машиной, есть пострадавшие",unknown,2026-08-28T07:27:00Z,2026-09-05T19:06:42Z,mo-92646101,territory,,,,low,media,https://kaibicy.ru/news/proissestviia/v-nurlate-podrostok-na-motocikle-popal-v-avariiu-s-masinoi-est-postradavsie,context,20,False,1,1,False,False,False,needs_review,['not_editorially_useful'],[],priority_review
evt_3f5bd236d082be5999c8165f,,"К слову о технике, в этом году капитально отремонтировали мост на дороге, ведущей в сторону Нижней Кармалки, раньше проезд по нему на технике был опасен.",reported,2026-08-28T07:13:03Z,2026-09-05T19:06:34Z,mo-92658462,settlement,Туйметкино,51.5494779,54.7917037,low,media,https://t.me/n_chrmshn/18496,useful,87,False,1,1,True,False,False,ready,[],[],publish_now
evt_05c154fa96ffb67b246c41e4,,Бәрәңге сабагы чүп түгел,reported,2026-08-28T07:05:00Z,2026-09-05T19:06:38Z,mo-92608000,territory,,,,low,media,https://almet-rt.ru/news/mgyiyat/66335,context,0,False,1,1,False,False,False,needs_review,['not_editorially_useful'],[],context
evt_508ad5db76e6dc66709559f4,,В Мензелинске открыли обновленный детский сад «Алтынчэч»,resolved,2026-08-28T06:36:00Z,2026-09-05T19:06:44Z,mo-92640101,settlement,Мензелинск,53.1071815,55.7255585,low,media,https://menzela.ru/news/obshchestvo/v-menzelinske-otkryli-obnovlennyi-detskii-sad-altyncec,useful,87,False,1,1,True,False,False,ready,[],[],publish_now
evt_bffa49f2ad4c510aa8438405,,"Начальник отделения ГИБДД по Дрожжановскому району Анатолий Михайлов рассказал, почему детское кресло и контроль над ключами от авто могут спасти жизнь.",reported,2026-08-28T06:13:00Z,2026-09-05T19:06:41Z,mo-92617420,territory,,,,low,media,https://chuprale-online.ru/news/obschestvo/anatolii-mixailov-rasskazal-o-bezopasnosti-detei-na-dorogax-otvetstvennosti-roditelei,context,36,False,1,1,False,False,False,needs_review,['not_editorially_useful'],[],priority_review
evt_a4f6ce16187fe056bfe3c4be,,Опыт Татарстана по внедрению биржевых механизмов в строительстве признан успешным и будет масштабироваться на другие регионы.,reported,2026-08-28T06:01:00Z,2026-09-05T19:06:39Z,mo-92618000,territory,,,,low,media,https://buinsk-tat.ru/news/vchera-segodnya-zavtra/opyt-rt-po-birzevym-torgam-stroimaterialami-masstabiruiut-na-federalnyi-uroven,useful,70,False,1,1,True,False,False,ready,[],[],publish_now
evt_064b8d5fc0c8b04ea4931160,,Завершается прием заявок для участия в федеральной программе «СВОй бизнес»,planned,2026-08-28T05:20:00Z,2026-09-05T19:06:37Z,mo-92605000,territory,,,,low,media,https://aktanysh-rt.ru/news/obschestvo/zaversaetsia-priem-zaiavok-dlia-ucastiia-v-federalnoi-programme-svoi-biznes,context,42,False,1,1,False,False,False,needs_review,['not_editorially_useful'],[],priority_review
evt_080cd58aa6a14e8ed6ce5715,,Сильный ветер и до +18 градусов ожидаются в Татарстане 28 августа,planned,2026-08-28T05:00:59Z,2026-09-05T19:06:30Z,mo-92629000,territory,,,,low,media,https://t.me/kaibicy/45745,context,0,False,1,1,False,False,False,needs_review,['not_editorially_useful'],[],context
evt_ca640e5dd77bba1628dbc09d,,30 августа в Лениногорске будут перекрыты дороги,reported,2026-08-28T03:41:00Z,2026-09-05T19:06:43Z,mo-92636101,settlement,Лениногорск,52.4469099,54.5994324,low,media,https://leninogorsk-rt.ru/news/sobytie-nedeli/30-avgusta-v-leninogorske-budut-perekryty-dorogi,context,20,False,1,1,False,False,False,needs_review,['not_editorially_useful'],[],priority_review
evt_legacy_06fcf01f8bb210897aa5313c,public-29dbcd06add8ab16,В Казанском университете прошел форум ректоров ИСЕСКО,unknown,2026-08-28T00:00:00Z,2026-09-04T15:47:33Z,RU-TA,territory,,,,high,official,https://media.kpfu.ru/news/forum-rektorov-isesko,context,20,True,1,0,False,False,False,needs_review,"['missing_primary_evidence', 'not_editorially_useful']",[],priority_review
evt_legacy_255cc51ac6793536f327fe32,public-5f94f52860c82006,Праздник для будущих первоклассников,unknown,2026-08-28T00:00:00Z,2026-09-04T15:47:34Z,RU-TA,territory,,,,high,official,https://16.mchs.gov.ru/deyatelnost/press-centr/novosti/5817924,context,0,True,1,0,False,False,False,needs_review,"['missing_primary_evidence', 'not_editorially_useful']",[],context
evt_legacy_33f6a0a9b41f23bfb42e29c6,public-9ba9e7f228bd0872,Считанные часы до юбилейной «PROнауки в КФУ»,unknown,2026-08-28T00:00:00Z,2026-09-04T15:47:33Z,RU-TA,territory,,,,high,official,https://media.kpfu.ru/news/yubileynaya-pronauka-otvechaem-na-samye-populyarnye-voprosy,noise,0,True,1,0,False,False,False,needs_review,"['missing_primary_evidence', 'not_editorially_useful']",[],hide_noise
evt_legacy_34a78de176e71a48b4dcd74d,public-1d87d1d9443ae748,На нефтегазохимическом форуме КФУ презентовал передовые научные разработки,unknown,2026-08-28T00:00:00Z,2026-09-04T15:47:33Z,mo-92701000,territory,,,,high,official,https://media.kpfu.ru/news/na-neftegazokhimicheskom-forume-kfu-prezentoval-peredovye-nauchnye-razrabotki-i-vostrebovannye,context,20,True,1,0,False,False,False,needs_review,"['missing_primary_evidence', 'not_editorially_useful']",[],priority_review
evt_legacy_3b40f7caded2812978fde566,public-034daf41b4855ce1,На XX «PROнауке в КФУ» обсудят роль ИИ в обществе и жизни жителей Татарстана,unknown,2026-08-28T00:00:00Z,2026-09-04T15:47:33Z,RU-TA,territory,,,,high,official,https://media.kpfu.ru/news/na-xx-pronauke-v-kfu-obsudyat-rol-ii-v-obschestve-i-zhizni-zhiteley-tatarstana,noise,0,True,1,0,False,False,False,needs_review,"['missing_primary_evidence', 'not_editorially_useful']",[],hide_noise
evt_legacy_3e49fdd1b2b6c585f0c2892d,public-b0bb47238e045332,Глава Минобрнауки России Валерий Фальков посетил совместное производство КФУ и ООО «Изварино Фарма»,unknown,2026-08-28T00:00:00Z,2026-09-04T15:47:33Z,RU-TA,territory,,,,high,official,https://media.kpfu.ru/news/belomorskaya,context,16,True,1,0,False,False,False,needs_review,"['missing_primary_evidence', 'not_editorially_useful']",[],priority_review
evt_legacy_4155a526a446c394cd25e983,public-743ee3f38f242d4e,Совместные образовательные программы с Шаньдунским университетом обсудили в КФУ,unknown,2026-08-28T00:00:00Z,2026-09-04T15:47:33Z,RU-TA,territory,,,,high,official,https://media.kpfu.ru/news/vizit-delegacii-shandunskogo-universiteta,context,0,True,1,0,False,False,False,needs_review,"['missing_primary_evidence', 'not_editorially_useful']",[],context
evt_legacy_43e8f416b004dcbfa1a04157,public-62fd925489114940,Состоялась торжественная церемония открытия V Глобального молодежного саммита,unknown,2026-08-28T00:00:00Z,2026-09-04T15:47:33Z,RU-TA,territory,,,,high,official,https://media.kpfu.ru/news/otkrytie-kgms-2026,context,0,True,1,0,False,False,False,needs_review,"['missing_primary_evidence', 'not_editorially_useful']",[],context
evt_legacy_4e9fab6e1335cfa004d95096,public-62449fa670e3471d,Ректор КФУ принял участие в пленарном заседании по инженерному образованию,unknown,2026-08-28T00:00:00Z,2026-09-04T15:47:33Z,RU-TA,territory,,,,high,official,https://media.kpfu.ru/news/plenarnoe-zasedanie-4,context,0,True,1,0,False,False,False,needs_review,"['missing_primary_evidence', 'not_editorially_useful']",[],context
evt_legacy_4fdbc7fb51fe46d2ffd64d37,public-5386217ec2feb838,‎30 августа введён запрет на использование маломерных судов на участке реки Казанки ‎,unknown,2026-08-28T00:00:00Z,2026-09-04T15:47:34Z,RU-TA,territory,,,,high,official,https://16.mchs.gov.ru/deyatelnost/press-centr/novosti/5816719,context,0,True,1,0,False,False,False,needs_review,"['missing_primary_evidence', 'not_editorially_useful']",[],context
evt_legacy_98cf39890b63d5a5b5c9e260,public-2f17a2bc581e2466,Университет Иннополис подготовил к технологическим олимпиадам 316 школьников из 23 регионов России,unknown,2026-08-28T00:00:00Z,2026-09-04T15:47:31Z,mo-92620109,territory,,,,high,official,https://innopolis.university/news/summer-school-results-2026/,context,36,True,1,0,False,False,False,needs_review,"['missing_primary_evidence', 'not_editorially_useful']",[],priority_review
evt_legacy_b6a2fee76b35b14ce1aca95f,public-f73dc0c88cc4c985,Учёные Университета Иннополис обнаружили у нейросетей скачок в способности к рассуждению,unknown,2026-08-28T00:00:00Z,2026-09-04T15:47:31Z,mo-92620109,territory,,,,high,official,https://innopolis.university/news/neural-networks-reason/,context,0,True,1,0,False,False,False,needs_review,"['missing_primary_evidence', 'not_editorially_useful']",[],context
evt_legacy_bb689982a517b922c4290230,public-2c9c08e6897c5972,Астрофизик КФУ – победитель номинации Глобальной премии молодых лидеров,unknown,2026-08-28T00:00:00Z,2026-09-04T15:47:33Z,RU-TA,territory,,,,high,official,https://media.kpfu.ru/news/globalnaya-premiya-molodykh-liderov,noise,0,True,1,0,False,False,False,needs_review,"['missing_primary_evidence', 'not_editorially_useful']",[],hide_noise
evt_legacy_c57d8341e03119bb8a53a22b,public-1dd9e065a3fa30e1,Ленар Сафин принял участие в заседании Оргкомитета Форума ассоциации российско-китайских технических вузов,unknown,2026-08-28T00:00:00Z,2026-09-04T15:47:33Z,mo-92701000,territory,,,,high,official,https://media.kpfu.ru/news/rabochaya-vstrecha-12,noise,20,True,1,0,False,False,False,needs_review,"['missing_primary_evidence', 'not_editorially_useful']",[],hide_noise
evt_legacy_edee259f1aa36b3c074fca24,public-fc799b63193a3e26,Владимир Путин присвоил государственные награды сотрудникам Казанского университета,unknown,2026-08-28T00:00:00Z,2026-09-04T15:47:33Z,RU-TA,territory,,,,high,official,https://media.kpfu.ru/news/vladimir-putin-prisvoil-gosudarstvennye-nagrady-sotrudnikam-kazanskogo-universiteta,noise,0,True,1,0,False,False,False,needs_review,"['missing_primary_evidence', 'not_editorially_useful']",[],hide_noise
evt_12fe8c2f193848d76d0ac980,,Ярмарка вакансий нефтегазохимической отрасли в Казани,reported,2026-08-27T21:00:00Z,2026-09-05T19:00:59Z,mo-92701000,territory,,,,medium,media,http://media.kpfu.ru/news/na-neftegazokhimicheskom-forume-kfu-prezentoval-peredovye-nauchnye-razrabotki-i-vostrebovannye,context,20,False,2,1,False,False,False,needs_review,['not_editorially_useful'],[],priority_review
evt_df399de2dace88545e70f2df,,Министр науки РФ посетил совместное производство КФУ и «Изварино Фарма»,reported,2026-08-27T21:00:00Z,2026-09-05T19:01:11Z,mo-92701000,territory,,,,medium,media,http://media.kpfu.ru/news/belomorskaya,context,16,False,2,1,False,False,False,needs_review,['not_editorially_useful'],[],priority_review
evt_54f154871e498a4de2f88bd6,,Более 2300 малых предприятий Татарстана воспользовались экспортной поддержкой,reported,2026-08-27T13:40:00Z,2026-09-05T19:06:47Z,mo-92632000,territory,,,,low,media,https://spas-rt.ru/news/obschestvo/bolee-2300-malyx-predpriiatii-tatarstana-vospolzovalis-eksportnoi-podderzkoi,context,0,False,1,1,False,False,False,needs_review,['not_editorially_useful'],[],context
evt_f39f9763e4a3022e28d50f3c,,Татарстанда законсыз чүплекләрне һәм канун бозучыларны дроннар ярдәмендә ачыклыйлар,reported,2026-08-27T13:12:00Z,2026-09-05T19:06:45Z,mo-92653000,territory,,,,low,media,https://sarman-rt.ru/news/rubriki-dlya-gazetyi-na-tatarskom/tatarstanda-zakonsyz-cupleklarne-ham-kanun-bozucylarny-dronnar-iardamenda-acyklyilar,context,59,False,1,1,False,False,False,needs_review,['not_editorially_useful'],[],priority_review
evt_c54fd1ff083890be47d02e72,,Спецподача трамваев в День города 🚃,reported,2026-08-27T13:10:52Z,2026-09-05T19:06:48Z,mo-92701000,territory,,,,low,official,https://t.me/kzn_official/23482,context,36,False,1,1,False,False,False,needs_review,['not_editorially_useful'],[],priority_review
evt_8e7e60769a3a4291b84c2620,,Среди учреждений дошкольного образования Авиастроительного и Ново-Савиновского районов был объявлен конкурс «Зелёные шажочки» на получение грантов.,reported,2026-08-27T13:07:35Z,2026-09-05T19:06:49Z,mo-92701000,building,"улица Гаврилова, 42А",49.1577299,55.8396005,low,official,https://t.me/avianovsav/6256,useful,87,False,1,1,True,True,False,ready,[],[],publish_now
evt_538d2a7f3698530501f45d08,,Буинский сахарный завод открыл сезон (фоторепортаж),reported,2026-08-27T11:54:00Z,2026-09-05T19:06:39Z,mo-92618000,territory,,,,low,media,https://buinsk-tat.ru/news/vchera-segodnya-zavtra/buinskii-saxarnyi-zavod-otkryl-sezon-fotoreportaz,context,0,False,1,1,False,False,False,needs_review,['not_editorially_useful'],[],context
evt_ec5e3dec66b20186b86e5ced,,На совместном заседании рабочей группы Антитеррористической комиссии в Казани по Авиастроительному и Ново-Савиновскому районам и межведомственной комиссии по пр,reported,2026-08-27T11:33:01Z,2026-09-05T19:06:49Z,mo-92701000,territory,,,,low,official,https://t.me/avianovsav/6252,context,36,False,1,1,False,False,False,needs_review,['not_editorially_useful'],[],priority_review
evt_9ad33ec67c23b1d067287ddb,,"Бүген мондагы Дружба урамында һәм Совет урамы башына җитәрлек итеп 820 метр арадагы юлга капиталь ремонт ясала, анда асфальт түшәләчәк.",unknown,2026-08-27T11:21:11Z,2026-09-05T19:06:34Z,mo-92658410,territory,,,,low,media,https://t.me/n_chrmshn/18490,context,30,False,1,1,False,False,False,needs_review,['not_editorially_useful'],[],priority_review
evt_c3d480400a2e5e8ddef12e96,,Әлмәтле кабат аек булмаган хәлдә машина йөрткән өчен 200 сәгатьлек эшкә хөкем ителде,resolved,2026-08-27T11:17:00Z,2026-09-05T19:06:38Z,mo-92608000,territory,,,,low,media,https://almet-rt.ru/news/inayat-m-za/66329,context,0,False,1,1,False,False,False,needs_review,['not_editorially_useful'],[],context
evt_022c29bfcec2692ecf69a9d6,,Более 2 300 предпринимателей Татарстана вывели бизнес на экспорт с господдержкой,reported,2026-08-27T11:12:00Z,2026-09-05T19:06:42Z,mo-92630000,territory,,,,low,media,https://kamskoe-ustie.ru/news/ekonomika-i-finansy/bolee-2-300-predprinimatelei-tatarstana-vyveli-biznes-na-eksport-s-gospodderzkoi,context,0,False,1,1,False,False,False,needs_review,['not_editorially_useful'],[],context
evt_e1f277ee0647b935045a80f0,,После капитального ремонта в Мензелинске открылся ледовый дворец,resolved,2026-08-27T11:06:00Z,2026-09-05T19:06:44Z,mo-92640101,settlement,Мензелинск,53.1071815,55.7255585,low,media,https://menzela.ru/news/tema-dnya/posle-kapitalnogo-remonta-v-menzelinske-otkrylsia-ledovyi-dvorec,useful,87,False,1,1,True,False,False,ready,[],[],publish_now
evt_dd6937aa3a62a558d78215d1,,Кардиолог РКБ Татарстана назвал факторы риска при кардионагрузках,unknown,2026-08-27T10:31:00Z,2026-09-05T19:06:35Z,mo-92601000,territory,,,,low,media,https://agryz-rt.ru/news/po-materialam-tatar-inform/kardiolog-rkb-tatarstana-nazval-faktory-riska-pri-kardionagruzkax,context,0,False,1,1,False,False,False,needs_review,['not_editorially_useful'],[],context
evt_215460d1acefd066c3678553,,Учительская коференция состоялась в Нижнекамске,reported,2026-08-27T10:25:00Z,2026-09-05T19:06:44Z,mo-92644101,settlement,Нижнекамск,51.8160376,55.6412879,low,media,https://nizhnekamsk-rt.ru/news/obschestvo/ucitelskaia-koferenciia-sostoialas-v-niznekamske,context,20,False,1,1,False,False,False,needs_review,['not_editorially_useful'],[],priority_review
evt_1c752f61bca43ebd7be92e2f,,В гимназии №107 «Открытие» состоялась августовская конференция работников образования.,resolved,2026-08-27T09:58:13Z,2026-09-05T19:06:49Z,mo-92701000,territory,,,,low,official,https://t.me/avianovsav/6244,useful,87,False,1,1,True,False,False,ready,[],[],publish_now
evt_be9984bbb69fdf76075d19bf,,Раис Татарстана Рустам Минниханов и мэр Казани Ильсур Метшин открыли новый спортивный комплекс с ледовой ареной и трибунами на 252 места.,resolved,2026-08-27T09:53:09Z,2026-09-05T19:06:48Z,mo-92701000,territory,,,,low,official,https://t.me/kzn_official/23474,context,67,False,1,1,False,False,False,needs_review,['not_editorially_useful'],[],priority_review
evt_84c325396abb759c61f5a484,,Ислам әдәпләре буенча кич белән чүп түгәргә ярыймы?,reported,2026-08-27T08:27:00Z,2026-09-05T19:06:47Z,mo-92730000,territory,,,,low,media,https://shahrichalli.ru/news/din-m-tormysh/islam-adaplare-buenca-kic-belan-cup-tugarga-iaryimy,context,0,False,1,1,False,False,False,needs_review,['not_editorially_useful'],[],context
evt_ff1196649d67f756fdc3fbbc,,В парке «Патриот» Новошешминска открыли мемориальные доски в честь бойцов СВО,resolved,2026-08-27T08:23:00Z,2026-09-05T19:06:44Z,mo-92645432,territory,,,,low,media,https://novoshishminsk.ru/news/novosti-rayona/v-parke-patriot-novosesminska-otkryli-memorialnye-doski-v-cest-boicov-svo,useful,79,False,1,1,True,False,False,ready,[],[],publish_now
evt_02d1cc0831c20e0f995e1b51,,Арчада 9 кешегә штраф салынды,reported,2026-08-27T08:12:00Z,2026-09-05T19:06:38Z,mo-92612000,territory,,,,low,media,https://arskmedia.ru/news/rayon-yaalyklary/arcada-9-kesega-straf-salyndy,context,59,False,1,1,False,False,False,needs_review,['not_editorially_useful'],[],priority_review
evt_9d3b0c04e03eb74447fa8ff6,,Следите за пульсом: кардиолог РКБ о рисках инфаркта и инсульта,unknown,2026-08-27T07:24:00Z,2026-09-05T19:06:37Z,mo-92606000,territory,,,,low,media,https://alekseyevsk.ru/news/v-respublike/sledite-za-pulsom-kardiolog-rkb-o-riskax-infarkta-i-insulta,context,0,False,1,1,False,False,False,needs_review,['not_editorially_useful'],[],context
evt_4de946e12f884a230c8e1803,,В Дрожжановском районе произошло смертельное ДТП,unknown,2026-08-27T06:31:00Z,2026-09-05T19:06:41Z,mo-92624000,territory,,,,low,media,https://chuprale-online.ru/news/obschestvo/v-drozzanovskom-raione-proizoslo-smertelnoe-dtp,context,20,False,1,1,False,False,False,needs_review,['not_editorially_useful'],[],priority_review
evt_6dd3eebcf1c0bfb0764d3e59,,Опыт Татарстана по внедрению биржевых механизмов в строительстве признан успешным и будет масштабироваться на другие регионы.,reported,2026-08-27T05:37:00Z,2026-09-05T19:06:37Z,mo-92606000,territory,,,,low,media,https://alekseyevsk.ru/news/v-respublike/6-mlrd-rublei-obieem-torgov-stroimaterialami-v-tatarstane-za-god,useful,70,False,1,1,True,False,False,ready,[],[],publish_now
evt_65111f1386efbe902009e470,,В Татарстане идет набор в тактическое подразделение «Сталинские соколы»,unknown,2026-08-27T05:26:00Z,2026-09-05T19:06:37Z,mo-92606000,territory,,,,low,media,https://alekseyevsk.ru/news/obshchestvo/v-tatarstane-idet-nabor-v-takticeskoe-podrazdelenie-stalinskie-sokoly,context,0,False,1,1,False,False,False,needs_review,['not_editorially_useful'],[],context
evt_fcc7f6f64d7da5d73e681ff4,,Учебник по финансовой грамотности для вузов есть теперь «в цифре»,unknown,2026-08-27T05:10:00Z,2026-09-05T19:06:37Z,mo-92605000,territory,,,,low,media,https://aktanysh-rt.ru/news/finans-gramotalylygy/ucebnik-po-finansovoi-gramotnosti-dlia-vuzov-est-teper-v-cifre,context,0,False,1,1,False,False,False,needs_review,['not_editorially_useful'],[],context
evt_af9fb9511bbe59a40deb98d6,,Хәзер чыганакка керү 2 сентябрьгә кадәр территорияне ремонтлау аркасында вакытлыча ябык.,unknown,2026-08-27T05:01:00Z,2026-09-05T19:06:38Z,mo-92608472,settlement,Ямаш,52.1842861,55.0342202,low,media,https://almet-rt.ru/news/mgyiyat/66326,context,20,False,1,1,False,False,False,needs_review,['not_editorially_useful'],[],priority_review
evt_legacy_489e8d6dda1252ebbd5e72be,public-fb6cbb73be0779a4,Астроном Казанского университета рассказал об Осетровой Луне и затмении,unknown,2026-08-27T00:00:00Z,2026-09-04T15:47:33Z,RU-TA,territory,,,,high,official,https://media.kpfu.ru/news/astronom-kazanskogo-universiteta-rasskazal-ob-osetrovoy-lune-i-zatmenii,context,0,True,1,0,False,False,False,needs_review,"['missing_primary_evidence', 'not_editorially_useful']",[],context
evt_legacy_793af325935f93b2cbabaca5,public-26384a2510bcc72d,«INNOverse50+»: в КФУ стартовала международная программа для работы над актуальными вызовами,unknown,2026-08-27T00:00:00Z,2026-09-04T15:47:33Z,RU-TA,territory,,,,high,official,https://media.kpfu.ru/news/kgms-2026,context,20,True,1,0,False,False,False,needs_review,"['missing_primary_evidence', 'not_editorially_useful']",[],priority_review
evt_legacy_89625e4837446a825b397591,public-bcafb4646a6e4adc,Директор Набережночелнинского института КФУ представил разработки университетской науки на конференции по автокомпонентной отрасли,unknown,2026-08-27T00:00:00Z,2026-09-04T15:47:33Z,RU-TA,territory,,,,high,official,https://media.kpfu.ru/news/direktor-naberezhnochelninskogo-instituta-kfu-andrey-keller-predstavil-razrabotki,context,20,True,1,0,False,False,False,needs_review,"['missing_primary_evidence', 'not_editorially_useful']",[],priority_review
evt_legacy_8f18143b54b872ef4be9784c,public-7abc1ef9682519a6,Блог-тур для зарубежных блогеров и представителей СМИ состоялся в КФУ,unknown,2026-08-27T00:00:00Z,2026-09-04T15:47:33Z,RU-TA,territory,,,,high,official,https://media.kpfu.ru/news/blog-tur,context,0,True,1,0,False,False,False,needs_review,"['missing_primary_evidence', 'not_editorially_useful']",[],context
evt_legacy_8f7eee4498410d365750957d,public-1e55c06678456e7e,Об уровне и индексах потребительских цен на некоторые виды продовольственных товаров по Республике Татарстан на 24 августа 2026 года,unknown,2026-08-27T00:00:00Z,2026-09-04T13:14:12Z,RU-TA,territory,,,,high,official,https://16.rosstat.gov.ru/news/document/289289,context,0,True,1,0,False,False,False,needs_review,"['missing_primary_evidence', 'not_editorially_useful']",[],context
evt_legacy_a0add16007f42e11eb74bf90,public-405063cfd71b321e,Ректор КФУ встретился с руководителем Университета Бахрия,unknown,2026-08-27T00:00:00Z,2026-09-04T15:47:33Z,RU-TA,territory,,,,high,official,https://media.kpfu.ru/news/rabochaya-vstrecha-11,context,0,True,1,0,False,False,False,needs_review,"['missing_primary_evidence', 'not_editorially_useful']",[],context
evt_legacy_a336b4311c295c44be685566,public-6be3b7f2399981a7,«Помоги собраться в школу»: будущим первоклассникам в КФУ вручили подарки,unknown,2026-08-27T00:00:00Z,2026-09-04T15:47:33Z,RU-TA,territory,,,,high,official,https://media.kpfu.ru/news/pomogi-sobratsya-v-shkolu-buduschim-pervoklassnikam-vruchili-podarki-v-kfu,context,36,True,1,0,False,False,False,needs_review,"['missing_primary_evidence', 'not_editorially_useful']",[],priority_review
evt_legacy_b4df326a03c1265c8ecefbae,public-dff6b3cb3666285b,О средних потребительских ценах на автомобильный бензин и дизельное топливо по Республике Татарстан на 24 августа 2026 года,unknown,2026-08-27T00:00:00Z,2026-09-04T13:14:12Z,RU-TA,territory,,,,high,official,https://16.rosstat.gov.ru/news/document/289291,context,0,True,1,0,False,False,False,needs_review,"['missing_primary_evidence', 'not_editorially_useful']",[],context
evt_legacy_d062e0b15bf51708c8b84bca,public-e7b9814d69be3009,Проверки школ Татарстана у самого финиша,unknown,2026-08-27T00:00:00Z,2026-09-04T15:47:34Z,RU-TA,territory,,,,high,official,https://16.mchs.gov.ru/deyatelnost/press-centr/novosti/5817398,context,16,True,1,0,False,False,False,needs_review,"['missing_primary_evidence', 'not_editorially_useful']",[],priority_review
evt_legacy_d8415bf8be62355360a61591,public-84218f179ac1ccb7,КФУ и Исламский университет в Уганде заключили соглашение о сотрудничестве,unknown,2026-08-27T00:00:00Z,2026-09-04T15:47:33Z,RU-TA,territory,,,,high,official,https://media.kpfu.ru/news/podpisanie-23,context,20,True,1,0,False,False,False,needs_review,"['missing_primary_evidence', 'not_editorially_useful']",[],priority_review
evt_7a6847e97ec6e7ea4e500f2b,,В КФУ будущим первоклассникам вручили подарки к 1 сентября,reported,2026-08-26T21:00:00Z,2026-09-05T19:06:04Z,mo-92701000,territory,,,,medium,media,http://media.kpfu.ru/news/pomogi-sobratsya-v-shkolu-buduschim-pervoklassnikam-vruchili-podarki-v-kfu,context,36,False,1,1,False,False,False,needs_review,['not_editorially_useful'],[],priority_review
evt_a8ff72f1f444e9bd8c83e81b,,В КФУ состоялась встреча с делегацией Университета Бахрия,reported,2026-08-26T21:00:00Z,2026-09-05T19:05:13Z,mo-92701000,territory,,,,medium,media,http://media.kpfu.ru/news/rabochaya-vstrecha-11,context,16,False,2,1,False,False,False,needs_review,['not_editorially_useful'],[],priority_review
evt_b7b4340f97305b5404e064c2,,Конференция по автокомпонентной отрасли в Технопарке «Идея»,reported,2026-08-26T21:00:00Z,2026-09-05T19:04:38Z,mo-92701000,territory,,,,medium,media,http://media.kpfu.ru/news/direktor-naberezhnochelninskogo-instituta-kfu-andrey-keller-predstavil-razrabotki,useful,87,False,1,1,True,False,False,ready,[],[],publish_now
evt_ea8e62220b3afd8cbc98f498,,В КФУ стартовала международная программа INNOverse50+,reported,2026-08-26T21:00:00Z,2026-09-05T19:05:39Z,mo-92701000,territory,,,,medium,media,http://media.kpfu.ru/news/kgms-2026,context,36,False,2,1,False,False,False,needs_review,['not_editorially_useful'],[],priority_review
evt_f21a56128ca5168cc5ae7573,,КФУ и Исламский университет в Уганде подписали меморандум о сотрудничестве,reported,2026-08-26T21:00:00Z,2026-09-05T19:13:40Z,mo-92701000,territory,,,,medium,media,http://media.kpfu.ru/news/podpisanie-23,context,20,False,2,1,False,False,False,needs_review,['not_editorially_useful'],[],priority_review
evt_7d957b4304bca02aac8035f6,,Наши студенты получили стипендию Президента РФ,unknown,2026-08-26T15:31:01Z,2026-09-05T19:06:25Z,RU-TA,territory,,,,low,media,https://t.me/universityinnopolis/3535,context,16,False,1,1,False,False,False,needs_review,['not_editorially_useful'],[],priority_review
evt_be4243b6efb675b38d863dda,,На улице Побежимова после ремонта открылась библиотека №25 «Бердәм».,resolved,2026-08-26T11:16:06Z,2026-09-05T19:06:49Z,mo-92701000,territory,,,,low,official,https://t.me/avianovsav/6223,useful,89,False,1,1,True,False,False,ready,[],[],publish_now
evt_3fe47dae2ea1453438fd3581,,Здесь завершился капремонт библиотеки №25 «Бердәм».,reported,2026-08-26T10:53:06Z,2026-09-05T19:06:48Z,mo-92701000,territory,,,,low,official,https://t.me/kzn_official/23458,useful,62,False,1,1,True,False,False,ready,[],[],publish_now
evt_9e572c95e8f368f901b95bd1,,Продолжаем ремонтные работы на надземных и подземных переходах города.,resolved,2026-08-26T10:03:25Z,2026-09-05T19:06:48Z,mo-92701000,territory,,,,low,official,https://t.me/kvb_kzn/3848,useful,89,False,1,1,True,False,False,ready,[],[],publish_now
evt_3d028c814bf662abc86269c7,,Запустили единую образовательную платформу для школьников 🤩,reported,2026-08-26T09:02:14Z,2026-09-05T19:06:25Z,mo-92620109,territory,,,,low,media,https://t.me/universityinnopolis/3534,context,67,False,1,1,False,False,False,needs_review,['not_editorially_useful'],[],priority_review
evt_legacy_23250171b41a20283564e236,public-a7d9ef8a685566d4,Профилактические мероприятия Госпожнадзора на избирательных участках,unknown,2026-08-26T00:00:00Z,2026-09-04T15:47:34Z,RU-TA,territory,,,,high,official,https://16.mchs.gov.ru/deyatelnost/press-centr/novosti/5816653,context,0,True,1,0,False,False,False,needs_review,"['missing_primary_evidence', 'not_editorially_useful']",[],context
evt_legacy_40075059036da10b78ebe88e,public-52381a8f8359f688,На «PROнауке в КФУ» Сергей Подковальников выступит с научным стендапом,unknown,2026-08-26T00:00:00Z,2026-09-04T15:47:33Z,RU-TA,territory,,,,high,official,https://media.kpfu.ru/news/na-pronauke-v-kfu-mikolog-sergey-podkovalnikov-vystupit-s-nauchnym-stendapom,context,0,True,1,0,False,False,False,needs_review,"['missing_primary_evidence', 'not_editorially_useful']",[],context
evt_legacy_485cbe58696600bcdb9f09c9,public-9ebde68508159089,В Казанском федеральном развенчали мифы о школьном рюкзаке,unknown,2026-08-26T00:00:00Z,2026-09-04T15:47:33Z,RU-TA,territory,,,,high,official,https://media.kpfu.ru/news/v-kazanskom-federalnom-razvenchali-mify-o-shkolnom-ryukzake,context,36,True,1,0,False,False,False,needs_review,"['missing_primary_evidence', 'not_editorially_useful']",[],priority_review
evt_legacy_60ae4705ab258501e5451482,public-663640f7ba883568,Университет Иннополис запустил единую образовательную платформу для школьников,unknown,2026-08-26T00:00:00Z,2026-09-04T15:47:31Z,mo-92620109,territory,,,,high,official,https://innopolis.university/news/iu-school-account/,context,16,True,1,0,False,False,False,needs_review,"['missing_primary_evidence', 'not_editorially_useful']",[],priority_review
evt_legacy_abf8bca4ab064e76d4a5f7b2,public-a7db12feab9307e1,Ленар Сафин встретился с представителями крупнейших нефтесервисных и нефтегазовых компаний Омана и Венесуэлы,unknown,2026-08-26T00:00:00Z,2026-09-04T13:14:24Z,mo-92701000,territory,,,,high,official,https://media.kpfu.ru/news/neftegazokhimicheskiy-forum-0,context,20,True,1,0,False,False,False,needs_review,"['missing_primary_evidence', 'not_editorially_useful']",[],priority_review
evt_legacy_acaacdbfd3eae668ac907e9a,public-660333e230607b9c,Заселение началось: КФУ принимает студентов,unknown,2026-08-26T00:00:00Z,2026-09-04T13:14:24Z,RU-TA,territory,,,,high,official,https://media.kpfu.ru/news/v-kazanskom-universitete-startovala-kampaniya-po-zaseleniyu-pervokursnikov,context,0,True,1,0,False,False,False,needs_review,"['missing_primary_evidence', 'not_editorially_useful']",[],context
evt_legacy_b0ff909667ce66119536d51a,public-42192375525d3ab2,В Казанском университете стартовала кросс-вузовская экспертиза,unknown,2026-08-26T00:00:00Z,2026-09-04T15:47:33Z,RU-TA,territory,,,,high,official,https://media.kpfu.ru/news/kross-sessiya-2026,context,20,True,1,0,False,False,False,needs_review,"['missing_primary_evidence', 'not_editorially_useful']",[],priority_review
evt_448913ed3ca5735eada3caf9,,Кросс-вузовская экспертиза в Казанском федеральном университете,reported,2026-08-25T21:00:00Z,2026-09-05T19:14:14Z,mo-92701000,territory,,,,medium,media,http://media.kpfu.ru/news/kross-sessiya-2026,useful,87,False,2,1,True,False,False,ready,[],[],publish_now
evt_b6cd9d294f564d2101bc6641,,Научный стендап Сергея Подковальникова в КФУ,reported,2026-08-25T21:00:00Z,2026-09-05T19:14:44Z,mo-92701000,territory,,,,medium,media,http://media.kpfu.ru/news/na-pronauke-v-kfu-mikolog-sergey-podkovalnikov-vystupit-s-nauchnym-stendapom,context,0,False,1,1,False,False,False,needs_review,['not_editorially_useful'],[],context
evt_c51fab63cbaf8d2742bc9989,,Что заставило женщину проигнорировать предупреждения? И как мошенники убедили ее передать им 9 млн рублей?,unknown,2026-08-25T16:27:56Z,2026-09-05T19:06:32Z,mo-92644000,territory,,,,low,media,https://t.me/kampolany/16323,context,16,False,1,1,False,False,False,needs_review,['not_editorially_useful'],[],priority_review
evt_b60e533c317d6e76d0d7ac7c,,"Ее открыли мэр Казани Ильсур Метшин, Игорь Крутой, Игорь Николаев и 12 финалистов конкурса.",resolved,2026-08-25T15:01:00Z,2026-09-05T19:06:48Z,mo-92701000,territory,,,,low,official,https://t.me/kzn_official/23453,useful,79,False,1,1,True,False,False,ready,[],[],publish_now
evt_d7089e31bd533b1044c0c1fd,,В Авиастроительном районе запустили бесплатный аудиогид по Соцгороду,reported,2026-08-25T07:16:01Z,2026-09-05T19:06:49Z,mo-92701000,territory,,,,low,official,https://t.me/avianovsav/6210,useful,79,False,1,1,True,False,False,ready,[],[],publish_now
evt_legacy_95a828331d0994eddf0c5ba8,public-3fccb24cf7feb58d,Учёные Университета Иннополис разработали модель для прогнозирования эволюции бактериальных биоплёнок,unknown,2026-08-25T00:00:00Z,2026-09-04T15:47:31Z,mo-92620109,territory,,,,high,official,https://innopolis.university/news/bacteria-biofilms-2026/,context,20,True,1,0,False,False,False,needs_review,"['missing_primary_evidence', 'not_editorially_useful']",[],priority_review
evt_legacy_d338a2bfa45d14ee2c402420,public-31411f979c876da5,Приглашаем принять участие в фотоконкурсе МЧС России «В узорах народных – характер героев»,unknown,2026-08-25T00:00:00Z,2026-09-04T15:47:34Z,RU-TA,territory,,,,high,official,https://16.mchs.gov.ru/deyatelnost/press-centr/novosti/5816178,context,0,True,1,0,False,False,False,needs_review,"['missing_primary_evidence', 'not_editorially_useful']",[],context
evt_0645727ad98ed1fd25329c5e,,Газ отключили? Разобрали главные причины: от долгов до отсутствия договора на техобслуживание,reported,2026-08-24T13:09:19Z,2026-09-05T19:06:32Z,mo-92644000,territory,,,,low,media,https://t.me/kampolany/16313,context,67,False,1,1,False,False,False,needs_review,['not_editorially_useful'],[],priority_review
evt_1a596c846c0b831980d49943,,"Специалисты проверяют тепловые сети, готовят котельные, завершают капитальный ремонт домов.",reported,2026-08-24T10:59:01Z,2026-09-05T19:06:48Z,mo-92701000,territory,,,,low,official,https://t.me/kzn_official/23425,context,16,False,1,1,False,False,False,needs_review,['not_editorially_useful'],[],priority_review
evt_e051c5086a3cb1187561d54e,,С Минпромторгом РФ открыли приём заявок на премию по автоматизации складских процессов,resolved,2026-08-24T09:45:27Z,2026-09-05T19:06:25Z,RU-TA,territory,,,,low,media,https://t.me/universityinnopolis/3532,context,59,False,1,1,False,False,False,needs_review,['not_editorially_useful'],[],priority_review
evt_1fa1a5ec9d6165aedde0c15e,,На этой неделе планируем поездки заранее ⛔️,planned,2026-08-24T08:59:02Z,2026-09-05T19:06:49Z,mo-92701000,territory,,,,low,official,https://t.me/avianovsav/6201,context,16,False,2,2,False,False,False,needs_review,['not_editorially_useful'],[],priority_review
evt_legacy_4937868beb622f4ed1dddd6d,public-2ec082d8d770afe7,В Университете Иннополис прошла первая защита кандидатской диссертации,unknown,2026-08-24T00:00:00Z,2026-09-04T15:47:31Z,mo-92620109,territory,,,,high,official,https://innopolis.university/news/first-candidate-defense-2026/,context,20,True,1,0,False,False,False,needs_review,"['missing_primary_evidence', 'not_editorially_useful']",[],priority_review
evt_legacy_6629159df7faa8fe87866a61,public-e8511146241e5cf8,"В России объявят лучшие решения по автоматизации складских процессов в логистике, торговле и промышленности",unknown,2026-08-24T00:00:00Z,2026-09-04T15:47:31Z,mo-92620109,territory,,,,high,official,https://innopolis.university/news/warehouse-processes-award-2026/,context,0,True,1,0,False,False,False,needs_review,"['missing_primary_evidence', 'not_editorially_useful']",[],context
evt_5612a6b88b539001f0298ef6,,ТГ и МАКС:,unknown,2026-08-21T15:12:51Z,2026-09-05T19:06:32Z,mo-92644000,territory,,,,low,media,https://t.me/kampolany/16301,context,0,False,1,1,False,False,False,needs_review,['not_editorially_useful'],[],context
evt_1eff8a742b9b40c40b47f1a8,,На улице Академика Павлова открылся пункт выдачи горячего питания,resolved,2026-08-21T12:34:01Z,2026-09-05T19:06:49Z,mo-92701000,building,"улица Академика Павлова, 6А",49.104227565432566,55.8640495,low,official,https://t.me/avianovsav/6197,useful,89,False,1,1,True,True,False,ready,[],[],publish_now
evt_774ee9890d126231077545a5,,Новый транспорт на привычных маршрутах 🚎,reported,2026-08-21T08:42:29Z,2026-09-05T19:06:48Z,mo-92701000,territory,,,,low,official,https://t.me/kzn_official/23401,context,50,False,1,1,False,False,False,needs_review,['not_editorially_useful'],[],priority_review
evt_legacy_5753549b868d55cda94ad28a,public-85a6544882c5d25d,О средних потребительских ценах на автомобильный бензин и дизельное топливо по Республике Татарстан на 17 августа 2026 года,unknown,2026-08-21T00:00:00Z,2026-09-04T13:14:12Z,RU-TA,territory,,,,high,official,https://16.rosstat.gov.ru/news/document/288901,context,0,True,1,0,False,False,False,needs_review,"['missing_primary_evidence', 'not_editorially_useful']",[],context
evt_legacy_d0788e9ea6f611bd02ea64fc,public-8112cc245665e0a2,Об уровне и индексах потребительских цен на некоторые виды продовольственных товаров по Республике Татарстан на 17 августа 2026 года,unknown,2026-08-21T00:00:00Z,2026-09-04T13:14:12Z,RU-TA,territory,,,,high,official,https://16.rosstat.gov.ru/news/document/288902,context,0,True,1,0,False,False,False,needs_review,"['missing_primary_evidence', 'not_editorially_useful']",[],context
evt_2f5b23b2a0cd4eb9508b52f0,,"📌 В этом году здесь обновили корпус травматологии, установили современный томограф и рентген, в приемном отделении начали замену окон.",resolved,2026-08-20T13:09:34Z,2026-09-05T19:06:48Z,mo-92701000,territory,,,,low,official,https://t.me/kzn_official/23393,useful,87,False,1,1,True,False,False,ready,[],[],publish_now
evt_572837ec0b3808387873a3cb,,Первая точка будущей карьеры 🙌,reported,2026-08-20T10:59:01Z,2026-09-05T19:06:48Z,mo-92701000,territory,,,,low,official,https://t.me/kzn_official/23392,context,36,False,1,1,False,False,False,needs_review,['not_editorially_useful'],[],priority_review
evt_ffc0b2f4037dca9ffbad32dd,,На проспекте Фатыха Амирхана появился крошечный трудоголик – первая в Казани беспилотная газонокосилка.,unknown,2026-08-20T10:47:53Z,2026-09-05T19:06:49Z,mo-92701000,territory,,,,low,official,https://t.me/avianovsav/6181,context,30,False,1,1,False,False,False,needs_review,['not_editorially_useful'],[],priority_review
evt_6b58a698c16c9e59135a4aaf,,В помощь молодым педагогам 👩‍🏫,reported,2026-08-20T09:29:50Z,2026-09-05T19:06:48Z,mo-92701000,territory,,,,low,official,https://t.me/kzn_official/23391,context,36,False,1,1,False,False,False,needs_review,['not_editorially_useful'],[],priority_review
evt_8a9a5ea97648542a2b834f48,,Один из самых частых вопросов о контракте в Татарстане: можно ли самому выбрать часть и специальность?,unknown,2026-08-19T13:49:10Z,2026-09-05T19:06:32Z,mo-92644000,territory,,,,low,media,https://t.me/kampolany/16292,context,0,False,1,1,False,False,False,needs_review,['not_editorially_useful'],[],context
evt_a58982d77b4e82236bb06b36,,Начали работы по строительству сетей ливневой канализации на улице Латышских Стрелков.,in_progress,2026-08-19T11:30:01Z,2026-09-05T19:06:48Z,mo-92701000,street,улица Латышских Стрелков,49.1695196,55.7610455,low,official,https://t.me/kvb_kzn/3835,useful,97,False,1,1,True,True,False,ready,[],[],publish_now
evt_13c594b3ecfa7f1b1cacf9b5,,Совместно с Минпромторгом России объявляем конкурсный отбор 13 новых региональных центров промышленной робототехники,unknown,2026-08-19T09:09:37Z,2026-09-05T19:06:25Z,RU-TA,territory,,,,low,media,https://t.me/universityinnopolis/3529,context,16,False,1,1,False,False,False,needs_review,['not_editorially_useful'],[],priority_review
evt_b304244717cc16b8e058be11,,"Начали с крупной магистрали - проспекта Амирхана, где большой объем работы позволит его оценить в деле.",unknown,2026-08-19T06:48:36Z,2026-09-05T19:06:48Z,mo-92701000,territory,,,,low,official,https://t.me/kvb_kzn/3834,useful,89,False,1,1,True,False,False,ready,[],[],publish_now
evt_26cfa7c7f12a29c52efbbcfc,,"Здесь отремонтировали сцену, зрительный зал, фойе и гримерки, обновили кровлю и фасад.",resolved,2026-08-18T17:34:21Z,2026-09-05T19:06:48Z,mo-92701000,building,"улица Островского, 10",49.11308598957477,55.7894523,low,official,https://t.me/kzn_official/23357,useful,89,False,1,1,True,True,False,ready,[],[],publish_now
evt_93f91e8e7214b9ebc5858882,,Завершается капитальный ремонт пищеблоков.,reported,2026-08-18T13:36:56Z,2026-09-05T19:06:49Z,mo-92701000,territory,,,,low,official,https://t.me/avianovsav/6152,context,36,False,1,1,False,False,False,needs_review,['not_editorially_useful'],[],priority_review
evt_eb71ed81c34810eb1e8235ec,,Обсудили образовательные программы и сотрудничество с Чрезвычайным и Полномочным Послом КНР в Российской Федерации,unknown,2026-08-18T12:31:01Z,2026-09-05T19:06:25Z,RU-TA,territory,,,,low,media,https://t.me/universityinnopolis/3516,useful,79,False,1,1,True,False,False,ready,[],[],publish_now
evt_cd833e92f41bb98460e3bd7d,,В Парке Горького завершается строительство смотровой площадки.,reported,2026-08-18T07:33:17Z,2026-09-05T19:06:48Z,mo-92701000,street,улица Набережная Казанки,49.1230854,55.8026215,low,official,https://t.me/kzn_official/23351,useful,72,False,1,1,True,True,False,ready,[],[],publish_now
evt_c55ec333edaa88b0236e3ee4,,Чтобы матч прошел комфортнее,reported,2026-08-18T06:48:00Z,2026-09-05T19:06:48Z,mo-92701000,street,улица Адоратского,49.1473926,55.8216398,low,official,https://t.me/kzn_official/23350,useful,97,False,1,1,True,True,False,ready,[],[],publish_now
evt_legacy_44a7d7eca20121d0969f6cb0,public-ff80da9d2a544f51,Об индексе потребительских цен по Республике Татарстан в июле 2026 года,unknown,2026-08-18T00:00:00Z,2026-09-04T13:14:12Z,RU-TA,territory,,,,high,official,https://16.rosstat.gov.ru/news/document/288734,context,0,True,1,0,False,False,False,needs_review,"['missing_primary_evidence', 'not_editorially_useful']",[],context
evt_ca08e7fcd487f817fa56d38c,,Вошли в российско-китайское объединение вузов в области передовых технологий,reported,2026-08-17T12:15:01Z,2026-09-05T19:06:25Z,RU-TA,territory,,,,low,media,https://t.me/universityinnopolis/3511,context,16,False,1,1,False,False,False,needs_review,['not_editorially_useful'],[],priority_review
evt_936ec5333144b0c1b0d93b5f,,"Рассказываем о работах, которые реализуются в этом году 👆🏻 «Всего за 6 лет действия нацпроектов мы смогли заново построить сотни объектов и капитально их отремо",reported,2026-08-17T10:29:59Z,2026-09-05T19:06:48Z,mo-92701000,territory,,,,low,official,https://t.me/kzn_official/23336,context,67,False,1,1,False,False,False,needs_review,['not_editorially_useful'],[],priority_review
evt_3baa27f6d6436b1da7f84bb9,,Были проверены 396 укрытий. Как Раис Татарстана отреагировал на жалобы жителей и как оценивает состояние помещений: https://www.tatar-inform.ru/news/minnixanov-nedostatkov-ne-naideno-lis-v-40-ukrytiyax-iz-396-proverennyx-6037629,unknown,2026-08-16T16:00:12Z,2026-09-05T19:06:32Z,mo-92644000,territory,,,,low,media,https://t.me/kampolany/16286,context,0,False,1,1,False,False,False,needs_review,['not_editorially_useful'],[],context
evt_297fd82ad506fa6636e3abb4,,"В Татарстане всё честно, в отличии от некоторых других регионов",unknown,2026-08-14T17:53:03Z,2026-09-05T19:06:32Z,mo-92644000,territory,,,,low,media,https://t.me/kampolany/16280,context,20,False,1,1,False,False,False,needs_review,['not_editorially_useful'],[],priority_review
evt_ac8f95d734909b13a8fcec25,,Открыт прием заявок для участия в Спартакиаде среди работников предприятий и организаций Авиастроительного и Ново-Савиновского районов.,resolved,2026-08-14T14:48:53Z,2026-09-05T19:06:49Z,mo-92701000,territory,,,,low,official,https://t.me/avianovsav/6149,useful,79,False,1,1,True,False,False,ready,[],[],publish_now
evt_9b618c71184a77fecc7c7f9e,,Открытие состоится уже 20 августа ✨ «Казани и Татарстану доверили второй раз проводить «Новую волну».,reported,2026-08-14T14:28:34Z,2026-09-05T19:06:48Z,mo-92701000,territory,,,,low,official,https://t.me/kzn_official/23316,context,16,False,1,1,False,False,False,needs_review,['not_editorially_useful'],[],priority_review
evt_7b948480a2e61471ff598c22,,Авангардные подтопления подлежат отмене,planned,2026-08-14T10:18:25Z,2026-09-05T19:06:48Z,mo-92701000,street,Авангардная улица,49.1439372,55.7447377,low,official,https://t.me/kvb_kzn/3821,context,46,False,1,1,False,False,False,needs_review,['not_editorially_useful'],[],priority_review
evt_1920cdd20a0cd4b40876650a,,Получили три патента на ИИ-решения для работы с текстом и зрительным вниманием,unknown,2026-08-13T14:42:44Z,2026-09-05T19:06:25Z,RU-TA,territory,,,,low,media,https://t.me/universityinnopolis/3509,context,16,False,1,1,False,False,False,needs_review,['not_editorially_useful'],[],priority_review
evt_d3186eed332faf4d365154c1,,В Татарстане и Казани ожидается сильный ветер,planned,2026-08-13T09:10:00Z,2026-09-05T19:15:42Z,mo-92701000,territory,,,,medium,official,https://16.mchs.gov.ru/deyatelnost/press-centr/operativnaya-informaciya/shtormovye-i-ekstrennye-preduprezhdeniya/5809883,context,0,False,1,1,False,False,False,needs_review,['not_editorially_useful'],[],context
evt_56408cd9b0788b0f00f91885,,🔹Пешеходный мост по ул.Шмидта — отремонтировали деформационные швы и обновили покрытие.,resolved,2026-08-13T06:59:01Z,2026-09-05T19:06:48Z,mo-92701000,territory,,,,low,official,https://t.me/kzn_official/23277,useful,97,False,1,1,True,False,False,ready,[],[],publish_now
evt_legacy_bbefe032b5fd3ca4c8d46ee6,public-18a41c2c2f6e1fdb,О средних потребительских ценах на автомобильный бензин и дизельное топливо по Республике Татарстан на 10 августа 2026 года,unknown,2026-08-13T00:00:00Z,2026-09-04T13:14:12Z,RU-TA,territory,,,,high,official,https://16.rosstat.gov.ru/news/document/288478,context,0,True,1,0,False,False,False,needs_review,"['missing_primary_evidence', 'not_editorially_useful']",[],context
evt_legacy_faeeb32bf91542a3d641b10b,public-8a19ba6c73371019,Об уровне и индексах потребительских цен на некоторые виды продовольственных товаров по Республике Татарстан на 10 августа 2026 года,unknown,2026-08-13T00:00:00Z,2026-09-04T13:14:12Z,RU-TA,territory,,,,high,official,https://16.rosstat.gov.ru/news/document/288479,context,0,True,1,0,False,False,False,needs_review,"['missing_primary_evidence', 'not_editorially_useful']",[],context
evt_50fba143e05be8f35ea80253,,"Вы ждали, репетировали,",reported,2026-08-12T08:42:25Z,2026-09-05T19:06:49Z,mo-92701000,street,улица Дементьева,49.1085137,55.8631709,low,official,https://t.me/avianovsav/6135,useful,72,False,1,1,True,True,False,ready,[],[],publish_now
evt_a2b8ece6c16cbcd7ee5013c1,,Завершается строительство Центра стрельбы из лука.,reported,2026-08-12T08:00:47Z,2026-09-05T19:06:48Z,mo-92701000,territory,,,,low,official,https://t.me/kzn_official/23261,context,50,False,1,1,False,False,False,needs_review,['not_editorially_useful'],[],priority_review
evt_c9628d3b0f56be74d25b445c,,В этом году текущий ремонт проводится в 172 многоквартирных домах наших районов.,unknown,2026-08-11T14:40:31Z,2026-09-05T19:06:49Z,mo-92701000,territory,,,,low,official,https://t.me/avianovsav/6128,context,16,False,1,1,False,False,False,needs_review,['not_editorially_useful'],[],priority_review
evt_901567b71932b4018aef59bd,,"ИИ-компаньон, тренажёр продаж и ассистент питания: наши выпускники защитили стартапы как дипломы",reported,2026-08-11T14:05:01Z,2026-09-05T19:06:25Z,RU-TA,territory,,,,low,media,https://t.me/universityinnopolis/3508,context,20,False,1,1,False,False,False,needs_review,['not_editorially_useful'],[],priority_review
evt_2a878abe31860960034204a2,,"Все началось с инициативы местного жителя Ильфата Миннибаева, который засыпал овраг.",reported,2026-08-11T12:53:05Z,2026-09-05T19:06:48Z,mo-92701000,street,Оренбургский тракт,49.1664308,55.7463462,low,official,https://t.me/kzn_official/23240,useful,89,False,1,1,True,True,False,ready,[],[],publish_now
evt_2cfa6363eea06e1d8eb87db3,,В связи с аварийным отключением электроэнергии не работают светофорные объекты на следующих участках дорог Авиастроительного района. — ул.Айдарова,reported,2026-08-10T14:28:25Z,2026-09-05T19:06:49Z,mo-92701000,site,Ленинградская улица / улица Айдарова,49.0883454,55.8679753,low,official,https://t.me/avianovsav/6126,useful,97,False,1,1,True,True,False,ready,[],[],publish_now
evt_5470943e7b5509149fb47181,,В связи с аварийным отключением электроэнергии не работают светофорные объекты на следующих участках дорог Авиастроительного района. — ул.Лукина,reported,2026-08-10T14:28:25Z,2026-09-05T19:06:49Z,mo-92701000,territory,,,,low,official,https://t.me/avianovsav/6126,useful,97,False,1,1,True,False,False,ready,[],[],publish_now
evt_6eeac0b25d56c1889d8658d0,,В связи с аварийным отключением электроэнергии не работают светофорные объекты на следующих участках дорог Авиастроительного района. — ул.Беломорская,reported,2026-08-10T14:28:25Z,2026-09-05T19:06:49Z,mo-92701000,territory,,,,low,official,https://t.me/avianovsav/6126,useful,97,False,1,1,True,False,False,ready,[],[],publish_now
evt_798d4e6209c1522cbb522454,,В связи с аварийным отключением электроэнергии не работают светофорные объекты на следующих участках дорог Авиастроительного района. — ул.Симонова,reported,2026-08-10T14:28:25Z,2026-09-05T19:06:49Z,mo-92701000,site,Ленинградская улица / улица Симонова,49.0870959,55.8659217,low,official,https://t.me/avianovsav/6126,useful,97,False,1,1,True,True,False,ready,[],[],publish_now
evt_b3d8215f64957a4f6a91e74d,,В связи с аварийным отключением электроэнергии не работают светофорные объекты на следующих участках дорог Авиастроительного района. — ул.Ленинградская,reported,2026-08-10T14:28:25Z,2026-09-05T19:06:49Z,mo-92701000,site,Ленинградская улица / улица Пржевальского,49.0888397,55.8709035,low,official,https://t.me/avianovsav/6126,useful,97,False,1,1,True,True,False,ready,[],[],publish_now
evt_d118b114cb757cdf1f2c8635,,В связи с аварийным отключением электроэнергии не работают светофорные объекты на следующих участках дорог Авиастроительного района. — ул.Пржевальского,reported,2026-08-10T14:28:25Z,2026-09-05T19:06:49Z,mo-92701000,street,улица Пржевальского,49.0917148,55.8710679,low,official,https://t.me/avianovsav/6126,useful,97,False,1,1,True,True,False,ready,[],[],publish_now
evt_eb9949bf887f4c8079c9da7a,,В связи с аварийным отключением электроэнергии не работают светофорные объекты на следующих участках дорог Авиастроительного района. — ул.Сахалинская,reported,2026-08-10T14:28:25Z,2026-09-05T19:06:49Z,mo-92701000,site,Ударная улица / Сахалинская улица,49.0958145,55.8755757,low,official,https://t.me/avianovsav/6126,useful,97,False,1,1,True,True,False,ready,[],[],publish_now
evt_358bc208faff5672b5e04e99,,В Татарстане объявлен траур по погибшим в Нижнекамске в результате атаки БПЛА,reported,2026-08-10T07:33:54Z,2026-09-05T19:06:50Z,mo-92644101,settlement,Нижнекамск,51.8160376,55.6412879,low,official,https://t.me/avianovsav/6125,context,36,False,2,2,False,False,False,needs_review,['not_editorially_useful'],[],priority_review
evt_84717a96c74de9be24584071,,"Они открыли свои стартапы и работают в ведущих ИТ-компаниях, научных лабораториях и технологических центрах вуза.",resolved,2026-08-07T11:59:05Z,2026-09-05T19:06:25Z,RU-TA,territory,,,,low,media,https://t.me/universityinnopolis/3497,context,59,False,1,1,False,False,False,needs_review,['not_editorially_useful'],[],priority_review
evt_1dd9cd44dbbaff6a7756211a,,Глава «Норникеля» Владимир Потанин рассказал президенту Владимиру Путину о внедрении современных технологий в компании,unknown,2026-08-07T09:45:26Z,2026-09-05T19:06:25Z,mo-92638490,territory,,,,low,media,https://t.me/universityinnopolis/3496,context,0,False,1,1,False,False,False,needs_review,['not_editorially_useful'],[],context
evt_1c328d1371e9284fe194689a,,Теперь вы можете поделиться впечатлениями о приеме в Администрации Авиастроительного и Ново-Савиновского районов.,unknown,2026-08-06T13:14:42Z,2026-09-05T19:06:50Z,mo-92701000,territory,,,,low,official,https://t.me/avianovsav/6117,useful,79,False,1,1,True,False,False,ready,[],[],publish_now
evt_54a1e47479a422ba4974e7b2,,"Для тех, кто пропустил — запись интенсива по аудиту производств для роботизации",reported,2026-08-06T07:10:18Z,2026-09-05T19:06:25Z,mo-92701000,territory,,,,low,media,https://t.me/universityinnopolis/3492,context,36,False,1,1,False,False,False,needs_review,['not_editorially_useful'],[],priority_review
evt_legacy_09fe3c5321ae035135509ef0,public-4032f08eeb8da5a6,Об уровне и индексах потребительских цен на некоторые виды продовольственных товаров по Республике Татарстан на 3 августа 2026 года,unknown,2026-08-06T00:00:00Z,2026-09-04T13:14:12Z,RU-TA,territory,,,,high,official,https://16.rosstat.gov.ru/news/document/288168,context,0,True,1,0,False,False,False,needs_review,"['missing_primary_evidence', 'not_editorially_useful']",[],context
evt_legacy_993a57446578abc0174fa107,public-a5fc6524dce9eb98,О средних потребительских ценах на автомобильный бензин и дизельное топливо по Республике Татарстан на 3 августа 2026 года,unknown,2026-08-06T00:00:00Z,2026-09-04T13:14:12Z,RU-TA,territory,,,,high,official,https://16.rosstat.gov.ru/news/document/288169,context,0,True,1,0,False,False,False,needs_review,"['missing_primary_evidence', 'not_editorially_useful']",[],context
evt_bf06ecafd4185a2dc8d6deb0,,До открытия — совсем немного 🌳,reported,2026-08-05T14:32:01Z,2026-09-05T19:06:49Z,mo-92701000,territory,,,,low,official,https://t.me/kvb_kzn/3806,context,46,False,1,1,False,False,False,needs_review,['not_editorially_useful'],[],priority_review
evt_fe7527735cbc365fbd96afb9,,Разбираем мифы о благоустройстве,reported,2026-08-05T11:44:01Z,2026-09-05T19:06:49Z,mo-92701000,territory,,,,low,official,https://t.me/kvb_kzn/3799,context,0,False,1,1,False,False,False,needs_review,['not_editorially_useful'],[],context
evt_dc205c6349ee611742f1ac23,,Наши сотрудники — герои первого в России киберсериала «ИИ Будущего»,unknown,2026-08-04T14:47:01Z,2026-09-05T19:06:25Z,RU-TA,territory,,,,low,media,https://t.me/universityinnopolis/3490,context,20,False,1,1,False,False,False,needs_review,['not_editorially_useful'],[],priority_review
evt_legacy_beda80fc5ef043f3883f5a19,public-e1f342a9d7618e77,"Подготовлен комплексный информационный доклад ""Социально-экономическое положение Республики Татарстан"" за январь-июнь 2026 года",unknown,2026-08-04T00:00:00Z,2026-09-04T13:14:12Z,RU-TA,territory,,,,high,official,https://16.rosstat.gov.ru/news/document/287994,context,0,True,1,0,False,False,False,needs_review,"['missing_primary_evidence', 'not_editorially_useful']",[],context
evt_a79a3bff77d11aef63178715,,Выше только облака ✈️,reported,2026-08-01T06:12:09Z,2026-09-05T19:06:50Z,mo-92701000,territory,,,,low,official,https://t.me/avianovsav/6110,context,16,False,1,1,False,False,False,needs_review,['not_editorially_useful'],[],priority_review
evt_703f63d2c28dbee171814806,,Здесь капитально ремонтируют участок улицы Центрально-Мариупольская.,in_progress,2026-07-31T15:16:19Z,2026-09-05T19:06:50Z,mo-92701000,street,Центрально-Мариупольская улица,49.0691378,55.8736827,low,official,https://t.me/avianovsav/6109,useful,89,False,1,1,True,True,False,ready,[],[],publish_now
evt_115d31737f9dcaddace04987,,Здесь отремонтировали деформационные швы с двух сторон и обновили асфальтовое покрытие на протяжении 45 метров.,resolved,2026-07-30T11:02:56Z,2026-09-05T19:06:49Z,mo-92701000,territory,,,,low,official,https://t.me/kvb_kzn/3786,useful,97,False,1,1,True,False,False,ready,[],[],publish_now
evt_legacy_1922ed1fa00f956f89098703,public-eeed50220897688e,Об уровне и индексах потребительских цен на некоторые виды продовольственных товаров по Республике Татарстан на 27 июля 2026 года,unknown,2026-07-30T00:00:00Z,2026-09-04T13:14:12Z,RU-TA,territory,,,,high,official,https://16.rosstat.gov.ru/news/document/287774,context,0,True,1,0,False,False,False,needs_review,"['missing_primary_evidence', 'not_editorially_useful']",[],context
evt_legacy_ca91b676b06cd94eb88a2723,public-afe536f6b96740ab,О средних потребительских ценах на автомобильный бензин и дизельное топливо по Республике Татарстан на 27 июля 2026 года,unknown,2026-07-30T00:00:00Z,2026-09-04T13:14:12Z,RU-TA,territory,,,,high,official,https://16.rosstat.gov.ru/news/document/287775,context,0,True,1,0,False,False,False,needs_review,"['missing_primary_evidence', 'not_editorially_useful']",[],context
evt_7a94896bcb4d5f596d83eca5,,Работы планируют завершить к концу августа.,planned,2026-07-28T13:32:44Z,2026-09-05T19:06:49Z,mo-92701000,street,улица Серова,49.0758492,55.8231435,low,official,https://t.me/kvb_kzn/3784,useful,72,False,1,1,True,True,False,ready,[],[],publish_now
evt_legacy_eb8ef26d84f7583753d903b3,public-f4eee43d4a3fb6d7,Динамика промышленного производства в Республике Татарстан в I полугодии 2026 года,unknown,2026-07-27T00:00:00Z,2026-09-04T13:14:12Z,RU-TA,territory,,,,high,official,https://16.rosstat.gov.ru/news/document/287514,context,16,True,1,0,False,False,False,needs_review,"['missing_primary_evidence', 'not_editorially_useful']",[],priority_review
evt_4b778913dea8f646d0b838cc,,"Сегодняшний день для Казани начался с 6,2 мм осадков, что составляет 10% от месячной нормы.",reported,2026-07-24T05:28:26Z,2026-09-05T19:06:49Z,mo-92701000,territory,,,,low,official,https://t.me/kvb_kzn/3768,context,0,False,1,1,False,False,False,needs_review,['not_editorially_useful'],[],context
evt_legacy_bb1f5c0f25b9555563937700,public-1f25bb765d7deb18,О средних потребительских ценах на автомобильный бензин и дизельное топливо по Республике Татарстан на 20 июля 2026 года,unknown,2026-07-24T00:00:00Z,2026-09-04T13:14:12Z,RU-TA,territory,,,,high,official,https://16.rosstat.gov.ru/news/document/287492,context,0,True,1,0,False,False,False,needs_review,"['missing_primary_evidence', 'not_editorially_useful']",[],context
evt_legacy_e0ac4d1f820438a201b08b35,public-a45fcb75d5111077,Об уровне и индексах потребительских цен на некоторые виды продовольственных товаров по Республике Татарстан на 20 июля 2026 года,unknown,2026-07-24T00:00:00Z,2026-09-04T13:14:12Z,RU-TA,territory,,,,high,official,https://16.rosstat.gov.ru/news/document/287494,context,0,True,1,0,False,False,False,needs_review,"['missing_primary_evidence', 'not_editorially_useful']",[],context
evt_c8770c463bfdee916c70e88d,,"Минус свалка, плюс к порядку",reported,2026-07-23T15:09:06Z,2026-09-05T19:06:50Z,mo-92701000,territory,,,,low,official,https://t.me/avianovsav/6085,context,0,False,1,1,False,False,False,needs_review,['not_editorially_useful'],[],context
evt_1d5fb79108bbb10e767f1984,,"В рамках одного из крупнейших дорожных проектов года ремонтируют улицы Рахлина, Ноксинскую, Зирекле и Дорожный переулок. — Ноксинскую",in_progress,2026-07-23T13:08:41Z,2026-09-05T19:06:49Z,mo-92701000,street,Ноксинская улица,49.2315188,55.8096969,low,official,https://t.me/kvb_kzn/3763,useful,97,False,1,1,True,True,False,ready,[],[],publish_now
evt_249a0b294213fa2d0dad2193,,"В рамках одного из крупнейших дорожных проектов года ремонтируют улицы Рахлина, Ноксинскую, Зирекле и Дорожный переулок. — Дорожный",in_progress,2026-07-23T13:08:41Z,2026-09-05T19:06:49Z,mo-92701000,street,Дорожный переулок,49.2142446,55.8017923,low,official,https://t.me/kvb_kzn/3763,useful,97,False,1,1,True,True,False,ready,[],[],publish_now
evt_4aad00bb7553b6a97d491dfe,,"В рамках одного из крупнейших дорожных проектов года ремонтируют улицы Рахлина, Ноксинскую, Зирекле и Дорожный переулок. — Зирекле",in_progress,2026-07-23T13:08:41Z,2026-09-05T19:06:49Z,mo-92701000,street,улица Зирекле,49.2191365,55.8051147,low,official,https://t.me/kvb_kzn/3763,useful,97,False,1,1,True,True,False,ready,[],[],publish_now
evt_e0d51c75b89d530c5b2545fa,,"В рамках одного из крупнейших дорожных проектов года ремонтируют улицы Рахлина, Ноксинскую, Зирекле и Дорожный переулок. — улицы Рахлина",in_progress,2026-07-23T13:08:41Z,2026-09-05T19:06:49Z,mo-92701000,street,улица Натана Рахлина,49.2466423,55.800693,low,official,https://t.me/kvb_kzn/3763,useful,97,False,1,1,True,True,False,ready,[],[],publish_now
evt_11655be2844669fd8af20317,,Штормовое предупреждение о сильном дожде и ливне в Республике Татарстан,reported,2026-07-17T11:40:00Z,2026-09-05T15:49:57Z,RU-TA,territory,,,,medium,official,https://16.mchs.gov.ru/deyatelnost/press-centr/operativnaya-informaciya/shtormovye-i-ekstrennye-preduprezhdeniya/5795080,context,24,False,2,1,False,False,False,needs_review,"['not_editorially_useful', 'stale_open_status']",[],priority_review
evt_legacy_65ebd817b7a1c3c01c85c78d,public-1a482af0caf6ab58,Об уровне и индексах потребительских цен на некоторые виды продовольственных товаров по Республике Татарстан на 13 июля 2026 года,unknown,2026-07-16T00:00:00Z,2026-09-04T13:14:12Z,RU-TA,territory,,,,high,official,https://16.rosstat.gov.ru/news/document/287042,context,0,True,1,0,False,False,False,needs_review,"['missing_primary_evidence', 'not_editorially_useful']",[],context
evt_legacy_d1ad7685ec76a73af5899b81,public-6e31c3d5ea1aca69,О средних потребительских ценах на автомобильный бензин и дизельное топливо по Республике Татарстан на 13 июля 2026 года,unknown,2026-07-16T00:00:00Z,2026-09-04T11:02:20Z,RU-TA,territory,,,,high,official,https://16.rosstat.gov.ru/news/document/287040,context,0,True,1,0,False,False,False,needs_review,"['missing_primary_evidence', 'not_editorially_useful']",[],context
evt_legacy_c045f7d0283a4eed9fe93ee3,nizhnekamsk-park,В Нижнекамске началась реконструкция Парка нефтехимиков,in_progress,2026-05-29T00:00:00Z,2026-09-04T10:32:23+00:00,mo-92644101,site,"Нижнекамск, Парк нефтехимиков",51.8131668,55.6547539,high,media,https://tatarstan.ru/index.htm/news/2526198.htm,useful,62,True,1,0,False,False,False,needs_review,"['missing_primary_evidence', 'stale_open_status']",[],priority_review
evt_legacy_ea2d079d108c02e08b1a6cf5,novosheshminsk-school,В Новошешминске капитально ремонтируется средняя школа,in_progress,2026-05-29T00:00:00Z,2026-09-04T10:32:23+00:00,mo-92645000,settlement,,,,high,media,https://minstroy.tatarstan.ru/index.htm/news/2526196.htm,useful,87,True,1,0,False,False,False,needs_review,"['missing_primary_evidence', 'stale_open_status']",[],priority_review
evt_c2c8fb0cfb0934bbd147f053,,Экстренное предупреждение на 25.05.2026,reported,2026-05-24T09:05:00Z,2026-09-05T19:18:24Z,RU-TA,territory,,,,medium,official,https://16.mchs.gov.ru/deyatelnost/press-centr/operativnaya-informaciya/shtormovye-i-ekstrennye-preduprezhdeniya/5762204,context,0,False,1,1,False,False,False,needs_review,"['not_editorially_useful', 'stale_open_status']",[],context
evt_legacy_6bbe7a1f8086c1c7cc9e56cb,bolgar-tourism,В Болгарском музее-заповеднике внедрён туристский код,resolved,2026-05-21T00:00:00Z,2026-09-04T10:32:23+00:00,mo-92632101,settlement,,,,high,media,https://tourism.tatarstan.ru/index.htm/news/2524031.htm,context,20,True,1,0,False,False,False,needs_review,"['missing_primary_evidence', 'not_editorially_useful']",[],priority_review
evt_legacy_d4801664b3c7600bea3c9e63,tatarstan-investcouncil,Инвестиционный совет рассмотрел проекты развития Татарстана,planned,2026-05-21T00:00:00Z,2026-09-04T10:32:23+00:00,RU-TA,territory,,,,high,media,https://tatarstan.ru/index.htm/news/2524079.htm,context,50,True,1,0,False,False,False,needs_review,"['missing_primary_evidence', 'not_editorially_useful', 'stale_open_status']",[],priority_review
evt_legacy_082d6237d7c75e0ca3a627e2,kuyuki-kindergarten,В Куюках продолжается строительство детского сада,in_progress,2026-05-07T00:00:00Z,2026-09-04T10:32:23+00:00,mo-92648000,settlement,,,,high,media,https://minstroy.tatarstan.ru/index.htm/news/2519259.htm,useful,70,True,1,0,False,False,False,needs_review,"['missing_primary_evidence', 'stale_open_status']",[],priority_review
evt_legacy_4ac176dad8611c08e1e297c5,menzelinsk-kindergarten,В Мензелинске обновят детский сад «Алтынчеч»,planned,2026-05-06T00:00:00Z,2026-09-04T10:32:23+00:00,mo-92640101,building,"423700, Республика Татарстан, г. Мензелинск, ул. Кадомцевых, д. 91",53.1068425,55.7294608,high,media,https://minstroy.tatarstan.ru/index.htm/news/2518845.htm,context,36,True,1,0,False,False,False,needs_review,"['missing_primary_evidence', 'not_editorially_useful', 'stale_open_status']",[],priority_review
evt_legacy_7b13c4b652ad1f8d78982b23,almetyevsk-gymnasium,В Альметьевске ремонтируют гимназию №5,in_progress,2026-05-05T00:00:00Z,2026-09-04T10:32:23+00:00,mo-92608101,building,"423450, Республика Татарстан, г. Альметьевск, ул. Тимирязева, д. 39",52.3049048,54.9013529,high,media,https://minstroy.tatarstan.ru/index.htm/news/2518397.htm,useful,79,True,1,0,False,False,False,needs_review,"['missing_primary_evidence', 'stale_open_status']",[],priority_review
evt_legacy_36e47920461d33493d626731,buinsk-school,Продолжается строительство школы в Буинске,in_progress,2026-04-28T00:00:00Z,2026-09-04T10:32:23+00:00,mo-92618101,settlement,,,,high,media,https://minstroy.tatarstan.ru/index.htm/news/2516488.htm,useful,70,True,1,0,False,False,False,needs_review,"['missing_primary_evidence', 'stale_open_status']",[],priority_review
evt_legacy_3af47eaacdd676985ac5d2ce,kazan-school,Новая школа в ЖК «Станция Юбилейная»,planned,2026-03-17T00:00:00Z,2026-09-04T10:32:23+00:00,mo-92701000,site,"Казань, Приволжский район, ЖК «Станция Юбилейная» / «Станция Спортивная», район улицы Ярышлар и Детского проезда",49.1960961,55.6784525,high,media,https://mon.tatarstan.ru/index.htm/news/2502664.htm,noise,24,True,1,0,False,False,False,needs_review,"['missing_primary_evidence', 'not_editorially_useful', 'stale_open_status']",[],hide_noise
evt_legacy_e92a80b8ecca4dae88de9f03,tatarstan-ppp,АИР Татарстана опубликовало обзор проектов ГЧП,unknown,2026-02-19T00:00:00Z,2026-09-04T10:32:23+00:00,RU-TA,territory,,,,high,media,https://tida.tatarstan.ru/index.htm/news/2499799.htm,context,50,True,1,0,False,False,False,needs_review,"['missing_primary_evidence', 'not_editorially_useful']",[],priority_review
evt_9ffe4ce9f34fdce8ee411848,,Экстренное предупреждение на 14.02.2026 г,reported,2026-02-13T09:01:00Z,2026-09-05T19:18:51Z,RU-TA,territory,,,,medium,official,https://16.mchs.gov.ru/deyatelnost/press-centr/operativnaya-informaciya/shtormovye-i-ekstrennye-preduprezhdeniya/5694614,context,0,False,1,1,False,False,False,needs_review,"['not_editorially_useful', 'stale_open_status']",[],context
evt_legacy_a82bbf0f9956b0d29afd8d8f,chelny-sewer,Капремонт канализационных сетей в Набережных Челнах,planned,2026-02-06T00:00:00Z,2026-09-04T10:32:23+00:00,mo-92730000,street,,,,high,media,https://minstroy.tatarstan.ru/index.htm/news/2490951.htm,useful,62,True,1,0,False,False,False,needs_review,"['missing_primary_evidence', 'stale_open_status', 'precision_without_coordinates']",[],priority_review
evt_f516303e1d3bf958b1e40256,,Экстренное предупреждение,reported,2025-12-27T09:14:00Z,2026-09-05T19:19:06Z,RU-TA,territory,,,,medium,official,https://16.mchs.gov.ru/deyatelnost/press-centr/operativnaya-informaciya/shtormovye-i-ekstrennye-preduprezhdeniya/5660392,context,0,False,1,1,False,False,False,needs_review,"['not_editorially_useful', 'stale_open_status']",[],context
evt_403e7170f533cf540a16e4d1,,Экстренное предупреждение о тумане,reported,2025-11-05T16:38:00Z,2026-09-05T19:19:24Z,RU-TA,territory,,,,medium,official,https://16.mchs.gov.ru/deyatelnost/press-centr/operativnaya-informaciya/shtormovye-i-ekstrennye-preduprezhdeniya/5627785,context,0,False,1,1,False,False,False,needs_review,"['not_editorially_useful', 'stale_open_status']",[],context
evt_legacy_736f8b3f105be8ed673f3309,innopolis-development,Иннополис: проекты в прогнозе развития на 2025–2027 годы,planned,2024-11-26T00:00:00Z,2026-09-04T10:32:23+00:00,mo-92620109,settlement,,,,high,media,https://verhniy-uslon.tatarstan.ru/normativno-pravovie-akti.htm?pub_id=4377292,context,0,True,1,0,False,False,False,needs_review,"['missing_primary_evidence', 'not_editorially_useful', 'stale_open_status']",[],context
evt_a45f23430ff14e280b840c95,,Предупреждение об интенсивности метеорологических явлений в Татарстане,reported,2022-12-23T08:53:00Z,2026-09-05T19:19:56Z,RU-TA,territory,,,,medium,official,https://16.mchs.gov.ru/deyatelnost/press-centr/operativnaya-informaciya/shtormovye-i-ekstrennye-preduprezhdeniya/4912064,context,20,False,1,1,False,False,False,needs_review,"['not_editorially_useful', 'stale_open_status']",[],priority_review
evt_e216cd75b569013747969dcc,,Штормовое предупреждение о неблагоприятных метеорологических явлениях в Республике Татарстан,reported,2022-11-23T12:35:00Z,2026-09-05T19:20:56Z,RU-TA,territory,,,,medium,official,https://16.mchs.gov.ru/deyatelnost/press-centr/operativnaya-informaciya/shtormovye-i-ekstrennye-preduprezhdeniya/4889121,context,44,False,1,1,False,False,False,needs_review,"['not_editorially_useful', 'stale_open_status']",[],priority_review
evt_1350b47a5f182045c3e746a0,,Казан мәгълүмати технологияләр һәм элемтә техникумы «IT-Cube» балаларны укырга чакыра,unknown,2021-01-15T07:46:55Z,2026-09-04T20:08:36Z,mo-92730000,territory,,,,low,media,https://shahrichalli.ru/news/kich-bgen-irtg/kazan-mglmati-tekhnologiyalr-m-elemt-tekhnikumy-it-cube-balalar-iat-zgend-kibergigiena-m-zur-mglmatlar-beln-eshl-bushlay-kursyna-garizalar-kabul-itlr,context,0,False,1,1,False,False,False,needs_review,['not_editorially_useful'],[],context
