address,auditResult,confidence,documentCount,evidenceCount,id,lastEvidenceAt,latitude,legacyId,longitude,mapReady,precision,publishReady,publishedAt,reviewed,sceneReady,sourceFinalUrl,sourceHttpStatus,sourceKind,sourceProbeError,sourceReachable,sourceUrl,state,territoryId,title,usefulnessLevel,usefulnessScore,reasons,warnings
,ready,low,1,1,evt_626798ec4081c16088d3feab,2026-09-05T20:08:07Z,,,,False,territory,True,2026-09-05T19:22:36Z,False,False,https://t.me/selskayanovaksubaevo/34767,200,media,,True,https://t.me/selskayanovaksubaevo/34767,resolved,mo-92604151,В Аксубаевской школе №3 открылся агрокласс по направлению «Агроинженерия»,useful,87,,
,needs_review,low,1,1,evt_a8e4a5172c5f588a04db4f68,2026-09-05T20:10:14Z,,,,False,territory,False,2026-09-05T18:56:50Z,False,False,https://t.me/drozzanoe90/20821,200,media,,True,https://t.me/drozzanoe90/20821,reported,mo-92701000,"🚴 на велосипеде/мотоцикле — остановитесь, отойдите на 30 метров; 🚗 в машине — закройте окна и переждите; 🏞 на открытой местности — ложитесь в низину, подальше о",context,36,not_editorially_useful,
,needs_review,low,1,1,evt_f1e51f22c7d0a59702f5389c,2026-09-05T19:32:00Z,,,,False,territory,False,2026-09-05T18:35:00Z,False,False,https://laishevskyi.ru/news/bezopasnost-doroznogo-dvizeniia/policeiskie-primenili-oruzie-dlia-ostanovki-avtomobilia-v-laisevskom-raione,200,media,,True,https://laishevskyi.ru/news/bezopasnost-doroznogo-dvizeniia/policeiskie-primenili-oruzie-dlia-ostanovki-avtomobilia-v-laisevskom-raione,resolved,mo-92634000,"В Лаишевском районе инспекторы ДПС открыли огонь по колесам Lada (ВАЗ) 2114, за рулем которого оказался подросток без прав.",useful,79,summary_too_short,
,ready,medium,1,1,evt_d701b6cda51eb7ecc3116e62,2026-09-05T20:10:56Z,,,,False,territory,True,2026-09-05T17:34:08Z,False,False,https://t.me/vgora_vesti/45740,200,media,,True,https://t.me/vgora_vesti/45740,resolved,mo-92622000,В Татарстане открыт осенний сезон охоты,useful,87,,
,needs_review,medium,1,2,evt_a822c571430a28cbc281c557,2026-09-05T20:08:40Z,,,,False,territory,False,2026-09-05T17:28:16Z,False,False,https://t.me/atnatani/14072,200,media,,True,https://t.me/atnatani/14072,resolved,mo-92613000,На дорогах района зафиксировали рост нарушений ПДД,context,0,not_editorially_useful,
,needs_review,low,1,1,evt_17d6e16579d80db14c036ff9,2026-09-05T19:32:05Z,,,,False,territory,False,2026-09-05T17:27:00Z,False,False,https://yutazy.ru/news/obschestvo/v-tatarstane-startoval-sezon-massovoi-oxoty-na-pernatuiu-dic,200,media,,True,https://yutazy.ru/news/obschestvo/v-tatarstane-startoval-sezon-massovoi-oxoty-na-pernatuiu-dic,resolved,mo-92654000,В республике с сегодняшнего дня открылся массовый осенний сезон охоты на пернатую дичь.,context,59,not_editorially_useful,
,needs_review,low,1,1,evt_c9c2173953c832cc78e70768,2026-09-05T20:00:51Z,,,,False,territory,False,2026-09-05T17:05:02Z,False,False,https://t.me/agr_vesti/55811,200,media,,True,https://t.me/agr_vesti/55811,reported,mo-92644423,До 200 тысяч рублей – на оборудование рабочего места!,context,50,not_editorially_useful,
Менделеевск,ready,low,1,1,evt_30601f8f6cca22922dac218e,2026-09-05T19:32:01Z,55.894251,,52.312064,False,settlement,True,2026-09-05T17:04:00Z,False,False,https://mendeleevskyi.ru/news/gorod-i-gorozhane/mecta-s-detstva-v-mendeleevske-otkrylsia-novyi-bokserskii-klub,200,media,,True,https://mendeleevskyi.ru/news/gorod-i-gorozhane/mecta-s-detstva-v-mendeleevske-otkrylsia-novyi-bokserskii-klub,resolved,mo-92639101,Мечта с детства: в Менделеевске открылся новый боксёрский клуб,useful,79,,
,needs_review,low,1,1,evt_d0ac70ef89496764820d233a,2026-09-05T20:11:02Z,,,,False,territory,False,2026-09-05T16:59:51Z,False,False,https://t.me/zpravda/108635,200,media,,True,https://t.me/zpravda/108635,reported,mo-92628477,"Только представьте: сказочный остров, осенний воздух, от которого кружится голова, и потрясающая наваристая уха… 🐟🔥 Начали по традиции с торжественного шествия",context,20,not_editorially_useful,
,needs_review,low,1,1,evt_b1a407f71a021221ea009be3,2026-09-05T20:08:46Z,,,,False,territory,False,2026-09-05T16:55:26Z,False,False,https://t.me/BavlyinformNEWS/44455,200,media,,True,https://t.me/BavlyinformNEWS/44455,unknown,mo-92614000,"В ОСФР по РТ объяснили, как работодателям снизить штраф за ошибки в отчетах",context,36,not_editorially_useful,
,needs_review,low,1,1,evt_25d6774990e7be6987d137c4,2026-09-05T20:10:14Z,,,,False,territory,False,2026-09-05T16:45:22Z,False,False,https://t.me/ElabugaNK/46304,200,media,,True,https://t.me/ElabugaNK/46304,unknown,,Студент Елабужского института КФУ стал лауреатом стипендии Президента РФ,context,0,not_editorially_useful,
,needs_review,low,1,1,evt_879b4904526ec986fa2a79e3,2026-09-05T20:17:11Z,,,,False,territory,False,2026-09-05T16:38:54Z,False,False,https://t.me/chistopol_news/42024,200,media,,True,https://t.me/chistopol_news/42024,unknown,mo-92659000,С наступлением холодов риск респираторных инфекций возрастает. Люди старше 60 лет — в зоне особого риска: у них чаще развиваются тяжёлые осложнения.,context,0,not_editorially_useful,
,needs_review,low,1,1,evt_02e5a55bed4543a4a935fc79,2026-09-05T20:00:51Z,,,,False,territory,False,2026-09-05T16:32:35Z,False,False,https://t.me/tatmediaofficial/158635,200,media,,True,https://t.me/tatmediaofficial/158635,resolved,,Ак Барс» на казанском льду открыл сезон 2026/27 победой,context,59,not_editorially_useful,
Лаишево,ready,medium,1,2,evt_fdeea63cc81513d068f21f16,2026-09-05T19:33:15Z,55.4043358,,49.5468376,False,settlement,True,2026-09-05T16:13:00Z,False,False,https://laishevskyi.ru/news/novosti/v-laisevo-torzestvenno-otkryli-obnovlennyi-dvor,200,media,,True,https://laishevskyi.ru/news/novosti/v-laisevo-torzestvenno-otkryli-obnovlennyi-dvor,resolved,mo-92634101,В Лаишево торжественно открыли обновлённый двор,useful,79,,
,ready,medium,1,1,evt_b9b51b3838298c63a974d12d,2026-09-05T19:34:28Z,,,,False,territory,True,2026-09-05T15:32:56Z,False,False,https://t.me/tatmediaofficial/158634,200,media,,True,https://t.me/tatmediaofficial/158634,unknown,,В Татарстане открыт осенний сезон охоты на пернатую дичь,useful,79,,
,needs_review,low,1,1,evt_fb6a52a4c96f97b469272eb2,2026-09-05T19:32:04Z,,,,False,territory,False,2026-09-05T15:32:00Z,False,False,https://spas-rt.ru/news/sport/prepodavatel-spasskogo-texnikuma-otraslevyx-texnologii-polucila-zolotoi-znak-gto,200,media,,True,https://spas-rt.ru/news/sport/prepodavatel-spasskogo-texnikuma-otraslevyx-texnologii-polucila-zolotoi-znak-gto,unknown,mo-92632000,Преподаватель Спасского техникума отраслевых технологий получила золотой знак ГТО,context,0,not_editorially_useful,
,needs_review,medium,1,2,evt_29f8670ac7aa13b70b611834,2026-09-05T19:34:01Z,,,,False,territory,False,2026-09-05T15:08:59Z,False,False,https://t.me/atannary/29086,200,media,,True,https://t.me/atannary/29086,reported,mo-92608101,Пожар в частном доме в мкр Красноармейка Альметьевского района,context,30,not_editorially_useful,
,needs_review,low,1,1,evt_9addd4313722fb4595c2bd09,2026-09-05T19:32:00Z,,,,False,territory,False,2026-09-05T15:05:00Z,False,False,https://laishevskyi.ru/news/novosti/glava-laisevskogo-raiona-ildus-zaripov-otkryl-polosu-prepiatstvi,200,media,,True,https://laishevskyi.ru/news/novosti/glava-laisevskogo-raiona-ildus-zaripov-otkryl-polosu-prepiatstvi,reported,mo-92634000,Глава Лаишевского района Ильдус Зарипов открыл полосу препятствий,context,0,not_editorially_useful,
,needs_review,low,1,1,evt_5d4b1df9c1f051f30eea5bf7,2026-09-05T19:31:43Z,,,,False,territory,False,2026-09-05T15:03:16Z,False,False,https://t.me/agr_vesti/55807,200,media,,True,https://t.me/agr_vesti/55807,reported,mo-92601101,🐄 6 тысяч голов дойного стада 💰 5 миллиардов рублей инвестиций 📐 150 тысяч квадратных метров — общая площадь объекта 🌾 11 тысяч тонн сенажа уже заложено на хран,context,36,not_editorially_useful,
,needs_review,low,1,1,evt_8242104078dc4eb9acfaf99c,2026-09-05T19:31:44Z,,,,False,territory,False,2026-09-05T14:45:40Z,False,False,https://t.me/uvt24/32702,200,media,,True,https://t.me/uvt24/32702,reported,mo-92608000,Управляющая организация должна подготовить документ не позднее 30 дней после завершения работ и в течение пяти дней передать его председателю совета дома или чл,context,0,not_editorially_useful,
Менделеевск,ready,low,1,1,evt_a350a2f837c46a994ffac39c,2026-09-05T19:31:49Z,55.894251,,52.312064,False,settlement,True,2026-09-05T14:43:48Z,False,False,https://t.me/mndnews/80827,200,media,,True,https://t.me/mndnews/80827,resolved,mo-92639101,В Менделеевске официально открылся боксерский клуб «Барс»!,useful,79,,
Лаишево,needs_review,low,1,1,evt_d4ae7c8f7f25df0087f1d045,2026-09-05T19:31:48Z,55.4043358,,49.5468376,False,settlement,False,2026-09-05T14:35:41Z,False,False,https://t.me/novayakama/54843,200,media,,True,https://t.me/novayakama/54843,reported,mo-92634101,"Сегодня, в рамках празднования Дня города, состоялось торжественное открытие уникальной спортивной площадки на территории Гимназии №1.",context,20,not_editorially_useful,
,needs_review,low,1,1,evt_9ea6b77ee2be82f8e9a1d6a5,2026-09-05T19:31:47Z,,,,False,territory,False,2026-09-05T14:30:02Z,False,False,https://t.me/zainsknews/61070,200,media,,True,https://t.me/zainsknews/61070,reported,mo-92627000,Жителям Заинского района напомнили о номере единой службы спасения,context,0,not_editorially_useful,
,needs_review,medium,1,1,evt_41a9623fee4c2ca361233492,2026-09-05T19:35:09Z,,,,False,territory,False,2026-09-05T14:19:00Z,False,False,https://tulachi.ru/news/v-respublike/tatarstanda-ilkulam-proekt-buenca-svetoforlarny-modernizaciialau-eslare-togallande,200,media,,True,https://tulachi.ru/news/v-respublike/tatarstanda-ilkulam-proekt-buenca-svetoforlarny-modernizaciialau-eslare-togallande,reported,mo-92656000,В Татарстане завершена модернизация светофоров по нацпроекту,context,16,not_editorially_useful,
,needs_review,low,1,1,evt_52f5fb675953917b218186cf,2026-09-05T19:31:53Z,,,,False,territory,False,2026-09-05T14:18:06Z,False,False,https://t.me/chelnytv/46190,200,media,,True,https://t.me/chelnytv/46190,reported,mo-92730000,Подробности пожара в термальном комплексе Челнов,context,20,not_editorially_useful,
,needs_review,low,1,1,evt_fc0b3cf842ac7234423a82dd,2026-09-05T19:31:48Z,,,,False,territory,False,2026-09-05T14:09:01Z,False,False,https://t.me/kukmor_tatarstan/56205,200,media,,True,https://t.me/kukmor_tatarstan/56205,unknown,mo-92633000,Какие льготы доступны автомобилистам Татарстана в 2026 году?,context,16,not_editorially_useful,
,needs_review,low,1,1,evt_18a446ae304607297518373d,2026-09-05T19:31:46Z,,,,False,territory,False,2026-09-05T14:06:56Z,False,False,https://t.me/buinsknews/47243,200,media,,True,https://t.me/buinsknews/47243,reported,mo-92618000,Ученики Центра внешкольной работы совершили производственную экскурсию на Буинский моторный завод,context,36,not_editorially_useful,
,ready,low,1,1,evt_729418f96b157eddee8534ff,2026-09-05T19:31:48Z,,,,False,territory,True,2026-09-05T14:04:59Z,False,False,https://t.me/novosti_mamadysha/63928,200,media,,True,https://t.me/novosti_mamadysha/63928,reported,mo-92638000,"В Мамадышском районе продолжаются масштабные дорожные работы. Одна из ключевых точек приложения сил подрядчиков сегодня — это посёлок Сервеный. Здесь на улице Юлии Запольской дорожники приступили к важному этапу строительства. И этот объект — не просто очередной километр асфальта, а настоящий путь к новым домам для многодетных семей.",useful,89,,
,needs_review,low,1,1,evt_7929ade4d77c9deb7dd41334,2026-09-05T19:31:50Z,,,,False,territory,False,2026-09-05T14:04:01Z,False,False,https://t.me/smi_menzela/28822,200,media,,True,https://t.me/smi_menzela/28822,reported,mo-92640000,Учителя обсудили итоги экзаменов и планы на новый учебный годВ ра,context,16,not_editorially_useful,
,needs_review,low,1,1,evt_8aeb97d38ba04abb840048ec,2026-09-05T19:32:02Z,,,,False,territory,False,2026-09-05T14:00:00Z,False,False,https://nurlat-tat.ru/news/pogoda/ozidaiutsia-usilenie-vetra-i-grozy,200,media,,True,https://nurlat-tat.ru/news/pogoda/ozidaiutsia-usilenie-vetra-i-grozy,planned,mo-92701000,Ожидаются усиление ветра и грозы,context,20,not_editorially_useful,
,needs_review,low,1,1,evt_ea303524552d5859dcda877f,2026-09-05T19:31:57Z,,,,False,territory,False,2026-09-05T14:00:00Z,False,False,https://vuslon.ru/news/obschestvo/v-tatarstane-razrabotali-pervyi-proekt-rekultivacii-narusennyx-selxozzemel,200,media,,True,https://vuslon.ru/news/obschestvo/v-tatarstane-razrabotali-pervyi-proekt-rekultivacii-narusennyx-selxozzemel,unknown,mo-92620000,В Татарстане разработали первый проект рекультивации нарушенных сельхозземель,context,0,not_editorially_useful,
,ready,low,1,1,evt_60648077e15a57ef08b1e357,2026-09-05T19:31:46Z,,,,False,territory,True,2026-09-05T13:58:37Z,False,False,https://t.me/drozzanoe90/20812,200,media,,True,https://t.me/drozzanoe90/20812,reported,mo-92617412,"Новый знак представят позже, когда завершат все формальности.",useful,79,,
,needs_review,low,1,1,evt_da4bcf9d79bf8bbdfd087814,2026-09-05T19:31:52Z,,,,False,territory,False,2026-09-05T13:45:11Z,False,False,https://t.me/chelny_news1/48674,200,media,,True,https://t.me/chelny_news1/48674,reported,mo-92626432,Улетел в кювет: в Татарстане водитель Chery погиб в ДТП,context,30,not_editorially_useful,
,needs_review,low,1,1,evt_94579c8a9e6b9d736ceb1f8d,2026-09-05T19:31:47Z,,,,False,territory,False,2026-09-05T13:38:22Z,False,False,https://t.me/ElabugaNK/46296,200,media,,True,https://t.me/ElabugaNK/46296,reported,mo-92626432,Смертельное ДТП произошло в Елабужском районе,context,20,not_editorially_useful,
,needs_review,low,1,1,evt_37914c2b7f16a216e991e51c,2026-09-05T19:32:05Z,,,,False,territory,False,2026-09-05T13:20:00Z,False,False,https://yutazy.ru/news/pogoda/stormovoe-preduprezdenie-v-tatarstane,200,media,,True,https://yutazy.ru/news/pogoda/stormovoe-preduprezdenie-v-tatarstane,reported,mo-92654000,Штормовое предупреждение в Татарстане,context,24,not_editorially_useful,
,needs_review,medium,1,1,evt_4f65c41555969a19fa761198,2026-09-05T19:35:30Z,,,,False,territory,False,2026-09-05T13:20:00Z,False,False,https://atnya-rt.ru/news/khbrlr/2026-elda-avtomobilcelar-taslamalardan-ham-subsidiialardan-faidalana-ala,200,media,,True,https://atnya-rt.ru/news/khbrlr/2026-elda-avtomobilcelar-taslamalardan-ham-subsidiialardan-faidalana-ala,reported,mo-92613000,В Татарстане при покупке нового автомобиля доступны скидки и субсидии,context,0,not_editorially_useful,
,needs_review,low,1,1,evt_d411f743b469bb03f1388b65,2026-09-05T19:31:46Z,,,,False,territory,False,2026-09-05T13:05:03Z,False,False,https://t.me/bugulgazeta/58370,200,media,,True,https://t.me/bugulgazeta/58370,reported,mo-92617101,В колледже Бугульмы состоялся диктант безопасности,context,20,not_editorially_useful,
,needs_review,low,1,1,evt_94c665b1594bb47efa69571c,2026-09-05T19:31:52Z,,,,False,territory,False,2026-09-05T13:03:59Z,False,False,https://t.me/chistopol_news/42021,200,media,,True,https://t.me/chistopol_news/42021,resolved,mo-92659000,"Завхоз общежития напомнила о тишине после 23:00, бережном отношении к ремонту и чистоте в комнатах.",context,59,not_editorially_useful,
,needs_review,low,2,2,evt_209dee7a9e0b96a362e9df38,2026-09-05T19:32:03Z,,,,False,territory,False,2026-09-05T13:03:38Z,False,False,https://rsloboda-rt.ru/news/obschestvo-i-myi/malcik-pogib-v-pozare-poka-rodstvennica-byla-v-dome,200,media,,True,https://rsloboda-rt.ru/news/obschestvo-i-myi/malcik-pogib-v-pozare-poka-rodstvennica-byla-v-dome,reported,mo-92650000,"Мальчик погиб в пожаре, пока родственница была в доме",context,20,not_editorially_useful,
,needs_review,low,1,1,evt_72c53eee2081a3ba33da2689,2026-09-05T19:31:50Z,,,,False,territory,False,2026-09-05T13:02:02Z,False,False,https://t.me/nurlatinform/82277,200,media,,True,https://t.me/nurlatinform/82277,unknown,mo-92646000,В Нурлате началась ежегодная кампания по сбору гушр-садаки.,context,20,not_editorially_useful,
,ready,low,1,1,evt_3daadae8f826d0b69acaae0a,2026-09-05T19:31:48Z,,,,False,territory,True,2026-09-05T13:00:01Z,False,False,https://t.me/novayakama/54835,200,media,,True,https://t.me/novayakama/54835,resolved,mo-92634101,В Лаишевском районе после капитального ремонта открылся детский сад «Карлыгач» и фельдшерско-акушерский пункт,useful,87,,
,needs_review,low,1,1,evt_13965122c5c69a52ca259f0a,2026-09-05T19:31:59Z,,,,False,territory,False,2026-09-05T13:00:00Z,False,False,https://zpravda.ru/news/bezopasnost-na-dorogax/smertelnaia-avariia-proizosla-v-elabuzskom-raione-voditel-cherry-pogib,200,media,,True,https://zpravda.ru/news/bezopasnost-na-dorogax/smertelnaia-avariia-proizosla-v-elabuzskom-raione-voditel-cherry-pogib,reported,mo-92628101,Смертельная авария произошла в Елабужском районе: водитель Cherry погиб,context,30,not_editorially_useful,
,needs_review,low,1,1,evt_9558071f489685b7f8a4f8a6,2026-09-05T19:31:57Z,,,,False,territory,False,2026-09-05T12:55:00Z,False,False,https://buinsk-tat.ru/news/vchera-segodnya-zavtra/uceniki-buinska-soversili-proizvodstvennuiu-ekskursiiu-na-buinskii-motornyi-zavod,200,media,,True,https://buinsk-tat.ru/news/vchera-segodnya-zavtra/uceniki-buinska-soversili-proizvodstvennuiu-ekskursiiu-na-buinskii-motornyi-zavod,reported,mo-92618101,Ученики Буинска совершили производственную экскурсию на Буинский моторный завод,context,36,not_editorially_useful,
,needs_review,low,1,1,evt_2d28fa2dc10f0414b5503f44,2026-09-05T19:31:47Z,,,,False,territory,False,2026-09-05T12:25:02Z,False,False,https://t.me/zainsknews/61068,200,media,,True,https://t.me/zainsknews/61068,reported,mo-92627000,Перепланировку квартиры необходимо согласовать заранее,context,20,not_editorially_useful,
Лаишево,ready,medium,1,2,evt_a3d3056e96ede017931feb60,2026-09-05T19:36:20Z,55.4043358,,49.5468376,False,settlement,True,2026-09-05T12:24:07Z,False,False,https://t.me/novayakama/54828,200,media,,True,https://t.me/novayakama/54828,resolved,mo-92634101,В Лаишево открыли новое пространство во дворе на улице Сайдашева,useful,79,,
,needs_review,low,1,1,evt_ae677b3ca6398cab944bbb7e,2026-09-05T19:31:50Z,,,,False,territory,False,2026-09-05T12:08:16Z,False,False,https://t.me/pestresy/48396,200,media,,True,https://t.me/pestresy/48396,reported,mo-92648000,"Жители Татарстана могут воспользоваться льготами и получить субсидии на приобретение нового автомобиля и иные расходы, связанные с машинами. Подробнее об этом – в материале «Татар-информа».",context,16,not_editorially_useful,
,ready,medium,1,2,evt_2e6d13f62bb2f920ef059e56,2026-09-05T19:37:26Z,,,,False,territory,True,2026-09-05T11:37:39Z,False,False,https://t.me/yakti_ul/31342,200,media,,True,https://t.me/yakti_ul/31342,reported,mo-92657000,В Большой Шильне приостановили дорожный ремонт,useful,87,,
,needs_review,medium,1,1,evt_8df5fe5500ee178386967d30,2026-09-05T19:38:33Z,,,,False,territory,False,2026-09-05T11:35:11Z,False,False,https://t.me/TulInformm/35590,200,media,,True,https://t.me/TulInformm/35590,reported,mo-92656000,"В Агерже, Буе, Кукморе и Минзеле построили новые школы, в Бугульме — два дополнительных корпуса",context,59,not_editorially_useful,
,needs_review,low,1,1,evt_329acac78ae68782ca4e74b1,2026-09-05T19:31:52Z,,,,False,territory,False,2026-09-05T11:30:12Z,False,False,https://t.me/chelny_news1/48665,200,media,,True,https://t.me/chelny_news1/48665,reported,mo-92730000,Но сейчас уголовное дело пойдет по новому кругу.,context,36,not_editorially_useful,
,needs_review,low,1,1,evt_6d73cf85667e5a1cdcb49687,2026-09-05T19:31:51Z,,,,False,territory,False,2026-09-05T11:20:20Z,False,False,https://t.me/yakti_ul/31338,200,media,,True,https://t.me/yakti_ul/31338,reported,mo-92657000,"СЕРИЯ 2: Когда тебе платят больше, чем ты зарабатывал за неделю, мозг отключается. Но даже в сети у каждого действия есть последствия. И папин звонок — это лишь начало.",context,0,not_editorially_useful,
Камское Устье,needs_review,low,1,1,evt_54f652e7e604656c9a54ed7e,2026-09-05T19:31:48Z,55.2015629,,49.2680082,False,settlement,False,2026-09-05T11:19:01Z,False,False,https://t.me/volzhskie/36103,200,media,,True,https://t.me/volzhskie/36103,reported,mo-92630151,"А в конце девяностых, после развала страны, семья принимает непростое решение и переезжает в Камское Устье, начав жизнь заново.",context,36,not_editorially_useful,
,needs_review,medium,1,2,evt_ce92c5d59a7490d615fa13a1,2026-09-05T19:39:26Z,,,,False,territory,False,2026-09-05T11:04:32Z,False,False,https://t.me/xezmet_gazetasi/59781,200,media,,True,https://t.me/xezmet_gazetasi/59781,reported,mo-92615430,В Норма деревне пьяную водительницу лишили прав и оштрафовали,context,20,not_editorially_useful,
,needs_review,medium,1,2,evt_16b7403f1588c734a544b0bf,2026-09-05T19:40:14Z,,,,False,territory,False,2026-09-05T11:01:46Z,False,False,https://t.me/muslumirc/44307,200,media,,True,https://t.me/muslumirc/44307,reported,mo-92642480,Здание пожарно-спасательного подразделения открыли после капремонта,context,59,not_editorially_useful,
,needs_review,low,1,1,evt_4c90be29e3d541c94527a87a,2026-09-05T19:31:47Z,,,,False,territory,False,2026-09-05T11:00:56Z,False,False,https://t.me/zpravda/108617,200,media,,True,https://t.me/zpravda/108617,unknown,mo-92628101,"Диспансеризация кардинально отличается от обычного профосмотра. Это расширенный комплекс, нацеленный на глубокий онкоскрининг и оценку сердечно-сосудистых рисков. Диспансеризация проводится абсолютно бесплатно по полису ОМС. Программа постоянно расширяется.",context,0,not_editorially_useful,
,needs_review,low,1,1,evt_a554ee67fb4448ecf53d6c69,2026-09-05T19:31:51Z,,,,False,territory,False,2026-09-05T11:00:45Z,False,False,https://t.me/rusloboda/35355,200,media,,True,https://t.me/rusloboda/35355,reported,mo-92617412,В России появится специальный дорожный знак для парковки многодетных семей,context,20,not_editorially_useful,
,needs_review,medium,1,2,evt_78a42482ff4dcf9775aa3cf1,2026-09-05T19:40:45Z,,,,False,territory,False,2026-09-05T11:00:00Z,False,False,https://muslumirc.ru/news/bairamnar/37-eldan-son-kotelgan-bulak-iangyn-sunderucelarnen-binasy-kapital-remonttan-son-acyldy,200,media,,True,https://muslumirc.ru/news/bairamnar/37-eldan-son-kotelgan-bulak-iangyn-sunderucelarnen-binasy-kapital-remonttan-son-acyldy,reported,mo-92642480,Открыто здание пожарно-спасательного подразделения после капитального ремонта,context,59,not_editorially_useful,
,needs_review,low,1,1,evt_bbc38dd9988387354e801771,2026-09-05T19:32:03Z,,,,False,territory,False,2026-09-05T11:00:00Z,False,False,https://rsloboda-rt.ru/news/obschestvo-i-myi/prokuratura-cerez-sud-vosstanovila-pravo-siroty-na-zile,200,media,,True,https://rsloboda-rt.ru/news/obschestvo-i-myi/prokuratura-cerez-sud-vosstanovila-pravo-siroty-na-zile,unknown,mo-92628101,Прокуратура через суд восстановила право сироты на жильё,context,20,not_editorially_useful,
,needs_review,low,1,1,evt_49e7b7a47ad67429b410808f,2026-09-05T19:32:03Z,,,,False,territory,False,2026-09-05T10:15:00Z,False,False,https://rsloboda-rt.ru/news/obschestvo-i-myi/v-tatarstane-otkryli-sezon-oxoty-na-vodoplavaiushhuiu-i-borovuiu-dic,200,media,,True,https://rsloboda-rt.ru/news/obschestvo-i-myi/v-tatarstane-otkryli-sezon-oxoty-na-vodoplavaiushhuiu-i-borovuiu-dic,resolved,mo-92650000,В Татарстане открыли сезон охоты на водоплавающую и боровую дичь,context,59,not_editorially_useful,
,needs_review,low,1,1,evt_ee29671372d3f5eaf836a810,2026-09-05T19:31:47Z,,,,False,territory,False,2026-09-05T10:04:39Z,False,False,https://t.me/zpravda/108612,200,media,,True,https://t.me/zpravda/108612,resolved,mo-92628101,Отказ ➡️ Иск ➡️ Суд ➡️ Победа,context,0,not_editorially_useful,
Лениногорск,needs_review,medium,1,2,evt_58c4a023cb810d9ced56a2af,2026-09-05T19:41:52Z,54.5994324,,52.4469099,False,settlement,False,2026-09-05T10:04:03Z,False,False,https://t.me/zamansulyshy/17384,200,media,,True,https://t.me/zamansulyshy/17384,reported,mo-92636101,Лениногорскида маркировкасыз җиләк-җимеш һәм яшелчә саткан оешмага штраф салынган,context,0,not_editorially_useful,
,ready,low,1,1,evt_32dbaacd8a8a9f6d30c01b0e,2026-09-05T19:31:50Z,,,,False,territory,True,2026-09-05T10:02:01Z,False,False,https://t.me/nurlatinform/82265,200,media,,True,https://t.me/nurlatinform/82265,reported,mo-92646460,"✅ Отремонтировали дороги в Новом Иглайкине, Некрасовке, Светлом Озере.",useful,97,,
,needs_review,low,1,1,evt_3fa3814e54267487775b7054,2026-09-05T19:32:04Z,,,,False,territory,False,2026-09-05T10:02:00Z,False,False,https://chelny-izvest.ru/news/facts/socialnyi-fond-tatarstana-zakupit-smartfony-dlia-invalidov-na-13-mln-rublei,200,media,,True,https://chelny-izvest.ru/news/facts/socialnyi-fond-tatarstana-zakupit-smartfony-dlia-invalidov-na-13-mln-rublei,unknown,mo-92730000,Социальный фонд Татарстана закупит смартфоны для инвалидов на 13 млн рублей,context,50,not_editorially_useful,
,needs_review,low,1,1,evt_342a9ef88d45a20560f1f44b,2026-09-05T19:31:43Z,,,,False,territory,False,2026-09-05T10:00:01Z,False,False,https://t.me/tatmediaofficial/158614,200,media,,True,https://t.me/tatmediaofficial/158614,resolved,,Подготовка социальных объектов к отопительному сезону полностью завершена.,context,0,not_editorially_useful,
,needs_review,low,1,1,evt_ef35bbbbb6232f2b2b592d88,2026-09-05T19:31:50Z,,,,False,territory,False,2026-09-05T09:54:01Z,False,False,https://t.me/smi_menzela/28816,200,media,,True,https://t.me/smi_menzela/28816,reported,mo-92640000,Лоси становятся непредсказуемыми в период гонаС ко,context,0,not_editorially_useful,
,needs_review,low,1,1,evt_cea9cc81e6210c2bbfc44aa0,2026-09-05T19:31:53Z,,,,False,territory,False,2026-09-05T09:46:40Z,False,False,https://t.me/chelnytv/46187,200,media,,True,https://t.me/chelnytv/46187,reported,mo-92730000,Что говорят очевидцы пожара ⬆️,context,0,summary_too_short|not_editorially_useful,
,needs_review,low,1,1,evt_e31bf47d9175eaf9ddfc56bb,2026-09-05T19:31:59Z,,,,False,territory,False,2026-09-05T09:40:00Z,False,False,https://zainsk-inform.ru/news/obschestvo/gulfaniia-pereexala-v-kus-elgu-vyrastila-detei-i-dozila-do-pocetnoi-starosti,200,media,,True,https://zainsk-inform.ru/news/obschestvo/gulfaniia-pereexala-v-kus-elgu-vyrastila-detei-i-dozila-do-pocetnoi-starosti,unknown,mo-92627000,"Гульфания: переехала в Куш-Елгу, вырастила детей и дожила до почётной старости",context,20,not_editorially_useful,
,ready,low,1,1,evt_911ee2921bf2a6471b37b66c,2026-09-05T19:32:05Z,,,,False,territory,True,2026-09-05T09:37:29Z,False,False,https://t.me/kzn_official/23612,200,official,,True,https://t.me/kzn_official/23612,resolved,mo-92701000,Открыли Центр кикбоксинга и Центр регби.,useful,87,,
,ready,low,1,1,evt_16a980af089f6940b072c194,2026-09-05T19:32:00Z,,,,False,territory,True,2026-09-05T09:35:00Z,False,False,https://laishevskyi.ru/news/tema-dnya/v-laisevskom-raione-posle-kapitalnogo-remonta-otkrylsia-detskii-sad-i-fap,200,media,,True,https://laishevskyi.ru/news/tema-dnya/v-laisevskom-raione-posle-kapitalnogo-remonta-otkrylsia-detskii-sad-i-fap,resolved,mo-92634101,В Лаишевском районе после капитального ремонта открылся детский сад и ФАП,useful,87,,
,ready,medium,1,1,evt_a73863e38f6108e65253ef46,2026-09-05T19:42:40Z,,,,False,territory,True,2026-09-05T09:26:00Z,False,False,https://aktanysh-rt.ru/news/v-respublike/v-tatarstane-po-nacproektu-obnovili-18-svetoforov-za-1257-mln-rublei,200,media,,True,https://aktanysh-rt.ru/news/v-respublike/v-tatarstane-po-nacproektu-obnovili-18-svetoforov-za-1257-mln-rublei,resolved,mo-92605000,В Казани обновили 12 светофорных объектов,useful,87,,
,ready,medium,1,1,evt_cedb881ffd0fb48a3a53ac67,2026-09-05T19:42:40Z,,,,False,territory,True,2026-09-05T09:26:00Z,False,False,https://aktanysh-rt.ru/news/v-respublike/v-tatarstane-po-nacproektu-obnovili-18-svetoforov-za-1257-mln-rublei,200,media,,True,https://aktanysh-rt.ru/news/v-respublike/v-tatarstane-po-nacproektu-obnovili-18-svetoforov-za-1257-mln-rublei,reported,mo-92605000,В Татарстане завершили обновление 18 светофоров,useful,87,,
,ready,low,1,1,evt_db6947ed349b0c2c8476fc8d,2026-09-05T19:31:47Z,,,,False,territory,True,2026-09-05T09:15:02Z,False,False,https://t.me/zainsknews/61054,200,media,,True,https://t.me/zainsknews/61054,resolved,mo-92627000,В Кармановском сельском клубе открылась выставка творчества трёх поколений,useful,87,,
,needs_review,low,1,1,evt_5391791c57f34709aa13f15e,2026-09-05T19:31:58Z,,,,False,territory,False,2026-09-05T09:00:00Z,False,False,https://biektaw.ru/news/v-respublike/v-tatarstane-za-nedeliu-zafiksirovano-snizenie-cen-na-miaso,200,media,,True,https://biektaw.ru/news/v-respublike/v-tatarstane-za-nedeliu-zafiksirovano-snizenie-cen-na-miaso,unknown,mo-92622000,В Татарстане за неделю зафиксировано снижение цен на мясо,context,0,not_editorially_useful,
,needs_review,low,1,1,evt_b403c1490c3746d8ab2c3170,2026-09-05T19:31:53Z,,,,False,territory,False,2026-09-05T08:44:11Z,False,False,https://t.me/chelnytv/46180,200,media,,True,https://t.me/chelnytv/46180,reported,mo-92730000,В Челнах загорелся термальный комплекс на Гэсе,context,20,not_editorially_useful,
,needs_review,low,1,1,evt_b73e47c0122cb848db796757,2026-09-05T19:32:02Z,,,,False,territory,False,2026-09-05T08:34:00Z,False,False,https://menzela.ru/news/tema-dnya/oxotniki-menzelinskogo-raiona-otkryli-sezon-dobyci-pernatoi-dici,200,media,,True,https://menzela.ru/news/tema-dnya/oxotniki-menzelinskogo-raiona-otkryli-sezon-dobyci-pernatoi-dici,resolved,mo-92640000,Охотники Мензелинского района открыли сезон добычи пернатой дичи,context,59,not_editorially_useful,
Нижнекамск,needs_review,low,1,1,evt_97628bd310ae1f23419e9cf9,2026-09-05T19:31:49Z,55.6412879,,51.8160376,False,settlement,False,2026-09-05T08:30:07Z,False,False,https://t.me/ntr24ru/45271,200,media,,True,https://t.me/ntr24ru/45271,unknown,mo-92644101,В Нижнекамске прокуратура выявила незаконную выдачу потребительских займов под видом комиссионной торговли.,context,20,not_editorially_useful,
,needs_review,low,1,1,evt_a5c682a887385e5cb3da0ac2,2026-09-05T19:32:00Z,,,,False,territory,False,2026-09-05T08:16:00Z,False,False,https://mamadysh-rt.ru/news/obshchestvo/na-obnovlenie-18-svetoforov-v-tatarstane-napravili-1257-mln-rublei,200,media,,True,https://mamadysh-rt.ru/news/obshchestvo/na-obnovlenie-18-svetoforov-v-tatarstane-napravili-1257-mln-rublei,reported,mo-92638000,"На обновление 18 светофоров в Татарстане направили 125,7 млн рублей",context,16,not_editorially_useful,
,needs_review,medium,1,3,evt_e37fab2a119976cef585f6f6,2026-09-05T19:43:58Z,,,,False,territory,False,2026-09-05T08:12:32Z,False,False,https://t.me/chelny_news1/48660,200,media,,True,https://t.me/chelny_news1/48660,reported,mo-92730000,Задымление в термальном комплексе Cleversport в Набережных Челнах,context,30,not_editorially_useful,
,needs_review,low,1,1,evt_9838acc49654651c0d4f69de,2026-09-05T19:32:04Z,,,,False,territory,False,2026-09-05T08:07:00Z,False,False,https://chelny-izvest.ru/news/proisshestviya/pozarnye-nazvali-istocnik-dyma-v-termalnom-komplekse-cleversport,200,media,,True,https://chelny-izvest.ru/news/proisshestviya/pozarnye-nazvali-istocnik-dyma-v-termalnom-komplekse-cleversport,reported,mo-92730000,Открытое горение удалось ликвидировать уже в 9:30.,context,46,not_editorially_useful,
,ready,low,1,1,evt_1e4836dd21845d6acfa099c7,2026-09-05T19:31:48Z,,,,False,territory,True,2026-09-05T08:00:26Z,False,False,https://t.me/novosti_mamadysha/63918,200,media,,True,https://t.me/novosti_mamadysha/63918,unknown,mo-92638000,В Мамадышском районе закупочная цена на молоко у частных хозяйств выросла до 27 рублей за литр,useful,87,,
Качелино,ready,medium,1,3,evt_292ea7cc354fd7ac13cbca66,2026-09-05T19:44:26Z,56.0584119,,49.8120355,False,settlement,True,2026-09-05T07:25:06Z,False,False,https://t.me/arskmedia/27614,200,media,,True,https://t.me/arskmedia/27614,in_progress,mo-92612422,В Кәче строят новый мост через Казансу,useful,87,,
,needs_review,low,1,1,evt_f91459dac2a3c6d016d66afe,2026-09-05T19:45:01Z,,,,False,territory,False,2026-09-05T07:15:00Z,False,False,https://nashcheremshan.ru/news/respublikada/tatarstanda-ilkulam-proekt-buenca-svetoforlarny-modernizaciialau-eslare-togallande,200,media,,True,https://nashcheremshan.ru/news/respublikada/tatarstanda-ilkulam-proekt-buenca-svetoforlarny-modernizaciialau-eslare-togallande,reported,mo-92658000,Татарстанда илкүләм проект буенча светофорларны модернизацияләү эшләре төгәлләнде,context,46,not_editorially_useful,
,needs_review,medium,1,1,evt_3dc545dcf61acbf9831108a6,2026-09-05T19:45:13Z,,,,False,territory,False,2026-09-05T07:12:00Z,False,False,https://tulachi.ru/news/v-respublike/kazanda-strafstoiankaga-50-elektr-samokaty-ibargannar,200,media,,True,https://tulachi.ru/news/v-respublike/kazanda-strafstoiankaga-50-elektr-samokaty-ibargannar,reported,mo-92656000,В Казани на штрафстоянку отправили 50 электросамокатов,context,0,not_editorially_useful,
,ready,medium,1,2,evt_b4866ccec950175137a594ef,2026-09-05T19:45:42Z,,,,False,territory,True,2026-09-05T07:10:00Z,False,False,https://tulachi.ru/news/v-respublike/kazanda-iana-torak-kompleksy-barlykka-kilacak,200,media,,True,https://tulachi.ru/news/v-respublike/kazanda-iana-torak-kompleksy-barlykka-kilacak,in_progress,mo-92701000,Казанда яңа торак комплекс төзеләчәк,useful,89,,
,needs_review,low,1,1,evt_1c7a10fcf8427a298a69fbb8,2026-09-05T19:32:05Z,,,,False,territory,False,2026-09-05T06:59:01Z,False,False,https://t.me/kzn_official/23603,200,official,,True,https://t.me/kzn_official/23603,unknown,mo-92701000,Лучшее время для помощи — любое время ❤️,context,20,not_editorially_useful,
,ready,medium,1,1,evt_b421a41eec7df8ff97a87196,2026-09-05T19:46:33Z,,,,False,territory,True,2026-09-05T06:44:00Z,False,False,https://arskmedia.ru/news/rayon-yaalyklary/kaceda-kazansu-asa-iana-kuper-tozela,200,media,,True,https://arskmedia.ru/news/rayon-yaalyklary/kaceda-kazansu-asa-iana-kuper-tozela,reported,mo-92612000,В Кәче строится новый мост через Казансу,useful,87,,
,ready,medium,1,2,evt_9e3a7470d1e2524be7aeb860,2026-09-05T19:47:16Z,,,,False,territory,True,2026-09-05T06:32:12Z,False,False,https://t.me/chelny_news1/48658,200,media,,True,https://t.me/chelny_news1/48658,reported,mo-92730000,В Челнах установили шесть «умных» светофоров,useful,87,,
,needs_review,medium,1,2,evt_8aaf32fa4fdb4a29bda22c80,2026-09-05T19:47:56Z,,,,False,territory,False,2026-09-05T06:10:12Z,False,False,https://t.me/TulInformm/35582,200,media,,True,https://t.me/TulInformm/35582,unknown,mo-92656000,В Тюлячинском районе попросили привести в порядок прилегающие и придомовые территории,context,0,not_editorially_useful,
,needs_review,low,1,1,evt_fa48242debf8638f75cc0af9,2026-09-05T19:32:02Z,,,,False,territory,False,2026-09-05T06:07:00Z,False,False,https://pestrecy-rt.ru/news/v-respublike/v-tatarstane-modernizirovali-18-svetoforov-v-ramkax-nacproekta-infrastruktura-dlia-zizni,200,media,,True,https://pestrecy-rt.ru/news/v-respublike/v-tatarstane-modernizirovali-18-svetoforov-v-ramkax-nacproekta-infrastruktura-dlia-zizni,unknown,mo-92648000,В Татарстане модернизировали 18 светофоров в рамках нацпроекта «Инфраструктура для жизни»,context,67,not_editorially_useful,
,needs_review,low,1,1,evt_d9fc5c715b8409738579ffee,2026-09-05T19:31:48Z,,,,False,territory,False,2026-09-05T06:04:01Z,False,False,https://t.me/volzhskie/36101,200,media,,True,https://t.me/volzhskie/36101,reported,mo-92630151,"В конце 90-х перешла в бухгалтерию Гостелерадио Татарстана, а в начале 2000-х устроилась работать в Республиканскую клиническую больницу (РКБ), где трудилась до",context,36,not_editorially_useful,
Казань,needs_review,medium,2,2,evt_aa0eb6c02e6bab9e92493735,2026-09-05T19:50:52Z,55.7946485,,49.1115022,False,settlement,False,2026-09-05T06:02:44Z,False,False,https://t.me/tatmediaofficial/158579,200,media,,True,https://t.me/tatmediaofficial/158579,resolved,mo-92701000,В Татарстане построен современный учебно-тренировочный полигон для пожарных и спасателей,context,20,not_editorially_useful,
,needs_review,low,1,1,evt_c1b8295b513a3903828dbb84,2026-09-05T19:31:53Z,,,,False,territory,False,2026-09-05T05:00:00Z,False,False,https://agryz-rt.ru/news/pecatnaia-versiia/marat-axmetov-ocenil-xod-uborocnyx-rabot-i-stroitelstvo-molocnogo-kompleksa-v-agryzskom-raione,200,media,,True,https://agryz-rt.ru/news/pecatnaia-versiia/marat-axmetov-ocenil-xod-uborocnyx-rabot-i-stroitelstvo-molocnogo-kompleksa-v-agryzskom-raione,planned,mo-92601101,Марат Ахметов оценил ход уборочных работ и строительство молочного комплекса в Агрызском районе,useful,87,open_state_text_looks_finished,
,needs_review,low,1,1,evt_f182b9f33e503bb5eacc36da,2026-09-05T19:32:00Z,,,,False,territory,False,2026-09-05T05:00:00Z,False,False,https://mamadysh-rt.ru/news/dorozhnyy-patrul/voditelia-infiniti-iz-mamadysskogo-raiona-lisili-prav-za-pianuiu-ezdu,200,media,,True,https://mamadysh-rt.ru/news/dorozhnyy-patrul/voditelia-infiniti-iz-mamadysskogo-raiona-lisili-prav-za-pianuiu-ezdu,unknown,mo-92638000,Водителя Infiniti из Мамадышского района лишили прав за пьяную езду,context,20,not_editorially_useful,
,needs_review,low,1,1,evt_9c2c12880d3caf9dc013b34a,2026-09-05T19:31:52Z,,,,False,territory,False,2026-09-05T04:36:51Z,False,False,https://t.me/chelny_news1/48656,200,media,,True,https://t.me/chelny_news1/48656,unknown,mo-92730000,Экс-министр связи России стал фигурантом дела о миллиардной пирамиде Finiko,context,36,not_editorially_useful,
"Малая Красная улица, 7",ready,low,2,2,evt_26d996455737b4cfc729cda3,2026-09-05T19:31:42Z,55.79839135,,49.12806471655345,True,building,True,2026-09-05,False,True,,,utility,URLError,False,https://www.kznvodokanal.ru/accident#water-319f634f6436e5d012f2a307,in_progress,mo-92701000,"Отключение водоснабжения: Вахитовский, МАЛАЯ КРАСНАЯ, 7",useful,97,,source_unreachable_at_audit
"проспект Ямашева, 28",ready,low,1,1,evt_ce2b6ee188bad4052c30fc10,2026-09-05T19:31:42Z,55.82772165,,49.09544985263713,True,building,True,2026-09-04T21:00:00Z,False,True,,,utility,URLError,False,https://www.kznvodokanal.ru/accident#water-7bd706fc536fae562d0d9a0e,in_progress,mo-92701000,"Отключение водоснабжения: Ново-Савиновский, ЯМАШЕВА ПРОСПЕКТ, 28",useful,97,,source_unreachable_at_audit
,ready,medium,1,2,evt_d160180518fe3b69331ce1e6,2026-09-05T19:49:41Z,,,,False,territory,True,2026-09-04T19:06:55Z,False,False,https://t.me/arskmedia/27610,200,media,,True,https://t.me/arskmedia/27610,reported,mo-92612151,В Арском районе началось строительство сотой мечети,useful,62,,
,needs_review,low,1,1,evt_2052b8a40420adc411cfe76e,2026-09-05T19:31:58Z,,,,False,territory,False,2026-09-04T19:00:00Z,False,False,https://biektaw.ru/news/selskoe-hozyaystvo/tatarstan-zanial-vtoroe-mesto-v-rossii-po-cislu-fermerskix-ostrovkov,200,media,,True,https://biektaw.ru/news/selskoe-hozyaystvo/tatarstan-zanial-vtoroe-mesto-v-rossii-po-cislu-fermerskix-ostrovkov,resolved,mo-92622000,"По состоянию на 2026 год в республике работают шесть таких площадок с продукцией местных производителей, причем три из них открылись в текущем году.",context,59,not_editorially_useful,
,needs_review,low,1,1,evt_ab36b8332de5fd9ce8c91cd5,2026-09-05T19:31:57Z,,,,False,territory,False,2026-09-04T18:30:00Z,False,False,https://bugulma-tatarstan.ru/news/news/tatarstan-pokazal-vysokie-rezultaty-v-federalnyx-i-okruznyx-molodeznyx-proektax,200,media,,True,https://bugulma-tatarstan.ru/news/news/tatarstan-pokazal-vysokie-rezultaty-v-federalnyx-i-okruznyx-molodeznyx-proektax,unknown,mo-92617000,Татарстан показал высокие результаты в федеральных и окружных молодёжных проектах,context,0,not_editorially_useful,
,needs_review,low,1,1,evt_1d66d865c4224ce9424f3502,2026-09-05T19:31:44Z,,,,False,territory,False,2026-09-04T18:23:01Z,False,False,https://t.me/uvt24/32684,200,media,,True,https://t.me/uvt24/32684,unknown,mo-92608101,В последний месяц активно ведется ремонт дорог на нескольких участках.,context,0,not_editorially_useful,
,ready,medium,1,2,evt_94f63d41801ccdf29ccc77dc,2026-09-05T19:49:04Z,,,,False,territory,True,2026-09-04T17:52:37Z,False,False,https://t.me/kvb_kzn/3872,200,official,,True,https://t.me/kvb_kzn/3872,in_progress,mo-92701000,Авария на сетях ливневой канализации и срочные ремонтные работы на проспекте Универсиады,useful,97,,
,ready,low,1,1,evt_389261652c81af8fcec93daa,2026-09-05T19:31:43Z,,,,False,territory,True,2026-09-04T17:32:30Z,False,False,https://t.me/tatmediaofficial/158594,200,media,,True,https://t.me/tatmediaofficial/158594,reported,,"Собранные у обманутых россиян деньги якобы выводились за границу через фирму, связанную со строительством и управлением недвижимостью в Иннополисе.",useful,70,,
,needs_review,low,1,1,evt_80507798da4317bb4f3e1c83,2026-09-05T19:31:46Z,,,,False,territory,False,2026-09-04T17:05:01Z,False,False,https://t.me/bugulgazeta/58352,200,media,,True,https://t.me/bugulgazeta/58352,unknown,mo-92617000,"OpenAI, Google и Microsoft объединились против... самих себя? Более 100 IT-компаний предупреждают: ИИ может стать глобальной и опасной проблемой",context,0,not_editorially_useful,
,needs_review,medium,1,1,evt_bfb41960a283909ae124caa9,2026-09-05T19:50:24Z,,,,False,territory,False,2026-09-04T16:34:01Z,False,False,https://t.me/atnatani/14063,200,media,,True,https://t.me/atnatani/14063,unknown,mo-92613000,Планируется двухэтапная индексация страховой пенсии в 2027 году,context,0,not_editorially_useful,
,needs_review,low,1,1,evt_33af5968e2a4643e6a14db33,2026-09-05T19:31:56Z,,,,False,territory,False,2026-09-04T16:30:00Z,False,False,https://almetievsk-ru.ru/news/goryachie-novosti/molodez-tatarstana-dobilas-novyx-uspexov-v-proektax-pfo,200,media,,True,https://almetievsk-ru.ru/news/goryachie-novosti/molodez-tatarstana-dobilas-novyx-uspexov-v-proektax-pfo,unknown,mo-92608000,Молодежь Татарстана добилась новых успехов в проектах ПФО,context,42,not_editorially_useful,
,ready,low,1,1,evt_9a3990661913a6858bb0b630,2026-09-05T19:32:00Z,,,,False,territory,True,2026-09-04T16:21:00Z,False,False,https://laishevskyi.ru/news/tema-dnya/v-laisevskom-raione-otkrylis-ucebno-trenirovocnyi-kompleks-mcs-rossii-i-novaia-pozarnaia-cast,200,media,,True,https://laishevskyi.ru/news/tema-dnya/v-laisevskom-raione-otkrylis-ucebno-trenirovocnyi-kompleks-mcs-rossii-i-novaia-pozarnaia-cast,resolved,mo-92634480,В Лаишевском районе открылись учебно-тренировочный комплекс МЧС России и новая пожарная часть,useful,79,,
,needs_review,low,1,1,evt_6a65921cdfa246ed1464c5f6,2026-09-05T19:31:47Z,,,,False,territory,False,2026-09-04T16:20:25Z,False,False,https://t.me/zpravda/108584,200,media,,True,https://t.me/zpravda/108584,reported,mo-92628101,"С началом учебного года на улицах стало больше детей, а значит, вопросы безопасности на дорогах выходят на первый план.",context,36,not_editorially_useful,
,needs_review,low,1,2,evt_c0a2da45e9884ec13f3f253a,2026-09-04T20:37:25Z,,,,False,territory,False,2026-09-04T16:13:36Z,False,False,https://t.me/n_chrmshn/18607,200,media,,True,https://t.me/n_chrmshn/18607,reported,mo-92658000,Зеркала на заказ в Новосибирске,noise,20,not_editorially_useful,
,needs_review,low,1,1,evt_9a66cd874df33eb29e271b63,2026-09-05T19:31:49Z,,,,False,territory,False,2026-09-04T16:10:02Z,False,False,https://t.me/ntr24ru/45263,200,media,,True,https://t.me/ntr24ru/45263,reported,,Сейчас средний возраст пациентов врача-пульмонолога — от 25 до 35 лет.,context,16,not_editorially_useful,
,needs_review,low,1,2,evt_c8baf8cf31c35d4a8a58a943,2026-09-04T20:24:18Z,,,,False,territory,False,2026-09-04T16:01:36Z,False,False,https://t.me/shesmauk/35812,200,media,,True,https://t.me/shesmauk/35812,unknown,mo-92645000,МАКС и Телеграм:,noise,0,not_editorially_useful,
,ready,low,1,1,evt_989d0743c8b389909794b1b3,2026-09-05T19:31:47Z,,,,False,territory,True,2026-09-04T15:37:40Z,False,False,https://t.me/ElabugaNK/46280,200,media,,True,https://t.me/ElabugaNK/46280,in_progress,,Работы проходят в рамках капитального ремонта дома.,useful,89,,
,needs_review,low,1,1,evt_0cdb787befb98b9ab20e1a70,2026-09-05T19:31:46Z,,,,False,territory,False,2026-09-04T15:35:02Z,False,False,https://t.me/bugulgazeta/58351,200,media,,True,https://t.me/bugulgazeta/58351,reported,mo-92617000,Разбираем три главных нововведения и что они значат для жителей .,context,0,not_editorially_useful,
,needs_review,low,1,1,evt_db25314da68070dea582d8e5,2026-09-05T19:31:56Z,,,,False,territory,False,2026-09-04T15:26:00Z,False,False,https://almetievsk-ru.ru/news/goryachie-novosti/hr-rukovoditeli-45-predpriiatii-tatarstana-izucili-opyt-kazanyorgsinteza,200,media,,True,https://almetievsk-ru.ru/news/goryachie-novosti/hr-rukovoditeli-45-predpriiatii-tatarstana-izucili-opyt-kazanyorgsinteza,reported,mo-92608000,HR-руководители 45 предприятий Татарстана изучили опыт «Казаньоргсинтеза»,context,36,not_editorially_useful,
,needs_review,low,1,1,evt_f825b139f1d7a01c5b6faa24,2026-09-05T19:32:00Z,,,,False,territory,False,2026-09-04T15:16:00Z,False,False,https://laishevskyi.ru/news/sport/prislo-vremia-delat-privivki-ot-grippa,200,media,,True,https://laishevskyi.ru/news/sport/prislo-vremia-delat-privivki-ot-grippa,unknown,mo-92634000,Пришло время делать прививки от гриппа,context,0,not_editorially_useful,
,needs_review,medium,1,2,evt_7b280b7adf92f16df31b5545,2026-09-05T19:52:15Z,,,,False,territory,False,2026-09-04T15:10:00Z,False,False,https://yashel-uzan.ru/news/yash%D3%99esh/iasel-uzan-raionynda-64-isegaldy-remontlangan,200,media,,True,https://yashel-uzan.ru/news/yashәesh/iasel-uzan-raionynda-64-isegaldy-remontlangan,reported,mo-92628101,В Зеленодольском районе отремонтировали 64 двора,context,20,not_editorially_useful,
,needs_review,low,1,1,evt_7321460cb18da2b65d97b747,2026-09-05T19:31:56Z,,,,False,territory,False,2026-09-04T15:08:00Z,False,False,https://aksubayevo.ru/news/news/rossiiane-smogut-podtverzdat-lgoty-na-proezd-cerez-prilozenie-maks-s-1-sentiabria,200,media,,True,https://aksubayevo.ru/news/news/rossiiane-smogut-podtverzdat-lgoty-na-proezd-cerez-prilozenie-maks-s-1-sentiabria,reported,mo-92604000,Россияне смогут подтверждать льготы на проезд через приложение МАКС с 1 сентября,context,16,not_editorially_useful,
,needs_review,medium,1,2,evt_79718cd570972458c2071915,2026-09-05T19:51:38Z,,,,False,territory,False,2026-09-04T15:05:28Z,False,False,https://t.me/sabatannars/47529,200,media,,True,https://t.me/sabatannars/47529,reported,,Саба районында “Яшьлек” яшьләр үзәге проекты кысаларында милләтләр белән беренче очрашу узды,context,20,not_editorially_useful,
,needs_review,low,1,1,evt_d7021b6d5b986a7e27994927,2026-09-05T19:31:44Z,,,,False,territory,False,2026-09-04T15:05:12Z,False,False,https://t.me/zariaaleks/32378,200,media,,True,https://t.me/zariaaleks/32378,reported,mo-92606000,"Когда тебе платят больше, чем ты зарабатывал за неделю, мозг отключается. Но даже в сети у каждого действия есть последствия. И папин звонок — это лишь начало.",context,0,not_editorially_useful,
,ready,low,1,1,evt_642b601633b09cf9e92e876b,2026-09-05T19:31:48Z,,,,False,territory,True,2026-09-04T15:01:57Z,False,False,https://t.me/novayakama/54804,200,media,,True,https://t.me/novayakama/54804,resolved,mo-92634480,В Лаишевском районе открылись учебно-тренировочный комплекс МЧС России и новая пожарная часть,useful,79,,
,needs_review,medium,1,3,evt_e1be89894b376af5214622fb,2026-09-05T19:52:48Z,,,,False,territory,False,2026-09-04T15:00:00Z,False,False,https://baltaci.ru/news/iuxidi-xabar-ita/bernica-masina-katnasynda-avariiada-26-iaslek-kyz-halak-bulgan,200,media,,True,https://baltaci.ru/news/iuxidi-xabar-ita/bernica-masina-katnasynda-avariiada-26-iaslek-kyz-halak-bulgan,reported,mo-92615151,Массовое ДТП в Зәйском районе Татарстана,context,20,not_editorially_useful,
,ready,low,1,1,evt_0567f62834089d1bf879d3a6,2026-09-05T19:31:43Z,,,,False,territory,True,2026-09-04T14:45:17Z,False,False,https://t.me/tatmediaofficial/158577,200,media,,True,https://t.me/tatmediaofficial/158577,reported,,Рустам Минниханов и Александр Куренков осмотрели выставку «Комплексная безопасность – 2026»,useful,79,,
,ready,low,1,1,evt_e4788f87cf235c874d58f7a3,2026-09-05T19:31:47Z,,,,False,territory,True,2026-09-04T14:31:37Z,False,False,https://t.me/zpravda/108579,200,media,,True,https://t.me/zpravda/108579,resolved,mo-92628101,В Зеленодольске после масштабной реконструкции открыли кузницу будущих чемпионов - Спортивную школу олимпийского резерва.,useful,87,,
,ready,low,1,1,evt_e9b5afe04aa3701e3f6c66d7,2026-09-05T19:32:02Z,,,,False,territory,True,2026-09-04T14:31:00Z,False,False,https://novoshishminsk.ru/news/v-respublike/skola-mezetniceskoi-zurnalistiki-obieiavliaet-nabor-na-2026-god,200,media,,True,https://novoshishminsk.ru/news/v-respublike/skola-mezetniceskoi-zurnalistiki-obieiavliaet-nabor-na-2026-god,resolved,mo-92645000,Всероссийский наставнический проект «Школа межэтнической журналистисты» открыт для слушателей 18–30 лет из всех регионов страны.,useful,87,,
Альметьевск,needs_review,low,1,1,evt_85751f42e48362dd3a63afab,2026-09-05T19:31:44Z,54.9005008,,52.2963777,False,settlement,False,2026-09-04T14:22:01Z,False,False,https://t.me/uvt24/32682,200,media,,True,https://t.me/uvt24/32682,resolved,mo-92608101,В Альметьевском городском суде завершено рассмотрение уголовного дела в отношении врача-гинеколога.,context,20,not_editorially_useful,
,needs_review,low,1,1,evt_6bb05ef4a8e6b64d7003120d,2026-09-05T19:31:44Z,,,,False,territory,False,2026-09-04T14:17:35Z,False,False,https://t.me/uvt24/32681,200,media,,True,https://t.me/uvt24/32681,unknown,mo-92608000,После выхода двух сюжетов ЮВТ-24 об аварийности моста в микрорайоне Урсала - ремонт сделан!,context,16,not_editorially_useful,
,ready,medium,1,3,evt_889a1cb524aa703db396445a,2026-09-05T19:53:29Z,,,,False,territory,True,2026-09-04T14:06:48Z,False,False,https://t.me/chelnytv/46171,200,media,,True,https://t.me/chelnytv/46171,resolved,mo-92730000,"В Челнах завершена итоговая опрессовка тепловых сетей, начато подключение домов к системе ГВС",useful,87,,
,needs_review,medium,1,2,evt_205a05865905302fbf76775c,2026-09-05T19:54:16Z,,,,False,territory,False,2026-09-04T14:04:27Z,False,False,https://t.me/yasheluzan/54093,200,media,,True,https://t.me/yasheluzan/54093,reported,mo-92628000,Визит на Яшел Үзәнский молочный комбинат и обсуждение модернизации,context,0,not_editorially_useful,
,needs_review,low,1,1,evt_becd1751535cf6aa085edcd1,2026-09-05T19:31:48Z,,,,False,territory,False,2026-09-04T14:00:36Z,False,False,https://t.me/novayakama/54803,200,media,,True,https://t.me/novayakama/54803,planned,mo-92634000,"Завтра ночью и днем местами ожидается гроза с кратковременными усилениями ветра до 15-20 м/с, днем возможен град.",context,0,not_editorially_useful,
,needs_review,low,1,1,evt_7331feaaccff673048f58e3f,2026-09-05T19:32:02Z,,,,False,territory,False,2026-09-04T14:00:00Z,False,False,https://nurlat-tat.ru/news/finansovaya-gramotnost/v-tatarstane-raskryli-25-nelegalnyx-kreditorov,200,media,,True,https://nurlat-tat.ru/news/finansovaya-gramotnost/v-tatarstane-raskryli-25-nelegalnyx-kreditorov,unknown,mo-92646000,В Татарстане раскрыли 25 нелегальных кредиторов,context,0,not_editorially_useful,
,needs_review,low,1,1,evt_95d57842d32025e4366cf8fb,2026-09-05T19:31:58Z,,,,False,territory,False,2026-09-04T14:00:00Z,False,False,https://biektaw.ru/news/v-rossii/kakie-diplomy-segodnia-pomogaiut-bystree-naiti-rabotu,200,media,,True,https://biektaw.ru/news/v-rossii/kakie-diplomy-segodnia-pomogaiut-bystree-naiti-rabotu,reported,mo-92622000,Какие дипломы сегодня помогают быстрее найти работу,context,16,not_editorially_useful,
,needs_review,low,1,1,evt_6cbaf4f25060896244639cfe,2026-09-05T19:31:48Z,,,,False,territory,False,2026-09-04T13:38:23Z,False,False,https://t.me/novosti_mamadysha/63897,200,media,,True,https://t.me/novosti_mamadysha/63897,reported,mo-92638000,Ветеринарный фельдшер из Мамадышского района отмечена благодарностью Минсельхоза РТ,context,36,not_editorially_useful,
,ready,low,1,1,evt_9131711bc593bd333f421fae,2026-09-05T19:31:52Z,,,,False,territory,True,2026-09-04T13:37:59Z,False,False,https://t.me/chelny_news1/48618,200,media,,True,https://t.me/chelny_news1/48618,resolved,mo-92730000,В Набережных Челнах начали досрочно подавать горячую воду после завершения опрессовки тепловых сетей.,useful,87,,
,needs_review,low,1,1,evt_d9efa204bfa1af324b5b4855,2026-09-05T19:31:47Z,,,,False,territory,False,2026-09-04T13:36:23Z,False,False,https://t.me/ElabugaNK/46274,200,media,,True,https://t.me/ElabugaNK/46274,reported,,Ремонт моста через Тойму завершат досрочно,context,50,not_editorially_useful,
,needs_review,low,1,1,evt_35de20de97534fcdb1d7baf5,2026-09-05T19:31:52Z,,,,False,territory,False,2026-09-04T13:33:09Z,False,False,https://t.me/chelny_news1/48617,200,media,,True,https://t.me/chelny_news1/48617,reported,mo-92730000,Две операции за один наркоз: врачи КДМЦ Челнов помогли 15-летнему пациенту,context,16,not_editorially_useful,
,needs_review,low,1,1,evt_954cd8fbe81820203b60246b,2026-09-05T19:31:51Z,,,,False,territory,False,2026-09-04T13:31:30Z,False,False,https://t.me/yakti_ul/31317,200,media,,True,https://t.me/yakti_ul/31317,unknown,mo-92657000,"Разбираем главные нюансы «гаражной амнистии» и рассказываем, как законно оформить постройку, даже если кооператив ликвидирован или границы участка сместились.",context,0,not_editorially_useful,
,needs_review,low,1,1,evt_bf76b70a494f8583953d365d,2026-09-05T19:31:57Z,,,,False,territory,False,2026-09-04T13:30:00Z,False,False,https://vuslon.ru/news/obschestvo/vserossiiskaia-skola-mezetniceskoi-zurnalistiki-otkryla-nabor-slusatelei,200,media,,True,https://vuslon.ru/news/obschestvo/vserossiiskaia-skola-mezetniceskoi-zurnalistiki-otkryla-nabor-slusatelei,reported,mo-92620000,Всероссийская «Школа межэтнической журналистики» открыла набор слушателей,context,16,not_editorially_useful,
,needs_review,low,1,1,evt_72bef24acdd4e5ce511a9443,2026-09-05T19:32:05Z,,,,False,territory,False,2026-09-04T13:21:29Z,False,False,https://t.me/kzn_official/23596,200,official,,True,https://t.me/kzn_official/23596,unknown,mo-92701000,"Не нужно подвергать себя опасности, чтобы увидеть работу пожарных 🔥",context,0,not_editorially_useful,
,needs_review,low,1,1,evt_13f8f99461ca71b4ee91f80b,2026-09-05T19:31:48Z,,,,False,territory,False,2026-09-04T13:13:56Z,False,False,https://t.me/kukmor_tatarstan/56162,200,media,,True,https://t.me/kukmor_tatarstan/56162,reported,mo-92633000,"Встреча прошла в формате открытого диалога: перед земляками отчитался глава поселения Сергей Федоров, а затем выступила заместитель руководителя Исполнительного",context,36,not_editorially_useful,
,ready,low,1,1,evt_dcf86d9faa7f5a56071871ef,2026-09-05T19:32:02Z,,,,False,territory,True,2026-09-04T13:05:00Z,False,False,https://nurlat-tat.ru/news/novosti/startoval-nabor-v-skolu-mezetniceskoi-zurnalistiki,200,media,,True,https://nurlat-tat.ru/news/novosti/startoval-nabor-v-skolu-mezetniceskoi-zurnalistiki,reported,mo-92646000,Всероссийский наставнический проект «Школа межэтнической журналистики» открыл приём заявок на новый учебный год.,useful,70,,
,needs_review,low,1,1,evt_b1dfde1c202b09e7faf3f9ca,2026-09-05T19:31:51Z,,,,False,territory,False,2026-09-04T13:02:26Z,False,False,https://t.me/tetyushy/51342,200,media,,True,https://t.me/tetyushy/51342,unknown,mo-92620465,"Нина Михайловна Васичкина из Тетюш хранила в сердце воспоминания о войне — она застала её семилетней девочкой. Её отец почти сразу ушёл на фронт, дважды был ранен — под Смоленском и Сталинградом, — и в 1944 году вернулся домой по инвалидности.",context,30,not_editorially_useful,
,needs_review,low,1,1,evt_cee8756e7fa77fa0b3df77f1,2026-09-05T19:31:55Z,,,,False,territory,False,2026-09-04T13:00:00Z,False,False,https://aktanysh-rt.ru/news/finans-gramotalylygy/bank-rossii-v-i-polugodii-2026-goda-vyiavil-v-tatarstane-25-nelegalnyx-kreditorov,200,media,,True,https://aktanysh-rt.ru/news/finans-gramotalylygy/bank-rossii-v-i-polugodii-2026-goda-vyiavil-v-tatarstane-25-nelegalnyx-kreditorov,reported,mo-92605000,Банк России в I полугодии 2026 года выявил в Татарстане 25 нелегальных кредиторов,context,16,not_editorially_useful,
,needs_review,low,1,1,evt_eab783c8f8cf4b9872ad3c22,2026-09-05T19:32:02Z,,,,False,territory,False,2026-09-04T12:59:00Z,False,False,https://nizhnekamsk-rt.ru/news/obschestvo/ucastniki-izucat-osnovy-gosudarstvennoi-nacionalnoi-politiki-rossii,200,media,,True,https://nizhnekamsk-rt.ru/news/obschestvo/ucastniki-izucat-osnovy-gosudarstvennoi-nacionalnoi-politiki-rossii,reported,mo-92644000,Всероссийский наставнический проект «Школа межэтнической журналистики» открывает прием заявок.,context,50,not_editorially_useful,
,needs_review,medium,1,2,evt_53f1e2cff7ef4aee7f7c91f0,2026-09-05T19:55:17Z,,,,False,territory,False,2026-09-04T12:50:00Z,False,False,https://kukmor-rt.ru/news/sogy-yanalyklar/tuban-uras-irlegenda-xalyk-zyeny-uzdy-1788526316,200,media,,True,https://kukmor-rt.ru/news/sogy-yanalyklar/tuban-uras-irlegenda-xalyk-zyeny-uzdy-1788526316,reported,mo-92633440,В Түбән Үрәс состоялся сход жителей,context,20,not_editorially_useful,
Казань,ready,low,1,1,evt_c79b4a51c6dbcec889a01775,2026-09-05T19:31:47Z,55.7946485,,49.1115022,False,settlement,True,2026-09-04T12:49:01Z,False,False,https://t.me/zainsknews/61008,200,media,,True,https://t.me/zainsknews/61008,in_progress,mo-92701000,В Казани начали проектировать новый участок второй линии метро.,useful,87,,
,ready,low,1,1,evt_8f12edbaaef884bcc46b36f6,2026-09-05T19:31:51Z,,,,False,territory,True,2026-09-04T12:40:15Z,False,False,https://t.me/tetyushy/51341,200,media,,True,https://t.me/tetyushy/51341,resolved,mo-92655000,В Тетюшском государственном колледже гражданской защиты после масштабного капитального ремонта торжественно открыли обновлённое общежитие — теперь оно носит звучное имя «Дом курсанта». Первого сентября на плацу царило особенное праздничное оживление: студенты и преподаватели с нетерпением ждали этого важного события. Разделить радость с курсантами и педагогами приехали почётные гости — в том числе глава района и представители республиканских ведомств.,useful,79,,
,needs_review,medium,1,1,evt_e4eaa5386f7114cda51f8ee7,2026-09-05T19:55:43Z,,,,False,territory,False,2026-09-04T12:37:43Z,False,False,https://t.me/yasheluzan/54092,200,media,,True,https://t.me/yasheluzan/54092,reported,mo-92628000,В Әйше прошла акция по безопасности дорожного движения,context,20,not_editorially_useful,
Новое Ибрайкино,needs_review,low,2,2,evt_5422884d4c90bf4967d73a0f,2026-09-05T19:31:56Z,54.8679981,,51.1654878,False,settlement,False,2026-09-04T12:26:50Z,False,False,https://aksubayevo.ru/news/geroiami-ne-rozdaiutsia-imi-stanoviatsia/v-novom-ibraikine-aksubaevskogo-raiona-sostoialos-otkrytie-memorialnoi-doski-boicu-svo,200,media,,True,https://aksubayevo.ru/news/geroiami-ne-rozdaiutsia-imi-stanoviatsia/v-novom-ibraikine-aksubaevskogo-raiona-sostoialos-otkrytie-memorialnoi-doski-boicu-svo,reported,mo-92604430,В Новом Ибрайкине Аксубаевского района состоялось открытие мемориальной доски бойцу СВО,context,36,not_editorially_useful,
,needs_review,low,1,1,evt_ca4c55124c04d5f11fd9bb58,2026-09-05T19:32:02Z,,,,False,territory,False,2026-09-04T12:23:00Z,False,False,https://novoshishminsk.ru/news/finansovaya-gramotnost/bank-rossii-v-i-polugodii-2026-goda-vyiavil-v-tatarstane-25-nelegalnyx-kreditorov,200,media,,True,https://novoshishminsk.ru/news/finansovaya-gramotnost/bank-rossii-v-i-polugodii-2026-goda-vyiavil-v-tatarstane-25-nelegalnyx-kreditorov,unknown,mo-92645000,Банк России в I полугодии 2026 года выявил в Татарстане 25 нелегальных кредиторов,context,0,not_editorially_useful,
,needs_review,medium,1,2,evt_cb1ca9f126195f7136cfcaa2,2026-09-05T20:00:16Z,,,,False,territory,False,2026-09-04T12:17:33Z,False,False,https://t.me/sarman_rt/32021,200,media,,True,https://t.me/sarman_rt/32021,resolved,mo-92653420,Илексаз мәктәбенең ашханәсе капиталь төзекләндерелде,context,0,not_editorially_useful,
,needs_review,medium,1,3,evt_f5e37980c655090732b7af13,2026-09-05T20:00:46Z,,,,False,territory,False,2026-09-04T12:16:15Z,False,False,https://t.me/muslumirc/44284,200,media,,True,https://t.me/muslumirc/44284,reported,mo-92642000,В «Офык» стартовал новый сезон кружка робототехники,context,0,not_editorially_useful,
,needs_review,medium,1,2,evt_9cf3e83bdac36398f53c5e6b,2026-09-05T20:01:18Z,,,,False,territory,False,2026-09-04T12:15:00Z,False,False,https://tukai-rt.ru/news/m%D3%99garif/avyl-belan-berga-uskan-maktap-masstably-remonttan-son-belem-kone,200,media,,True,https://tukai-rt.ru/news/mәgarif/avyl-belan-berga-uskan-maktap-masstably-remonttan-son-belem-kone,reported,mo-92701000,Школа в Яңа поселогы после масштабного ремонта встретила новый учебный год,context,0,not_editorially_useful,
,needs_review,low,1,1,evt_24fdb17633cc278418668c70,2026-09-05T19:31:45Z,,,,False,territory,False,2026-09-04T12:05:04Z,False,False,https://t.me/BavlyinformNEWS/44442,200,media,,True,https://t.me/BavlyinformNEWS/44442,reported,mo-92614000,27 августа в Бавлинском районе прошло открытие 53-го конкурса операторов машинного доения.,context,20,not_editorially_useful,
,needs_review,low,1,1,evt_bfb4bc0ee8001b374676a447,2026-09-05T19:31:50Z,,,,False,territory,False,2026-09-04T12:04:47Z,False,False,https://t.me/nurlatinform/82239,200,media,,True,https://t.me/nurlatinform/82239,planned,mo-92646000,"Всего в ЛПХ сейчас 685 КРС, и это число держится благодаря субсидиям.",context,16,not_editorially_useful,
,needs_review,low,1,1,evt_d632cf4f01f471657778fd70,2026-09-05T19:31:44Z,,,,False,territory,False,2026-09-04T12:00:41Z,False,False,https://t.me/alki_vesti/20584,200,media,,True,https://t.me/alki_vesti/20584,planned,mo-92607000,* Г) Отключаю все уведомления на телефоне во время работы.,context,0,not_editorially_useful,
,ready,low,1,1,evt_d1ab089ebe94e348bbe26f05,2026-09-05T19:32:02Z,,,,False,territory,True,2026-09-04T12:00:00Z,False,False,https://nurlat-tat.ru/news/proekt-zivet-selo-zivet-rossiia/okolo-25-millionov-rublei-gospodderzki-polucili-ziteli-novo-iglaikinskogo-poseleniia,200,media,,True,https://nurlat-tat.ru/news/proekt-zivet-selo-zivet-rossiia/okolo-25-millionov-rublei-gospodderzki-polucili-ziteli-novo-iglaikinskogo-poseleniia,unknown,mo-92646000,"Около 2,5 миллионов рублей господдержки получили жители Новоиглайкинского поселения",useful,80,,
,needs_review,low,1,1,evt_a104de86405fe3067e9791b7,2026-09-05T19:32:00Z,,,,False,territory,False,2026-09-04T11:58:00Z,False,False,https://kamskoe-ustie.ru/news/finansovaia-gramotnost/bank-rossii-vyiavil-v-tatarstane-25-cernyx-kreditorov,200,media,,True,https://kamskoe-ustie.ru/news/finansovaia-gramotnost/bank-rossii-vyiavil-v-tatarstane-25-cernyx-kreditorov,unknown,mo-92630000,Банк России выявил в Татарстане 25 «черных» кредиторов,context,0,not_editorially_useful,
Балтачево,ready,low,1,1,evt_6bc7e2f68932432f10b0adc6,2026-09-05T19:31:48Z,55.1621265,,48.9736283,False,settlement,True,2026-09-04T11:56:01Z,False,False,https://t.me/volzhskie/36087,200,media,,True,https://t.me/volzhskie/36087,resolved,mo-92630403,"В прошлом году здесь завершили первый этап работ за счет грантовых средств – подготовили площадку на берегу пруда, предварительно осушив болото.",useful,79,,
,needs_review,low,1,1,evt_995113dce20e5594706e41a8,2026-09-05T19:31:59Z,,,,False,territory,False,2026-09-04T11:49:00Z,False,False,https://kaibicy.ru/news/finansovaya-gramotnost/bank-rossii-v-i-polugodii-2026-goda-vyiavil-v-tatarstane-25-nelegalnyx-kreditorov,200,media,,True,https://kaibicy.ru/news/finansovaya-gramotnost/bank-rossii-v-i-polugodii-2026-goda-vyiavil-v-tatarstane-25-nelegalnyx-kreditorov,reported,mo-92629000,Банк России в I полугодии 2026 года выявил в Татарстане 25 нелегальных кредиторов,context,16,not_editorially_useful,
Чистополь,needs_review,low,1,1,evt_c3dd4862fe2f013f7cac6d24,2026-09-05T19:32:04Z,55.3714831,,50.6367311,False,settlement,False,2026-09-04T11:46:00Z,False,False,https://chistopol-rt.ru/news/obschestvo/v-cistopole-ogranicat-vodosnabzenie-v-neskolkix-mikroraionax,200,media,,True,https://chistopol-rt.ru/news/obschestvo/v-cistopole-ogranicat-vodosnabzenie-v-neskolkix-mikroraionax,planned,mo-92659101,"Воду отключат сегодня Сегодня, 4 сентября, в Чистополе с 15:30 до 18:00 будет ограничено водоснабжение в нескольких микрорайонах города.",useful,87,open_state_text_looks_finished,
,needs_review,low,1,1,evt_e22bd770d0e05ae5ce48e5df,2026-09-05T19:31:43Z,,,,False,territory,False,2026-09-04T11:45:16Z,False,False,https://t.me/tatmediaofficial/158547,200,media,,True,https://t.me/tatmediaofficial/158547,resolved,,В Татарстане открыли учебно-тренировочный комплекс МЧС и новую пожарно-спасательную часть,context,59,not_editorially_useful,
,needs_review,low,1,1,evt_d9887c7d9abc6b51a7c70669,2026-09-05T19:31:47Z,,,,False,territory,False,2026-09-04T11:40:22Z,False,False,https://t.me/zpravda/108565,200,media,,True,https://t.me/zpravda/108565,reported,mo-92628000,🔹 Алексей Кульков – начальник производства завода имени Серго (ПОЗиС).,context,36,not_editorially_useful,
,needs_review,low,1,1,evt_ca575597f1560ef5c0c1a874,2026-09-05T19:31:52Z,,,,False,territory,False,2026-09-04T11:37:45Z,False,False,https://t.me/chistopol_news/41974,200,media,,True,https://t.me/chistopol_news/41974,reported,mo-92659101,"Он рассказал, как зародилось предприятие, его становлении и людях, кто стоял у истоков, кто вместе с заводом проходил непростые времена, помогал открывать новые",context,16,not_editorially_useful,
,needs_review,low,1,1,evt_c3195297640265419c412bba,2026-09-05T19:31:43Z,,,,False,territory,False,2026-09-04T11:36:01Z,False,False,https://t.me/universityinnopolis/3578,200,media,,True,https://t.me/universityinnopolis/3578,unknown,RU-TA,Наши учёные научили ИИ предсказывать взгляд врача при чтении рентгеновского снимка,context,0,not_editorially_useful,
,needs_review,low,1,1,evt_5fe6b91c52b538d7dc1b86dc,2026-09-05T19:31:46Z,,,,False,territory,False,2026-09-04T11:35:02Z,False,False,https://t.me/bugulgazeta/58338,200,media,,True,https://t.me/bugulgazeta/58338,reported,mo-92617101,Суд Бугульмы обязал компанию вернуть покупательнице более 61 тыс. рублей за навязанные услуги ⚖️📱,context,16,not_editorially_useful,
,ready,medium,1,1,evt_e2f1fe591a93a0d578d29cbc,2026-09-05T20:04:19Z,,,,False,territory,True,2026-09-04T11:33:29Z,False,False,https://t.me/rusloboda/35322,200,media,,True,https://t.me/rusloboda/35322,reported,mo-92650151,В Балык-Бистәсе районе произошло 3 пожара,useful,62,,
,needs_review,low,1,1,evt_e658c2ac461dd39a3c1e9028,2026-09-05T19:31:56Z,,,,False,territory,False,2026-09-04T11:31:00Z,False,False,https://almetievsk-ru.ru/news/gorod/ziteli-almetevska-zdut-kogda-otvetstvennye-sluzby-zaversat-remontnye-raboty-i-vosstanoviat-trotuary,200,media,,True,https://almetievsk-ru.ru/news/gorod/ziteli-almetevska-zdut-kogda-otvetstvennye-sluzby-zaversat-remontnye-raboty-i-vosstanoviat-trotuary,unknown,mo-92608101,"Жители Альметьевска ждут, когда ответственные службы завершат ремонтные работы и восстановят тротуары",context,42,not_editorially_useful,
,ready,medium,1,2,evt_3c5b5475baab34f29783ee96,2026-09-05T20:04:19Z,,,,False,territory,True,2026-09-04T11:30:48Z,False,False,https://t.me/xezmet_gazetasi/59752,200,media,,True,https://t.me/xezmet_gazetasi/59752,in_progress,mo-92615000,В Балтаче и Салавыче строят комплекс из 10 одноэтажных домов,useful,79,,
,ready,medium,1,2,evt_9b8fbdaddbea824b8e344af3,2026-09-05T20:04:19Z,,,,False,territory,True,2026-09-04T11:27:20Z,False,False,https://t.me/buinsknews/47201,200,media,,True,https://t.me/buinsknews/47201,unknown,mo-92618000,В Буинском районе началась выдача разрешений на добычу пушных зверей,useful,79,,
Большое Фролово,ready,low,1,1,evt_fcddad998101d900a9e3948a,2026-09-05T19:31:46Z,55.0500105,,48.4087761,False,settlement,True,2026-09-04T11:26:57Z,False,False,https://t.me/buinsknews/47200,200,media,,True,https://t.me/buinsknews/47200,reported,mo-92618419,Восстановление сооружения признано экономически нецелесообразным — стоимость капитального ремонта сопоставима со строительством нового объекта.,useful,70,,
,needs_review,low,1,1,evt_4f2444c053aff9556959b92a,2026-09-05T19:31:46Z,,,,False,territory,False,2026-09-04T11:23:46Z,False,False,https://t.me/buinsknews/47199,200,media,,True,https://t.me/buinsknews/47199,planned,mo-92618000,В Татарстане ожидается ухудшение погоды,context,0,not_editorially_useful,
,needs_review,medium,1,2,evt_4c802d44b5e1e0e8ab60e89d,2026-09-05T20:04:19Z,,,,False,territory,False,2026-09-04T11:22:00Z,False,False,https://atnya-rt.ru/news/yukhidi/kazanda-tulanmagan-straflary-iozdan-artyp-kitkan-masina-iortucenen-masinasyn-algannar,200,media,,True,https://atnya-rt.ru/news/yukhidi/kazanda-tulanmagan-straflary-iozdan-artyp-kitkan-masina-iortucenen-masinasyn-algannar,reported,mo-92701000,В Казани у водителя изъяли автомобиль за множество неоплаченных штрафов,context,0,not_editorially_useful,
,needs_review,low,1,1,evt_288aa9189132939a9fd175f7,2026-09-05T19:31:53Z,,,,False,territory,False,2026-09-04T11:21:34Z,False,False,https://t.me/chelny_news1/48614,200,media,,True,https://t.me/chelny_news1/48614,resolved,mo-92730000,Ремонт моста через реку Тойма в Елабужском районе планируют завершить значительно раньше первоначального срока.,useful,70,resolved_text_looks_open,
,needs_review,medium,1,2,evt_d644e485d659af5dfe62f936,2026-09-05T20:05:03Z,,,,False,territory,False,2026-09-04T11:18:00Z,False,False,https://tetyushy.ru/news/obshchestvo/minselxozprod-rt-obieiavliaet-otbor-po-grantu-agromativator,200,media,,True,https://tetyushy.ru/news/obshchestvo/minselxozprod-rt-obieiavliaet-otbor-po-grantu-agromativator,reported,mo-92655000,Открыт отбор по гранту «Агромотиватор»,context,0,not_editorially_useful,
Набережные Челны,ready,low,2,2,evt_aaf3379a3e2d3cd2935b07f5,2026-09-05T19:31:54Z,55.7419774,,52.399207,False,settlement,True,2026-09-04T11:14:00Z,False,False,https://nabchelny.ru/news/62353,200,official,,True,https://nabchelny.ru/news/62353,resolved,mo-92730000,Во Дворце культуры «Энергетик» торжественно открыли новый сезон образовательного проекта для людей старшего поколения.,useful,79,,
,needs_review,low,1,1,evt_13d0a6e42f0b30d58abe6a9a,2026-09-05T19:32:04Z,,,,False,territory,False,2026-09-04T11:12:00Z,False,False,https://chelny-izvest.ru/news/facts/most-cerez-toimu-v-tatarstane-mogut-otkryt-na-god-ranse,200,media,,True,https://chelny-izvest.ru/news/facts/most-cerez-toimu-v-tatarstane-mogut-otkryt-na-god-ranse,unknown,mo-92730000,Мост через Тойму в Татарстане могут открыть на год раньше,context,16,summary_too_short|not_editorially_useful,
,needs_review,low,1,1,evt_9ea22a01a182c863eff41bf5,2026-09-05T19:31:42Z,,,,False,territory,False,2026-09-04T11:06:00Z,False,False,,,official,URLError,False,https://16.rosstat.gov.ru/news/document/289820,unknown,RU-TA,"Подготовлен комплексный информационный доклад ""Социально-экономическое положение Республики Татарстан"" за январь-июль 2026 года",context,0,not_editorially_useful,source_unreachable_at_audit
,needs_review,medium,1,1,evt_589eb0fd0c79dfe1a9fe45c5,2026-09-05T20:05:04Z,,,,False,territory,False,2026-09-04T11:04:00Z,False,False,https://sarman-rt.ru/news/rubriki-dlya-gazetyi-na-tatarskom/tatarstannyn-top-simvoly-bulgan-soembika-manarasynda-masstably-remont-baslandy,200,media,,True,https://sarman-rt.ru/news/rubriki-dlya-gazetyi-na-tatarskom/tatarstannyn-top-simvoly-bulgan-soembika-manarasynda-masstably-remont-baslandy,reported,mo-92701000,Сөембикә манарасында масштаблы ремонт башланды,context,16,not_editorially_useful,
,needs_review,low,1,1,evt_dab5d03912e0044bd7fc9127,2026-09-05T19:31:51Z,,,,False,territory,False,2026-09-04T11:03:14Z,False,False,https://t.me/rusloboda/35321,200,media,,True,https://t.me/rusloboda/35321,reported,mo-92650000,Татарстанцев предупреждают о повышенной опасности лосей,context,0,not_editorially_useful,
,ready,low,1,1,evt_f0d6bcbc780d65b28f75cc7a,2026-09-05T19:31:47Z,,,,False,territory,True,2026-09-04T11:02:21Z,False,False,https://t.me/zpravda/108564,200,media,,True,https://t.me/zpravda/108564,resolved,mo-92628101,"В Художественной галерее открылась экспозиция «По следам Тукая», приуроченная к 140-летию великого татарского поэта.",useful,79,,
,needs_review,low,1,1,evt_9efdd49c4dc3ee144c6f0c97,2026-09-05T19:31:43Z,,,,False,territory,False,2026-09-04T11:00:56Z,False,False,https://t.me/tatmediaofficial/158546,200,media,,True,https://t.me/tatmediaofficial/158546,unknown,,Сейчас он проходит подготовку перед отправкой на передовую.,context,20,not_editorially_useful,
,needs_review,low,1,1,evt_48a20a38d3a768b10283dc69,2026-09-05T19:32:02Z,,,,False,territory,False,2026-09-04T11:00:00Z,False,False,https://nurlat-tat.ru/news/pogoda/v-nurlate-ozidaiutsia-liven-i-grad-1788519934,200,media,,True,https://nurlat-tat.ru/news/pogoda/v-nurlate-ozidaiutsia-liven-i-grad-1788519934,reported,mo-92646000,В Нурлате ожидаются ливень и град,context,20,not_editorially_useful,
,ready,medium,1,2,evt_71a75dbd7cf04a759bf01ef0,2026-09-05T20:05:04Z,,,,False,territory,True,2026-09-04T11:00:00Z,False,False,https://baltaci.ru/news/kon-temasy/baltacta-ham-salavyc-avylynda-10-ber-etazly-iorttan-torgan-kompleks-tozela,200,media,,True,https://baltaci.ru/news/kon-temasy/baltacta-ham-salavyc-avylynda-10-ber-etazly-iorttan-torgan-kompleks-tozela,in_progress,mo-92615151,В Балтаче и Салавыче строят жилой комплекс из 10 одноэтажных домов,useful,79,,
Зеленодольск,ready,medium,1,1,evt_9eb65b3513607df7a67a354d,2026-09-05T20:05:04Z,55.8477605,,48.5097031,False,settlement,True,2026-09-04T11:00:00Z,False,False,https://zpravda.ru/news/novosti/v-zelenodolske-posle-masstabnogo-kapremonta-otkryli-sportivnuiu-skolu-olimpiiskogo-rezerva-1,200,media,,True,https://zpravda.ru/news/novosti/v-zelenodolske-posle-masstabnogo-kapremonta-otkryli-sportivnuiu-skolu-olimpiiskogo-rezerva-1,resolved,mo-92628101,В Зеленодольске после масштабного капремонта открыли спортивную школу олимпийского резерва № 1,useful,87,,
,needs_review,medium,1,1,evt_c4dc703edd0d92032cdd70bb,2026-09-05T20:05:40Z,,,,False,territory,False,2026-09-04T11:00:00Z,False,False,https://tulachi.ru/news/v-respublike/kazanda-tincurin-teatry-ocen-grantny-arttyrdylar,200,media,,True,https://tulachi.ru/news/v-respublike/kazanda-tincurin-teatry-ocen-grantny-arttyrdylar,reported,mo-92656000,Увеличен грант для театра имени Тинчурина в Казани,context,16,not_editorially_useful,
,ready,low,1,1,evt_1f528ad271f062105bf3866f,2026-09-05T19:32:05Z,,,,False,territory,True,2026-09-04T10:59:01Z,False,False,https://t.me/kzn_official/23595,200,official,,True,https://t.me/kzn_official/23595,reported,mo-92701000,"Гостей ждут выступление оркестра «Милли музыка», акустический лайв Defne, мастер-классы по строительству скворечников, рисованию натюрмортов, созданию кашпо, эк",useful,62,,
,needs_review,low,1,1,evt_e086bd7d1586d222811f1e35,2026-09-05T19:31:53Z,,,,False,territory,False,2026-09-04T10:58:08Z,False,False,https://t.me/chelny_news1/48612,200,media,,True,https://t.me/chelny_news1/48612,unknown,mo-92701000,Сейчас прямые рейсы в Мале из России выполняет только «Аэрофлот» из Москвы.,context,20,not_editorially_useful,
,needs_review,medium,1,2,evt_78e03cf78bd670a6185bc75b,2026-09-05T19:59:45Z,,,,False,territory,False,2026-09-04T10:58:06Z,False,False,https://t.me/BavlyinformNEWS/44436,200,media,,True,https://t.me/BavlyinformNEWS/44436,reported,mo-92614000,В Татарстане напомнили о квоте рабочих мест для участников СВО,context,16,not_editorially_useful,
,needs_review,low,2,2,evt_d0609cb3d42f7e25a3a8cff0,2026-09-05T19:32:04Z,,,,False,territory,False,2026-09-04T10:47:08Z,False,False,https://chelny-izvest.ru/news/utility/podval-v-kanalizacii-uk-elektrotexnikov-zaplatit-straf-140-tysiac-rublei,200,media,,True,https://chelny-izvest.ru/news/utility/podval-v-kanalizacii-uk-elektrotexnikov-zaplatit-straf-140-tysiac-rublei,reported,mo-92730000,Подвал в канализации: УК «Электротехников» заплатит штраф 140 тысяч рублей,context,16,not_editorially_useful,
,needs_review,medium,1,2,evt_d790b5bb7a10339c282f0c65,2026-09-05T20:05:40Z,,,,False,territory,False,2026-09-04T10:43:00Z,False,False,https://tulachi.ru/news/v-respublike/minselxozprod-rt-obieiavliaet-otbor-po-grantu-agromativator,200,media,,True,https://tulachi.ru/news/v-respublike/minselxozprod-rt-obieiavliaet-otbor-po-grantu-agromativator,reported,mo-92656000,Открыт отбор по проекту «Агромотиватор»,context,0,not_editorially_useful,
,needs_review,low,1,1,evt_1b535090ef7abaa7627bc61f,2026-09-05T19:31:58Z,,,,False,territory,False,2026-09-04T10:38:00Z,False,False,https://elabuga-rt.ru/news/novosti/remont-mosta-cerez-toimu-zaversat-dosrocno,200,media,,True,https://elabuga-rt.ru/news/novosti/remont-mosta-cerez-toimu-zaversat-dosrocno,unknown,mo-92626000,Ремонт моста через Тойму завершат досрочно,context,50,not_editorially_useful,
,ready,low,1,1,evt_b362ec45b20e97783b2fcc22,2026-09-05T19:32:02Z,,,,False,territory,True,2026-09-04T10:38:00Z,False,False,https://pestrecy-rt.ru/news/obschestvo/zitelei-pestrecinskogo-raiona-predupredili-o-vozmoznom-otkliucenii-vody-za-dolgi,200,media,,True,https://pestrecy-rt.ru/news/obschestvo/zitelei-pestrecinskogo-raiona-predupredili-o-vozmoznom-otkliucenii-vody-za-dolgi,paused,mo-92648455,Жителей Пестречинского района предупредили о возможном отключении воды за долги,useful,97,,
,needs_review,medium,1,2,evt_ddd579a9754ccf21de77a681,2026-09-05T20:05:40Z,,,,False,territory,False,2026-09-04T10:38:00Z,False,False,https://chuprale-online.ru/news/obschestvo/v-tatarstane-ozidaiutsia-groza-usilenie-vetra-i-tuman,200,media,,True,https://chuprale-online.ru/news/obschestvo/v-tatarstane-ozidaiutsia-groza-usilenie-vetra-i-tuman,reported,mo-92624000,"В Татарстане ожидаются гроза, усиление ветра и туман",context,0,not_editorially_useful,
,needs_review,low,1,1,evt_c6ceb5e60b174740fc6365fa,2026-09-05T19:31:53Z,,,,False,territory,False,2026-09-04T10:37:03Z,False,False,https://t.me/chelnytv/46155,200,media,,True,https://t.me/chelnytv/46155,reported,mo-92730000,Будут знать о правилах и основах пожарной безопасности со школьной скамьи,context,36,not_editorially_useful,
,needs_review,medium,1,1,evt_4055251925710a71d17193a3,2026-09-05T20:06:13Z,,,,False,territory,False,2026-09-04T10:34:04Z,False,False,https://t.me/sabatannars/47517,200,media,,True,https://t.me/sabatannars/47517,reported,,В 2026 году автомобилисты смогут воспользоваться льготами и субсидиями,context,0,not_editorially_useful,
,needs_review,medium,1,1,evt_cf2ee6e0de4404557fa9b738,2026-09-05T20:06:53Z,,,,False,territory,False,2026-09-04T10:34:04Z,False,False,https://t.me/sarman_rt/32019,200,media,,True,https://t.me/sarman_rt/32019,reported,mo-92653000,В 2026 году автомобилисты смогут воспользоваться льготами и субсидиями,context,0,not_editorially_useful,
,needs_review,medium,1,1,evt_ec6f446df0a81d4fbf9937ab,2026-09-05T20:06:13Z,,,,False,territory,False,2026-09-04T10:34:04Z,False,False,https://t.me/xezmet_gazetasi/59751,200,media,,True,https://t.me/xezmet_gazetasi/59751,reported,mo-92615000,В 2026 году автомобилисты смогут воспользоваться скидками и субсидиями,context,0,not_editorially_useful,
,needs_review,low,1,1,evt_d1b3e307cf629265ff6fafe2,2026-09-05T19:31:59Z,,,,False,territory,False,2026-09-04T10:25:00Z,False,False,https://kaibicy.ru/news/novosti/policeiskie-otkryli-ogon-presleduia-pianogo-voditelia-v-tatarstane,200,media,,True,https://kaibicy.ru/news/novosti/policeiskie-otkryli-ogon-presleduia-pianogo-voditelia-v-tatarstane,resolved,mo-92629000,"Полицейские открыли огонь, преследуя пьяного водителя в Татарстане",context,59,not_editorially_useful,
,needs_review,low,1,1,evt_a20df1144d0af0bdc8bb9bc6,2026-09-05T19:31:57Z,,,,False,territory,False,2026-09-04T10:23:00Z,False,False,https://buinsk-tat.ru/news/vchera-segodnya-zavtra/v-tatarstane-uvelicili-cislo-polucatelei-granta-zilishhnyi-sertifikat-pedagogu,200,media,,True,https://buinsk-tat.ru/news/vchera-segodnya-zavtra/v-tatarstane-uvelicili-cislo-polucatelei-granta-zilishhnyi-sertifikat-pedagogu,unknown,mo-92618000,В Татарстане увеличили число получателей гранта «Жилищный сертификат педагогу»,context,0,not_editorially_useful,
,needs_review,low,1,1,evt_e530e95bac9ab065ad2ac23d,2026-09-05T19:31:49Z,,,,False,territory,False,2026-09-04T10:20:25Z,False,False,https://t.me/ntr24ru/45240,200,media,,True,https://t.me/ntr24ru/45240,planned,mo-92644101,На улице 30 лет Победы после ремонта появятся велодорожки,useful,80,open_state_text_looks_finished,
,needs_review,low,1,1,evt_a67137671165b1aa5e80d4ed,2026-09-05T19:31:53Z,,,,False,territory,False,2026-09-04T10:15:47Z,False,False,https://t.me/chelny_news1/48607,200,media,,True,https://t.me/chelny_news1/48607,reported,mo-92730000,В Челны едут лечиться из-за границы: БСМП приняла пациентов из 17 стран,context,20,not_editorially_useful,
,needs_review,low,1,1,evt_3c56f99855fda08de8c6831f,2026-09-05T19:31:51Z,,,,False,territory,False,2026-09-04T10:12:02Z,False,False,https://t.me/yakti_ul/31313,200,media,,True,https://t.me/yakti_ul/31313,reported,mo-92657000,Ильсия Бадретдинова выступит на закрытии конкурса водителей грузовиков в Челнах!,context,20,not_editorially_useful,
,needs_review,low,1,1,evt_83bc6c378a7aae63da1782f0,2026-09-05T19:31:47Z,,,,False,territory,False,2026-09-04T10:10:02Z,False,False,https://t.me/zainsknews/60991,200,media,,True,https://t.me/zainsknews/60991,reported,mo-92627000,Число пожилых людей в мире впервые превысило численность детей,context,67,not_editorially_useful,
,needs_review,medium,1,3,evt_0eae2608777171ef9738c9c9,2026-09-05T20:06:53Z,,,,False,territory,False,2026-09-04T09:44:11Z,False,False,https://t.me/zpravda/108559,200,media,,True,https://t.me/zpravda/108559,planned,mo-92628000,"На улице Карла Маркса проведут подключение абонентов к новому водоводу — улице Карла Маркса, 37а",context,67,not_editorially_useful,
"улица Карла Маркса, 12",needs_review,low,1,1,evt_22f91d37a1af8b61bebc5675,2026-09-05T15:47:50Z,55.8514996,,48.49710657761378,False,building,False,2026-09-04T09:44:11Z,True,False,https://t.me/zpravda/108559,200,media,,True,https://t.me/zpravda/108559,planned,mo-92628000,"Отключение воды на улице Карла Маркса — улица Карла Маркса, 12",context,67,not_editorially_useful,
"улица Карла Маркса, 10",needs_review,low,1,1,evt_530a16805b3c33717e5e6c2e,2026-09-05T15:47:50Z,55.85199605,,48.49748442040088,False,building,False,2026-09-04T09:44:11Z,True,False,https://t.me/zpravda/108559,200,media,,True,https://t.me/zpravda/108559,planned,mo-92628000,"Отключение воды на улице Карла Маркса — улица Карла Маркса, 10",context,67,not_editorially_useful,
"улица Карла Маркса, 2",needs_review,low,1,1,evt_5c8907c441b42895565e0c68,2026-09-05T15:47:50Z,55.8517664,,48.4899317,False,site,False,2026-09-04T09:44:11Z,True,False,https://t.me/zpravda/108559,200,media,,True,https://t.me/zpravda/108559,planned,mo-92628000,"Отключение воды на улице Карла Маркса — улица Карла Маркса, 2",context,67,not_editorially_useful,
"улица Карла Маркса, 37а",needs_review,low,1,1,evt_8e8c646c1539c72ed2af5e7e,2026-09-05T15:47:50Z,55.8507991,,48.49650836179667,False,building,False,2026-09-04T09:44:11Z,True,False,https://t.me/zpravda/108559,200,media,,True,https://t.me/zpravda/108559,planned,mo-92628000,"Отключение воды на улице Карла Маркса — улица Карла Маркса, 37а",context,67,not_editorially_useful,
"улица Карла Маркса, 3",needs_review,low,1,1,evt_ef1fcb27fb27e780e6948a8f,2026-09-05T15:47:50Z,55.85129725,,48.48866021253663,False,building,False,2026-09-04T09:44:11Z,True,False,https://t.me/zpravda/108559,200,media,,True,https://t.me/zpravda/108559,planned,mo-92628000,"Отключение воды на улице Карла Маркса — улица Карла Маркса, 3",context,67,not_editorially_useful,
,needs_review,low,1,1,evt_4cd6a9cf0ab8c946c38ba19b,2026-09-05T19:31:47Z,,,,False,territory,False,2026-09-04T09:40:22Z,False,False,https://t.me/zpravda/108553,200,media,,True,https://t.me/zpravda/108553,reported,mo-92628000,От слов к делу: финансисты Зеленодольского района сдали ГТО!,context,0,not_editorially_useful,
,ready,medium,1,1,evt_040c411e93fff88c9716150a,2026-09-05T20:07:29Z,,,,False,territory,True,2026-09-04T09:36:01Z,False,False,https://t.me/universityinnopolis/3577,200,media,,True,https://t.me/universityinnopolis/3577,reported,RU-TA,Продлён приём заявок на премии по промышленной робототехнике и складской логистике,useful,62,,
,needs_review,low,1,1,evt_1f4c38790a59d536d5b8fd25,2026-09-05T19:31:43Z,,,,False,territory,False,2026-09-04T09:35:00Z,False,False,https://t.me/tatmediaofficial/158543,200,media,,True,https://t.me/tatmediaofficial/158543,resolved,,"Полицейские открыли огонь, преследуя пьяного водителя в Татарстане",context,59,not_editorially_useful,
,needs_review,low,1,1,evt_b2c5ee4506707dec117dca05,2026-09-05T19:31:44Z,,,,False,territory,False,2026-09-04T09:32:24Z,False,False,https://t.me/uvt24/32675,200,media,,True,https://t.me/uvt24/32675,reported,mo-92608000,"Героиня нашего сюжета – сотрудник полиции, а именно центра исполнения административного законодательства. Ежедневно она оформляет больше 20 протоколов по нарушениям правопорядка. 1 сентября подразделение отметило 29 лет со дня образования.",context,0,not_editorially_useful,
,needs_review,low,1,1,evt_0f3242b2e51f66420fd48e75,2026-09-05T19:32:00Z,,,,False,territory,False,2026-09-04T09:31:00Z,False,False,https://laishevskyi.ru/news/antiterror/rasskazali-kak-vesti-sebia-pri-ugroze-terakta,200,media,,True,https://laishevskyi.ru/news/antiterror/rasskazali-kak-vesti-sebia-pri-ugroze-terakta,unknown,mo-92634000,"Рассказали, как вести себя при угрозе теракта",context,20,not_editorially_useful,
,needs_review,medium,1,2,evt_51a73ac5e61a636b72e53066,2026-09-05T20:07:29Z,,,,False,territory,False,2026-09-04T09:26:00Z,False,False,https://alki-rt.ru/news/yangyn-kurkynychsyzlygy/gimnaziiada-iangyn-kurkynycsyzlygy-buenca-oiranular-uzdy,200,media,,True,https://alki-rt.ru/news/yangyn-kurkynychsyzlygy/gimnaziiada-iangyn-kurkynycsyzlygy-buenca-oiranular-uzdy,reported,mo-92607000,Учебная эвакуация по пожарной безопасности в гимназии,context,42,not_editorially_useful,
,needs_review,medium,1,1,evt_e887dae81ee4aab015cc87e4,2026-09-05T20:07:29Z,,,,False,territory,False,2026-09-04T09:25:49Z,False,False,https://t.me/drozzanoe90/20784,200,media,,True,https://t.me/drozzanoe90/20784,reported,mo-92624000,Минсельхозпрод РТ объявляет отбор по гранту «Агромативатор»,context,16,not_editorially_useful,
,needs_review,low,1,1,evt_5bf93b7eb2d2a9fc30829f39,2026-09-05T19:31:46Z,,,,False,territory,False,2026-09-04T09:24:49Z,False,False,https://t.me/drozzanoe90/20783,200,media,,True,https://t.me/drozzanoe90/20783,unknown,mo-92624000,Социальная экспедиция в Дрожжановском техникуме: учимся выигрывать гранты!,context,20,not_editorially_useful,
,needs_review,medium,1,1,evt_566fb6c8be5823c1e987fa45,2026-09-05T20:07:29Z,,,,False,territory,False,2026-09-04T09:14:00Z,False,False,https://atnya-rt.ru/news/khbrlr/tatarstannyn-top-simvoly-bulgan-soembika-manarasynda-masstably-remont-baslandy,200,media,,True,https://atnya-rt.ru/news/khbrlr/tatarstannyn-top-simvoly-bulgan-soembika-manarasynda-masstably-remont-baslandy,reported,mo-92701000,Началась масштабная реставрация Сююмбике-манарасы в Казанском кремле,context,0,not_editorially_useful,
,needs_review,low,1,1,evt_b78448fb6542f05cc5a7ecba,2026-09-05T19:31:50Z,,,,False,territory,False,2026-09-04T09:02:54Z,False,False,https://t.me/nurlatinform/82233,200,media,,True,https://t.me/nurlatinform/82233,unknown,mo-92646000,Новое дело волонтеров Нурлата: теперь и браслеты выживания,context,16,not_editorially_useful,
,needs_review,low,1,1,evt_0e21a6639a2c5ceb74f0979a,2026-09-05T19:32:02Z,,,,False,territory,False,2026-09-04T08:58:00Z,False,False,https://nizhnekamsk-rt.ru/news/obschestvo/v-tatarstane-v-2027-godu-otkroiut-cetyre-novyx-klastera-professionaliteta,200,media,,True,https://nizhnekamsk-rt.ru/news/obschestvo/v-tatarstane-v-2027-godu-otkroiut-cetyre-novyx-klastera-professionaliteta,reported,mo-92644000,В Татарстане в 2027 году откроют четыре новых кластера «Профессионалитета»,context,50,not_editorially_useful,
,needs_review,medium,1,1,evt_520833535cd85d92016d211f,2026-09-05T20:08:01Z,,,,False,territory,False,2026-09-04T08:50:33Z,False,False,https://t.me/shahrichally/31393,200,media,,True,https://t.me/shahrichally/31393,reported,mo-92730000,26 яшьлек хатын-кызның Чаллы янындагы авариядә һәлак булуы,context,0,not_editorially_useful,
,needs_review,low,1,1,evt_52eda4bcf6faa22f8d6c3e00,2026-09-05T19:32:03Z,,,,False,territory,False,2026-09-04T08:47:00Z,False,False,https://saby-rt.ru/news/novosti/minselxozprod-rt-obieiavliaet-otbor-po-grantu-agromativator,200,media,,True,https://saby-rt.ru/news/novosti/minselxozprod-rt-obieiavliaet-otbor-po-grantu-agromativator,unknown,mo-92652000,Минсельхозпрод РТ объявляет отбор по гранту «Агромативатор»,context,16,not_editorially_useful,
,ready,low,1,1,evt_e4bfe0888dd522f26e8b331e,2026-09-05T19:31:47Z,,,,False,territory,True,2026-09-04T08:40:24Z,False,False,https://t.me/zpravda/108540,200,media,,True,https://t.me/zpravda/108540,reported,mo-92628000,64 двора отремонтировали в Зеленодольском районе,useful,79,,
,needs_review,medium,1,2,evt_6f4a24104dd99f98df43067f,2026-09-05T20:08:02Z,,,,False,territory,False,2026-09-04T08:38:00Z,False,False,https://kaibicy.ru/news/novosti/minselxozprod-rt-obieiavliaet-otbor-po-grantu-agromativator,200,media,,True,https://kaibicy.ru/news/novosti/minselxozprod-rt-obieiavliaet-otbor-po-grantu-agromativator,reported,mo-92629000,Отбор по гранту «Агромотиватор»,context,0,not_editorially_useful,
,needs_review,medium,1,1,evt_5888b0e961f98ca533b37761,2026-09-05T20:08:40Z,,,,False,territory,False,2026-09-04T08:35:16Z,False,False,https://t.me/chistopol_news/41969,200,media,,True,https://t.me/chistopol_news/41969,unknown,mo-92659000,Над регионами России за ночь уничтожено 490 беспилотников,context,0,not_editorially_useful,
,needs_review,medium,1,2,evt_e17cfeb4a73d7c04fb989281,2026-09-05T20:08:40Z,,,,False,territory,False,2026-09-04T08:35:00Z,False,False,https://sarman-rt.ru/news/iminlek/kazanda-117-tulanmagan-strafy-bulgan-iortucedan-masinasyn-algannar,200,media,,True,https://sarman-rt.ru/news/iminlek/kazanda-117-tulanmagan-strafy-bulgan-iortucedan-masinasyn-algannar,reported,mo-92701000,В Казани у водителя изъяли автомобиль за 117 неоплаченных штрафов,context,0,not_editorially_useful,
,needs_review,medium,1,3,evt_0495872fd0b088589d9a0126,2026-09-05T20:08:40Z,,,,False,territory,False,2026-09-04T08:34:00Z,False,False,https://mamadysh-rt.ru/news/obshchestvo/minselxozprod-rt-obieiavliaet-otbor-po-grantu-agromativator,200,media,,True,https://mamadysh-rt.ru/news/obshchestvo/minselxozprod-rt-obieiavliaet-otbor-po-grantu-agromativator,reported,mo-92638000,Объявлен отбор по гранту «Агромотиватор»,context,0,not_editorially_useful,
,needs_review,medium,1,2,evt_7fe6980e9cc22eb2a16f27a2,2026-09-05T20:09:14Z,,,,False,territory,False,2026-09-04T08:31:00Z,False,False,https://elabuga-rt.ru/news/novosti/minselxozprod-rt-obieiavliaet-otbor-po-grantu-agromativator,200,media,,True,https://elabuga-rt.ru/news/novosti/minselxozprod-rt-obieiavliaet-otbor-po-grantu-agromativator,reported,mo-92626000,Открыт третий отбор по гранту «Агромотиватор» для участников СВО,context,0,not_editorially_useful,
,needs_review,medium,1,1,evt_eea5f40c4b93cc578c853a4c,2026-09-05T20:09:14Z,,,,False,territory,False,2026-09-04T08:29:00Z,False,False,https://biektaw.ru/news/v-respublike/minselxozprod-rt-obieiavliaet-otbor-po-grantu-agromativator,200,media,,True,https://biektaw.ru/news/v-respublike/minselxozprod-rt-obieiavliaet-otbor-po-grantu-agromativator,reported,mo-92622000,Объявлен отбор по гранту «Агромативатор» для участников СВО,context,0,not_editorially_useful,
,needs_review,low,1,1,evt_2feeba8011d954a21bfeeb33,2026-09-05T19:31:51Z,,,,False,territory,False,2026-09-04T08:27:38Z,False,False,https://t.me/TulInformm/35565,200,media,,True,https://t.me/TulInformm/35565,unknown,mo-92656000,Каждую пятницу мы просим вас принять активное участие в финансовой помощи для закупки необходимых вещей НАШИМ РЕБЯТАМ. Традиционно сумма перевода составляет 333 руб.,context,42,not_editorially_useful,
,needs_review,low,1,1,evt_b29fea4e861cbe57465b65f0,2026-09-05T19:31:53Z,,,,False,territory,False,2026-09-04T08:20:33Z,False,False,https://t.me/chelny_news1/48604,200,media,,True,https://t.me/chelny_news1/48604,reported,mo-92730000,У челнинки сгорел гарнитур на кухне из-за замкнувшей проводки,context,20,not_editorially_useful,
,needs_review,medium,1,2,evt_ac8bd66be500eed6c380a254,2026-09-05T20:09:14Z,,,,False,territory,False,2026-09-04T08:19:00Z,False,False,https://rsloboda-rt.ru/news/obschestvo-i-myi/minselxozprod-rt-obieiavliaet-otbor-po-grantu-agromativator,200,media,,True,https://rsloboda-rt.ru/news/obschestvo-i-myi/minselxozprod-rt-obieiavliaet-otbor-po-grantu-agromativator,reported,mo-92650000,Открыт отбор по гранту «Агромотиватор» для участников СВО,context,0,not_editorially_useful,
,ready,low,1,1,evt_d09de7bc2de5b7db94cdbddf,2026-09-05T19:31:56Z,,,,False,territory,True,2026-09-04T08:17:00Z,False,False,https://almetievsk-ru.ru/news/gorod/v-ursale-pristupili-k-remontu-mosta,200,media,,True,https://almetievsk-ru.ru/news/gorod/v-ursale-pristupili-k-remontu-mosta,in_progress,mo-92608000,В Урсале приступили к ремонту моста,useful,87,,
,needs_review,low,1,1,evt_00374ade811ceb56dcdf4e46,2026-09-05T19:31:53Z,,,,False,territory,False,2026-09-04T08:15:00Z,False,False,https://agryz-rt.ru/news/pecatnaia-versiia/devianosto-let-istorii-i-novaia-zizn-gimnaziia-1-v-agryze-vstretila-ucenikov-v-novom-zdanii,200,media,,True,https://agryz-rt.ru/news/pecatnaia-versiia/devianosto-let-istorii-i-novaia-zizn-gimnaziia-1-v-agryze-vstretila-ucenikov-v-novom-zdanii,unknown,mo-92601000,1 сентября в нижней части Агрыза открыла двери новая гимназия №1 имени Героя Советского Союза Асафа Абдрахманова,context,20,not_editorially_useful,
,needs_review,low,1,1,evt_d54b15549ba37ec096ea4fa2,2026-09-05T19:31:58Z,,,,False,territory,False,2026-09-04T08:14:00Z,False,False,https://chuprale-online.ru/news/obschestvo/xleb-stolicnyi-obnovili-mense-zirov-bolse-udobstva,200,media,,True,https://chuprale-online.ru/news/obschestvo/xleb-stolicnyi-obnovili-mense-zirov-bolse-udobstva,resolved,mo-92624000,"Хлеб «Столичный» обновили: меньше жиров, больше удобства",context,16,not_editorially_useful,
,needs_review,low,1,1,evt_c7b093cf219d2b0a2a9ea869,2026-09-05T19:31:44Z,,,,False,territory,False,2026-09-04T08:12:17Z,False,False,https://t.me/uvt24/32672,200,media,,True,https://t.me/uvt24/32672,unknown,mo-92608101,"Протяжённость водопроводных сетей Альметьевска — около 320 км. Часть труб давно в эксплуатации, они подвержены коррозии и другим дефектам. И периодически это приводит к авариям. Жители сразу нескольких домов месяцами ждут, когда ответственные службы завершат ремонтные работы и восстановят тротуары. Подробнее – в сюжете Елены Бауэр.",context,42,not_editorially_useful,
,needs_review,medium,1,2,evt_5c58384f4a9f43966de26d44,2026-09-05T20:09:14Z,,,,False,territory,False,2026-09-04T08:11:35Z,False,False,https://t.me/yasheluzan/54081,200,media,,True,https://t.me/yasheluzan/54081,reported,mo-92628101,В Зеленодольском районе отремонтировали 64 двора,context,20,not_editorially_useful,
,needs_review,medium,1,2,evt_8200059628a858697afaad8a,2026-09-05T20:10:08Z,,,,False,territory,False,2026-09-04T08:08:00Z,False,False,https://zamansulyshy.ru/news/jemgyiyat/tatarstan-avyl-xualygy-ministrlygy-agromotivator-granty-buenca-sailap-aluny-igielan-ita,200,media,,True,https://zamansulyshy.ru/news/jemgyiyat/tatarstan-avyl-xualygy-ministrlygy-agromotivator-granty-buenca-sailap-aluny-igielan-ita,reported,mo-92636000,Объявлен отбор по гранту «Агромотиватор» в Татарстане,context,0,not_editorially_useful,
,needs_review,low,1,1,evt_ef26081287bd71e4ccbe7c82,2026-09-05T19:32:04Z,,,,False,territory,False,2026-09-04T08:04:00Z,False,False,https://chelny-izvest.ru/news/proisshestviya/u-celninki-sgorel-garnitur-na-kuxne-iz-za-zamknuvsei-provodki,200,media,,True,https://chelny-izvest.ru/news/proisshestviya/u-celninki-sgorel-garnitur-na-kuxne-iz-za-zamknuvsei-provodki,unknown,mo-92730000,У челнинки сгорел гарнитур на кухне из-за замкнувшей проводки,context,0,summary_too_short|not_editorially_useful,
,needs_review,medium,1,1,evt_6fc00fd94230d60172c60737,2026-09-05T20:10:08Z,,,,False,territory,False,2026-09-04T08:03:01Z,False,False,https://t.me/atannary/29069,200,media,,True,https://t.me/atannary/29069,reported,mo-92608000,Ремонт студенческого общежития Альметьевского политехнического техникума,context,42,not_editorially_useful,
,needs_review,medium,1,1,evt_2512cca920ac50b54155b9ce,2026-09-05T20:10:08Z,,,,False,territory,False,2026-09-04T08:02:00Z,False,False,https://atnya-rt.ru/news/khbrlr/minselxozprod-rt-obieiavliaet-otbor-po-grantu-agromativator,200,media,,True,https://atnya-rt.ru/news/khbrlr/minselxozprod-rt-obieiavliaet-otbor-po-grantu-agromativator,reported,mo-92613000,В Татарстане открыт третий отбор по гранту «Агромотиватор»,context,0,not_editorially_useful,
Елабуга,needs_review,low,1,1,evt_109de77e09b19930d261ed1d,2026-09-05T19:31:59Z,55.7577131,,52.0539938,False,settlement,False,2026-09-04T08:00:00Z,False,False,https://elabuga-rt.ru/news/novosti/v-elabuge-iz-za-avarii-i-remonta-ogranicili-xolodnuiu-i-goriacuiu-vodu,200,media,,True,https://elabuga-rt.ru/news/novosti/v-elabuge-iz-za-avarii-i-remonta-ogranicili-xolodnuiu-i-goriacuiu-vodu,unknown,mo-92626101,В Елабуге из-за аварии и ремонта ограничили холодную и горячую воду,context,20,not_editorially_useful,
,needs_review,medium,1,2,evt_2884deaf65a17e17c814f467,2026-09-05T20:10:08Z,,,,False,territory,False,2026-09-04T08:00:00Z,False,False,https://vuslon.ru/news/obschestvo/v-tatarstane-startoval-tretii-otbor-po-grantu-agromotivator-dlia-veteranov-svo,200,media,,True,https://vuslon.ru/news/obschestvo/v-tatarstane-startoval-tretii-otbor-po-grantu-agromotivator-dlia-veteranov-svo,reported,mo-92620000,Стартовал третий отбор по гранту «Агромотиватор» для ветеранов СВО,context,0,not_editorially_useful,
,needs_review,medium,1,2,evt_4dbfd39990094f31c3fe21bf,2026-09-05T20:10:56Z,,,,False,territory,False,2026-09-04T07:58:00Z,False,False,https://menzela.ru/news/zhizn-respubliki/minselxozprod-rt-obieiavliaet-otbor-po-grantu-agromativator,200,media,,True,https://menzela.ru/news/zhizn-respubliki/minselxozprod-rt-obieiavliaet-otbor-po-grantu-agromativator,reported,mo-92640000,Объявлен отбор по гранту «Агромативатор»,context,0,not_editorially_useful,
,needs_review,medium,1,2,evt_907bb08c31085eb9bbce8c01,2026-09-05T20:10:56Z,,,,False,territory,False,2026-09-04T07:50:46Z,False,False,https://t.me/alki_vesti/20573,200,media,,True,https://t.me/alki_vesti/20573,reported,mo-92607000,"Предупреждение о грозе, порывистом ветре и тумане в Алькеевском районе",context,0,not_editorially_useful,
,needs_review,low,1,1,evt_1fde0bd32ab25f7f1e6ad09e,2026-09-05T19:31:57Z,,,,False,territory,False,2026-09-04T07:41:00Z,False,False,https://bugulma-tatarstan.ru/news/news/minselxozprod-rt-obieiavliaet-otbor-po-grantu-agromativator,200,media,,True,https://bugulma-tatarstan.ru/news/news/minselxozprod-rt-obieiavliaet-otbor-po-grantu-agromativator,unknown,mo-92617000,Минсельхозпрод РТ объявляет отбор по гранту «Агромативатор»,context,16,not_editorially_useful,
,needs_review,medium,1,2,evt_34579047332c9836855586c3,2026-09-05T20:11:36Z,,,,False,territory,False,2026-09-04T07:41:00Z,False,False,https://buinsk-tat.ru/news/vchera-segodnya-zavtra/minselxozprod-rt-obieiavliaet-otbor-po-grantu-agromativator,200,media,,True,https://buinsk-tat.ru/news/vchera-segodnya-zavtra/minselxozprod-rt-obieiavliaet-otbor-po-grantu-agromativator,reported,mo-92618000,Объявлен отбор по гранту «Агромотиватор»,context,0,not_editorially_useful,
,ready,medium,1,2,evt_6b6bacf0e361ae0a1104647b,2026-09-05T20:10:56Z,,,,False,territory,True,2026-09-04T07:41:00Z,False,False,https://arskmedia.ru/news/rayon-yaalyklary/arca-raionynda-tarixi-vakyiga-iozence-macet-tozela,200,media,,True,https://arskmedia.ru/news/rayon-yaalyklary/arca-raionynda-tarixi-vakyiga-iozence-macet-tozela,reported,mo-92612151,В Арском районе начали строить сотую мечеть,useful,79,,
,needs_review,low,1,1,evt_b9516ddd4ead00a91aa81569,2026-09-05T19:31:47Z,,,,False,territory,False,2026-09-04T07:40:15Z,False,False,https://t.me/zpravda/108538,200,media,,True,https://t.me/zpravda/108538,reported,mo-92628000,"У 60-летнего мужчины из Нижнекамской больницы извлекли зубной имплант, который провалился в гайморову пазуху и оказался под глазницей",context,36,not_editorially_useful,
,needs_review,low,1,1,evt_bf3b89f415580759d9a963fe,2026-09-05T19:31:46Z,,,,False,territory,False,2026-09-04T07:35:57Z,False,False,https://t.me/buinsknews/47198,200,media,,True,https://t.me/buinsknews/47198,unknown,mo-92618000,"Приёмные семьи из Буинского, Спасского и Дрожжановского районов отправились в совместную поездку в Ульяновск.",context,20,not_editorially_useful,
,needs_review,medium,1,1,evt_703dc6c113bcd6dc8828d081,2026-09-05T20:11:36Z,,,,False,territory,False,2026-09-04T07:30:00Z,False,False,https://zainsk-inform.ru/news/obschestvo/minselxozprod-rt-obieiavliaet-otbor-po-grantu-agromativator,200,media,,True,https://zainsk-inform.ru/news/obschestvo/minselxozprod-rt-obieiavliaet-otbor-po-grantu-agromativator,reported,mo-92627000,Открыт отбор по гранту «Агромотиватор»,context,0,not_editorially_useful,
,needs_review,low,1,1,evt_b768bf3e2a2a6847b4398f90,2026-09-05T19:32:02Z,,,,False,territory,False,2026-09-04T07:29:00Z,False,False,https://nurlat-tat.ru/news/novosti/cifrovoi-id-v-maks-tatarstan-v-cisle-liderov-po-zaseleniiu-v-gostinicy,200,media,,True,https://nurlat-tat.ru/news/novosti/cifrovoi-id-v-maks-tatarstan-v-cisle-liderov-po-zaseleniiu-v-gostinicy,reported,mo-92646000,Цифровой ID в МАКС: Татарстан в числе лидеров по заселению в гостиницы,context,0,not_editorially_useful,
,needs_review,low,1,1,evt_2dde5bd661c345177744b955,2026-09-05T19:31:58Z,,,,False,territory,False,2026-09-04T07:27:00Z,False,False,https://chuprale-online.ru/news/obschestvo/minselxozprod-tatarstana-obieiavliaet-otbor-po-grantu-agromativator,200,media,,True,https://chuprale-online.ru/news/obschestvo/minselxozprod-tatarstana-obieiavliaet-otbor-po-grantu-agromativator,unknown,mo-92624000,Минсельхозпрод Татарстана объявляет отбор по гранту «Агромативатор»,context,0,not_editorially_useful,
,needs_review,medium,1,1,evt_a11ec80c5ab774a127aace26,2026-09-05T20:11:36Z,,,,False,territory,False,2026-09-04T07:27:00Z,False,False,https://mendeleevskyi.ru/news/selskoe-xoziaistvo/minselxozprod-rt-obieiavliaet-otbor-po-grantu-agromativator,200,media,,True,https://mendeleevskyi.ru/news/selskoe-xoziaistvo/minselxozprod-rt-obieiavliaet-otbor-po-grantu-agromativator,reported,mo-92639000,Открыт отбор по гранту «Агромотиватор» для участников СВО,context,0,not_editorially_useful,
,needs_review,low,1,1,evt_545eae072cbbd2a82439dbaf,2026-09-05T19:31:56Z,,,,False,territory,False,2026-09-04T07:23:00Z,False,False,https://almetievsk-ru.ru/news/goryachie-novosti/minselxozprod-rt-obieiavliaet-otbor-po-grantu-agromativator,200,media,,True,https://almetievsk-ru.ru/news/goryachie-novosti/minselxozprod-rt-obieiavliaet-otbor-po-grantu-agromativator,unknown,mo-92608000,Минсельхозпрод РТ объявляет отбор по гранту «Агромативатор»,context,16,not_editorially_useful,
,needs_review,medium,1,1,evt_3b7287a55ccca29a77d247c8,2026-09-05T20:12:16Z,,,,False,territory,False,2026-09-04T07:17:00Z,False,False,https://novoshishminsk.ru/news/selskoe-hozyaystvo/minselxozprod-rt-obieiavliaet-otbor-po-grantu-agromativator,200,media,,True,https://novoshishminsk.ru/news/selskoe-hozyaystvo/minselxozprod-rt-obieiavliaet-otbor-po-grantu-agromativator,reported,mo-92645000,Объявлен отбор по гранту «Агромотиватор»,context,0,not_editorially_useful,
,needs_review,medium,1,2,evt_eefcc0e7062570ae8f78f0be,2026-09-05T20:11:36Z,,,,False,territory,False,2026-09-04T07:17:00Z,False,False,https://leninogorsk-rt.ru/news/novostnaya-lenta/minselxozprod-rt-obieiavliaet-otbor-po-grantu-agromativator,200,media,,True,https://leninogorsk-rt.ru/news/novostnaya-lenta/minselxozprod-rt-obieiavliaet-otbor-po-grantu-agromativator,reported,mo-92636000,Открыт третий отбор по гранту «Агромотиватор» для участников СВО,context,0,not_editorially_useful,
,ready,medium,1,3,evt_835a9b0dbc981475beb36a0e,2026-09-05T19:56:10Z,,,,False,territory,True,2026-09-04T07:15:24Z,False,False,https://t.me/tatmediaofficial/158535,200,media,,True,https://t.me/tatmediaofficial/158535,planned,mo-92701000,В центре Казани введут ограничения движения 27 и 28 октября,useful,97,,
,needs_review,medium,1,2,evt_4fd929c4e05b4d24b91af5c8,2026-09-05T20:12:16Z,,,,False,territory,False,2026-09-04T07:15:00Z,False,False,https://kamskoe-ustie.ru/news/sel-hoz/minselxozprod-rt-obieiavliaet-otbor-po-grantu-agromativator,200,media,,True,https://kamskoe-ustie.ru/news/sel-hoz/minselxozprod-rt-obieiavliaet-otbor-po-grantu-agromativator,reported,mo-92630000,Открыт отбор по гранту «Агромотиватор»,context,0,not_editorially_useful,
,needs_review,medium,1,1,evt_08facf81504a4d9ddf00ccc4,2026-09-05T20:12:16Z,,,,False,territory,False,2026-09-04T07:13:01Z,False,False,https://t.me/atannary/29068,200,media,,True,https://t.me/atannary/29068,reported,mo-92608000,Бигәш урамында юл яңарту эшләре дәвам итә,context,20,not_editorially_useful,
,needs_review,low,1,1,evt_629359f068a24aaf3ffb57f4,2026-09-05T19:32:03Z,,,,False,territory,False,2026-09-04T07:12:00Z,False,False,https://rsloboda-rt.ru/news/obschestvo-i-myi/ziteliam-tatarstana-napomnili-o-riskax-vstreci-s-losiami,200,media,,True,https://rsloboda-rt.ru/news/obschestvo-i-myi/ziteliam-tatarstana-napomnili-o-riskax-vstreci-s-losiami,unknown,mo-92650000,Жителям Татарстана напомнили о рисках встречи с лосями,context,0,not_editorially_useful,
,needs_review,medium,1,2,evt_93664307dd8c3db0d0497247,2026-09-05T20:12:16Z,,,,False,territory,False,2026-09-04T07:08:00Z,False,False,https://apastovo.ru/news/v-respublike/minselxozprod-rt-obieiavliaet-otbor-po-grantu-agromativator,200,media,,True,https://apastovo.ru/news/v-respublike/minselxozprod-rt-obieiavliaet-otbor-po-grantu-agromativator,unknown,mo-92610000,Объявлен отбор по гранту «Агромативатор»,context,0,not_editorially_useful,
,ready,low,1,1,evt_ae46caf8273766ce3f6e250a,2026-09-05T19:32:04Z,,,,False,territory,True,2026-09-04T07:06:00Z,False,False,https://spas-rt.ru/news/apk-dela-problemy/ucastniki-svo-iz-tatarstana-mogut-polucit-do-7-mln-rublei-na-razvitie-agrobiznesa,200,media,,True,https://spas-rt.ru/news/apk-dela-problemy/ucastniki-svo-iz-tatarstana-mogut-polucit-do-7-mln-rublei-na-razvitie-agrobiznesa,unknown,mo-92632000,Министерство сельского хозяйства и продовольствия РТ открыло приём заявок на грант «Агромотиватор» для ветеранов и действующих участников специальной военной оп,useful,70,,
,needs_review,low,1,1,evt_fd15915887eaf79242a1d0c2,2026-09-05T19:31:53Z,,,,False,territory,False,2026-09-04T07:05:00Z,False,False,https://agryz-rt.ru/news/selskoe-hozyaistvo/minselxozprod-rt-obieiavliaet-otbor-po-grantu-agromativator,200,media,,True,https://agryz-rt.ru/news/selskoe-hozyaistvo/minselxozprod-rt-obieiavliaet-otbor-po-grantu-agromativator,unknown,mo-92601000,Минсельхозпрод РТ объявляет отбор по гранту «Агромативатор»,context,16,not_editorially_useful,
,needs_review,low,1,1,evt_b9602693b97cccdca4f31f98,2026-09-05T19:31:47Z,,,,False,territory,False,2026-09-04T07:04:27Z,False,False,https://t.me/ElabugaNK/46254,200,media,,True,https://t.me/ElabugaNK/46254,reported,,Елабужан приглашают на сельскохозяйственную ярмарку,context,16,not_editorially_useful,
,needs_review,medium,1,2,evt_aab54ba62e238e5af5c543ee,2026-09-05T20:12:57Z,,,,False,territory,False,2026-09-04T07:03:00Z,False,False,https://laishevskyi.ru/news/kriminal/minselxozprod-rt-obieiavliaet-otbor-po-grantu-agromativator,200,media,,True,https://laishevskyi.ru/news/kriminal/minselxozprod-rt-obieiavliaet-otbor-po-grantu-agromativator,reported,mo-92634000,Отбор по гранту «Агромотиватор» в РТ,context,0,not_editorially_useful,
,needs_review,low,1,1,evt_96a4881ecd1c03d9804a8acd,2026-09-05T19:31:50Z,,,,False,territory,False,2026-09-04T07:00:18Z,False,False,https://t.me/nurlatinform/82221,200,media,,True,https://t.me/nurlatinform/82221,reported,mo-92646000,Члены комиссии по безопасности дорожного движения говорили о езде на опасной мототехнике,context,36,not_editorially_useful,
,needs_review,medium,1,2,evt_5daa6b5315a8cdcfcb53423e,2026-09-05T20:12:57Z,,,,False,territory,False,2026-09-04T07:00:00Z,False,False,https://zpravda.ru/news/novosti/minselxozprod-rt-obieiavliaet-otbor-po-grantu-agromotivator,200,media,,True,https://zpravda.ru/news/novosti/minselxozprod-rt-obieiavliaet-otbor-po-grantu-agromotivator,reported,mo-92628000,В РТ объявлен отбор по гранту «Агромотиватор»,context,0,not_editorially_useful,
,ready,medium,1,2,evt_fa4aa600d8dc6a50ef31e3af,2026-09-05T20:12:57Z,,,,False,territory,True,2026-09-04T07:00:00Z,False,False,https://shahrichalli.ru/news/kich-bgen-irtg/cally-ianyndagy-avariiada-26-iaslek-xatyn-kyz-halak-buldy,200,media,,True,https://shahrichalli.ru/news/kich-bgen-irtg/cally-ianyndagy-avariiada-26-iaslek-xatyn-kyz-halak-buldy,reported,mo-92730000,Смертельное ДТП на трассе Чаллы – Зәй – Әлмәт,useful,79,,
,needs_review,medium,1,1,evt_595807bc03a230775d19a51f,2026-09-05T20:12:57Z,,,,False,territory,False,2026-09-04T06:57:00Z,False,False,https://yutazy.ru/news/selskoe-hozyaystvo/minselxozprod-rt-obieiavliaet-otbor-po-grantu-agromativator,200,media,,True,https://yutazy.ru/news/selskoe-hozyaystvo/minselxozprod-rt-obieiavliaet-otbor-po-grantu-agromativator,reported,mo-92654000,Объявлен отбор по гранту «Агромотиватор»,context,0,not_editorially_useful,
,needs_review,medium,1,2,evt_28b177aa83fb69fcaee93cc2,2026-09-05T20:13:31Z,,,,False,territory,False,2026-09-04T06:56:00Z,False,False,https://aktanysh-rt.ru/news/avyl-khualygy-sulyshy/minselxozprod-rt-obieiavliaet-otbor-po-grantu-agromativator,200,media,,True,https://aktanysh-rt.ru/news/avyl-khualygy-sulyshy/minselxozprod-rt-obieiavliaet-otbor-po-grantu-agromativator,reported,mo-92605000,Открыт отбор по гранту «Агромотиватор»,context,0,not_editorially_useful,
,needs_review,medium,1,2,evt_a0635bbd804a8cff708bc795,2026-09-05T20:13:31Z,,,,False,territory,False,2026-09-04T06:55:00Z,False,False,https://bavly-tat.ru/news/polezno-znat/minselxozprod-rt-obieiavliaet-otbor-po-grantu-agromativator,200,media,,True,https://bavly-tat.ru/news/polezno-znat/minselxozprod-rt-obieiavliaet-otbor-po-grantu-agromativator,reported,mo-92614000,Открыт отбор по проекту «Агромотиватор»,context,0,not_editorially_useful,
,needs_review,low,1,1,evt_7c5dd8e1a05933ca6c672d7c,2026-09-05T19:32:05Z,,,,False,territory,False,2026-09-04T06:52:30Z,False,False,https://t.me/kzn_official/23589,200,official,,True,https://t.me/kzn_official/23589,in_progress,mo-92701000,В Приволжском районе начался ремонт улиц Дубравной и Габишева.,context,20,not_editorially_useful,
,needs_review,low,1,1,evt_4a134538a5213c1674d2f4d1,2026-09-05T19:32:02Z,,,,False,territory,False,2026-09-04T06:52:00Z,False,False,https://pestrecy-rt.ru/news/v-respublike/minselxozprod-rt-obieiavliaet-otbor-po-grantu-agromativator,200,media,,True,https://pestrecy-rt.ru/news/v-respublike/minselxozprod-rt-obieiavliaet-otbor-po-grantu-agromativator,unknown,mo-92648000,Минсельхозпрод РТ объявляет отбор по гранту «Агромативатор»,context,0,not_editorially_useful,
,needs_review,medium,1,2,evt_e60c8cfb211ed186ffce6cb3,2026-09-05T20:13:31Z,,,,False,territory,False,2026-09-04T06:52:00Z,False,False,https://nurlat-tat.ru/news/selskoe-xoziaistvo/minselxozprod-rt-obieiavliaet-otbor-po-grantu-agromativator,200,media,,True,https://nurlat-tat.ru/news/selskoe-xoziaistvo/minselxozprod-rt-obieiavliaet-otbor-po-grantu-agromativator,reported,mo-92646000,Объявлен отбор по гранту «Агромотиватор»,context,0,not_editorially_useful,
,needs_review,low,1,1,evt_23d7d422476dfbf8dc4d5a71,2026-09-05T19:31:57Z,,,,False,territory,False,2026-09-04T06:51:00Z,False,False,https://baltaci.ru/news/trud/minselxozprod-rt-obieiavliaet-otbor-po-grantu-agromativator,200,media,,True,https://baltaci.ru/news/trud/minselxozprod-rt-obieiavliaet-otbor-po-grantu-agromativator,unknown,mo-92615000,Минсельхозпрод РТ объявляет отбор по гранту «Агромативатор»,context,0,not_editorially_useful,
,needs_review,low,1,1,evt_50de145c5b7601572aaba3de,2026-09-05T19:32:01Z,,,,False,territory,False,2026-09-04T06:51:00Z,False,False,https://muslumirc.ru/news/avyl-khualygy/minselxozprod-rt-obieiavliaet-otbor-po-grantu-agromativator,200,media,,True,https://muslumirc.ru/news/avyl-khualygy/minselxozprod-rt-obieiavliaet-otbor-po-grantu-agromativator,unknown,mo-92642000,Минсельхозпрод РТ объявляет отбор по гранту «Агромативатор»,context,16,not_editorially_useful,
,needs_review,medium,1,2,evt_95b4d6fcd08821e894cf3f8d,2026-09-05T20:13:31Z,,,,False,territory,False,2026-09-04T06:49:00Z,False,False,https://alekseyevsk.ru/news/selskoe-hozyaystvo/minselxozprod-rt-obieiavliaet-otbor-po-grantu-agromativator,200,media,,True,https://alekseyevsk.ru/news/selskoe-hozyaystvo/minselxozprod-rt-obieiavliaet-otbor-po-grantu-agromativator,reported,mo-92606000,Открыт отбор по гранту «Агромотиватор»,context,0,not_editorially_useful,
,ready,low,1,1,evt_9c4068b026bc2a66a718cdf6,2026-09-05T19:31:50Z,,,,False,territory,True,2026-09-04T06:45:37Z,False,False,https://t.me/shesmauk/35796,200,media,,True,https://t.me/shesmauk/35796,resolved,mo-92645432,В Азеевском поселении открылась новая спортивная площадка,useful,79,,
,ready,low,1,1,evt_3111f83cc58e33e0cae35883,2026-09-05T19:31:44Z,,,,False,territory,True,2026-09-04T06:45:09Z,False,False,https://t.me/uvt24/32665,200,media,,True,https://t.me/uvt24/32665,in_progress,mo-92608000,На днях пешеходную часть моста временно перекрывали из-за ремонтных работ.,useful,87,,
,needs_review,medium,1,1,evt_5397a8409ccc16a5e208e7d3,2026-09-05T20:14:26Z,,,,False,territory,False,2026-09-04T06:37:49Z,False,False,https://t.me/ntr24ru/45232,200,media,,True,https://t.me/ntr24ru/45232,resolved,,В Татарстане открыт прием заявлений на разрешения на охоту пушных животных,context,59,not_editorially_useful,
,ready,low,1,1,evt_809ceba78d9a17a8eabfb0e4,2026-09-05T19:32:02Z,,,,False,territory,True,2026-09-04T06:37:00Z,False,False,https://novoshishminsk.ru/news/novosti-rayona/v-azeevskom-poselenii-otkrylas-novaia-sportivnaia-ploshhadka,200,media,,True,https://novoshishminsk.ru/news/novosti-rayona/v-azeevskom-poselenii-otkrylas-novaia-sportivnaia-ploshhadka,resolved,mo-92645000,В Азеевском поселении открылась новая спортивная площадка,useful,79,,
,needs_review,low,1,1,evt_6aa726aecb79c7f8b18257fb,2026-09-05T19:31:44Z,,,,False,territory,False,2026-09-04T06:28:46Z,False,False,https://t.me/uvt24/32664,200,media,,True,https://t.me/uvt24/32664,reported,mo-92608000,"В Татарстане начался сезон гона у лосей, Госкомитет по биоресурсам предупреждает водителей об опасности.",context,16,not_editorially_useful,
,needs_review,medium,1,2,evt_db12e457343b5020e5ac1d0a,2026-09-05T20:14:26Z,,,,False,territory,False,2026-09-04T06:27:26Z,False,False,https://t.me/yasheluzan/54078,200,media,,True,https://t.me/yasheluzan/54078,reported,mo-92628000,Засор канализации в доме на первом этаже устранён,context,0,not_editorially_useful,
,needs_review,low,1,1,evt_f238d1e514383509cda1073c,2026-09-05T19:31:50Z,,,,False,territory,False,2026-09-04T06:19:21Z,False,False,https://t.me/smi_menzela/28801,200,media,,True,https://t.me/smi_menzela/28801,unknown,mo-92640101,Фотофакт,context,36,not_editorially_useful,
,needs_review,low,1,1,evt_622f1c65c8e772f34d7f072e,2026-09-05T19:31:59Z,,,,False,territory,False,2026-09-04T06:17:00Z,False,False,https://zainsk-inform.ru/news/obschestvo/babe-leto-nacnetsia-8-sentiabria-posle-storma,200,media,,True,https://zainsk-inform.ru/news/obschestvo/babe-leto-nacnetsia-8-sentiabria-posle-storma,reported,mo-92627000,Бабье лето начнётся 8 сентября после шторма,context,0,not_editorially_useful,
,needs_review,low,1,1,evt_df5fb94d1d1ed31d31854773,2026-09-05T19:31:42Z,,,,False,territory,False,2026-09-04T06:11:00Z,False,False,,,official,URLError,False,https://16.rosstat.gov.ru/news/document/289776,unknown,RU-TA,О средних потребительских ценах на автомобильный бензин и дизельное топливо по Республике Татарстан на 31 августа 2026 года,context,0,not_editorially_useful,source_unreachable_at_audit
,needs_review,medium,1,2,evt_0470841faffa27e6ba1eef1c,2026-09-05T19:54:43Z,,,,False,territory,False,2026-09-04T06:10:08Z,False,False,https://t.me/zainsknews/60976,200,media,,True,https://t.me/zainsknews/60976,reported,mo-92627000,Потепление в Татарстане после осеннего шторма,context,20,not_editorially_useful,
,needs_review,low,1,1,evt_4246398e7424a4208bae524e,2026-09-05T19:31:42Z,,,,False,territory,False,2026-09-04T06:10:00Z,False,False,,,official,URLError,False,https://16.rosstat.gov.ru/news/document/289775,unknown,RU-TA,Об уровне и индексах потребительских цен на некоторые виды продовольственных товаров по Республике Татарстан на 31 августа 2026 года,context,0,not_editorially_useful,source_unreachable_at_audit
,needs_review,medium,1,2,evt_1d6f10ae6c3d693160bc14b6,2026-09-05T20:14:26Z,,,,False,territory,False,2026-09-04T06:09:29Z,False,False,https://t.me/n_chrmshn/18591,200,media,,True,https://t.me/n_chrmshn/18591,unknown,mo-92658460,Похищение алкоголя в Черемшанском районе,context,36,not_editorially_useful,
,needs_review,medium,1,1,evt_10b631518ca3e86d3391025d,2026-09-05T20:14:26Z,,,,False,territory,False,2026-09-04T06:02:00Z,False,False,https://t.me/atannary/29067,200,media,,True,https://t.me/atannary/29067,reported,mo-92608000,В школах и колледжах начнут работать кружки по искусственному интеллекту,context,0,not_editorially_useful,
,needs_review,medium,1,2,evt_63617628c0d1776fbc421144,2026-09-05T20:14:26Z,,,,False,territory,False,2026-09-04T06:02:00Z,False,False,https://t.me/atannary/29067,200,media,,True,https://t.me/atannary/29067,reported,mo-92608000,В Альметьевске к 1 сентября открыли школы к новому учебному году,context,0,not_editorially_useful,
,needs_review,medium,1,1,evt_e1aa18e79f259d00dcef15e8,2026-09-05T20:14:26Z,,,,False,territory,False,2026-09-04T06:02:00Z,False,False,https://t.me/atannary/29067,200,media,,True,https://t.me/atannary/29067,reported,mo-92608000,В Альметьевске отремонтировали и благоустроили школы,context,0,not_editorially_useful,
,needs_review,low,1,1,evt_9385ecff6212fd1103121ad0,2026-09-05T19:31:50Z,,,,False,territory,False,2026-09-04T06:01:46Z,False,False,https://t.me/smi_menzela/28796,200,media,,True,https://t.me/smi_menzela/28796,reported,mo-92640000,Учителя татарского языка определили направления работы на новый учебный год31 а,context,16,not_editorially_useful,
,needs_review,low,1,1,evt_3af5d34951399cf87b3a6eaf,2026-09-05T19:31:48Z,,,,False,territory,False,2026-09-04T05:58:45Z,False,False,https://t.me/novosti_mamadysha/63874,200,media,,True,https://t.me/novosti_mamadysha/63874,reported,mo-92701000,"Путь в профессию начался с мастер-класса от коллег из Болгара, куда он отправился после учёбы.",context,20,not_editorially_useful,
,needs_review,low,1,1,evt_f4bd268d1e26fd9a84b1f057,2026-09-05T19:31:59Z,,,,False,territory,False,2026-09-04T05:57:00Z,False,False,https://kaibicy.ru/news/proissestviia/obgon-pod-zapreshhaiushhii-znak-privel-k-tragedii-v-massovoi-avarii-v-rt-pogibla-molodaia-devuska,200,media,,True,https://kaibicy.ru/news/proissestviia/obgon-pod-zapreshhaiushhii-znak-privel-k-tragedii-v-massovoi-avarii-v-rt-pogibla-molodaia-devuska,unknown,mo-92629000,Обгон под запрещающий знак привел к трагедии: в массовой аварии в РТ погибла молодая девушка,context,20,not_editorially_useful,
Лениногорск,ready,low,2,2,evt_7e26fedded98699606c8b37b,2026-09-05T19:32:01Z,54.5994324,,52.4469099,False,settlement,True,2026-09-04T05:54:00Z,False,False,https://leninogorsk-rt.ru/news/novostnaya-lenta/v-dni-vyborov-v-leninogorske-i-selax-raiona-budut-otkryty-56-izbiratelnyx-ucastkov,200,media,,True,https://leninogorsk-rt.ru/news/novostnaya-lenta/v-dni-vyborov-v-leninogorske-i-selax-raiona-budut-otkryty-56-izbiratelnyx-ucastkov,resolved,mo-92636101,В дни выборов в Лениногорске и селах района будут открыты 56 избирательных участков,useful,79,,
,ready,low,1,1,evt_14d93d1677be11d794678ba7,2026-09-05T19:32:04Z,,,,False,territory,True,2026-09-04T05:50:00Z,False,False,https://chelny-izvest.ru/news/health/v-celnax-otkryli-novoe-zdanie-filiala-biuro-sudmedekspertizy,200,media,,True,https://chelny-izvest.ru/news/health/v-celnax-otkryli-novoe-zdanie-filiala-biuro-sudmedekspertizy,resolved,mo-92730000,В Челнах открыли новое здание филиала бюро судмедэкспертизы,useful,79,,
,needs_review,medium,1,1,evt_81b768ae09fe59e456b6bfeb,2026-09-05T20:15:33Z,,,,False,territory,False,2026-09-04T05:41:41Z,False,False,https://t.me/atannary/29066,200,media,,True,https://t.me/atannary/29066,reported,mo-92608000,Акция «Мәктәпкә җыенырга ярдәм ит» и выдача паспортов в Әлмәте,context,59,not_editorially_useful,
,needs_review,low,1,1,evt_c27104ce27f1f8c6f11327ce,2026-09-05T19:31:46Z,,,,False,territory,False,2026-09-04T05:40:02Z,False,False,https://t.me/bugulgazeta/58305,200,media,,True,https://t.me/bugulgazeta/58305,unknown,mo-92615430,За появление в пьяном виде в общественном месте суд назначил административный арест ⚖️🍺,context,0,not_editorially_useful,
,needs_review,low,1,1,evt_72d58595eaaf8d67349de7dc,2026-09-05T19:31:56Z,,,,False,territory,False,2026-09-04T05:38:00Z,False,False,https://bavly-tat.ru/news/zdorove/zashhita-ot-grippa-rospotrebnadzor-zapustil-sezon-vakcinacii,200,media,,True,https://bavly-tat.ru/news/zdorove/zashhita-ot-grippa-rospotrebnadzor-zapustil-sezon-vakcinacii,unknown,mo-92614000,Защита от гриппа: Роспотребнадзор запустил сезон вакцинации,context,0,not_editorially_useful,
улица Карла Маркса,ready,low,1,1,evt_cfc0679e7ebf5426ffb09726,2026-09-05T19:31:50Z,55.7189803,,53.0906956,True,street,True,2026-09-04T05:36:52Z,False,False,https://t.me/smi_menzela/28792,200,media,,True,https://t.me/smi_menzela/28792,resolved,mo-92640000,Отремонтированные и построенные к 1 сентября здания образовательных учреждений были введены в эксплуатацию.,useful,97,,
,needs_review,low,1,1,evt_e0a9dc48418bccb1b3a24340,2026-09-05T19:31:50Z,,,,False,territory,False,2026-09-04T05:34:20Z,False,False,https://t.me/smi_menzela/28788,200,media,,True,https://t.me/smi_menzela/28788,unknown,mo-92640000,"4 сентября отмечают День овощей — отличный повод напомнить, как важны эти дары природы для нашего самочувствия.",context,0,not_editorially_useful,
,needs_review,low,1,1,evt_4835c45b6bca093d31756ae7,2026-09-05T19:32:04Z,,,,False,territory,False,2026-09-04T05:30:00Z,False,False,https://chelny-izvest.ru/news/social/vozdusnaia-zashhita-skolko-stoiat-straxovki-ot-bpla-v-celnax,200,media,,True,https://chelny-izvest.ru/news/social/vozdusnaia-zashhita-skolko-stoiat-straxovki-ot-bpla-v-celnax,reported,mo-92730000,Воздушная защита: сколько стоят страховки от БПЛА в Челнах,context,20,not_editorially_useful,
,ready,low,1,1,evt_b3be30adbe6bdae345a073e4,2026-09-05T19:31:49Z,,,,False,territory,True,2026-09-04T05:21:10Z,False,False,https://t.me/mndnews/80788,200,media,,True,https://t.me/mndnews/80788,resolved,mo-92639000,Двери «Нептуна» открыты: новый сезон — сегодня!,useful,79,,
,needs_review,low,1,1,evt_fe7809b06a9dcfd3c3ad9558,2026-09-05T19:32:00Z,,,,False,territory,False,2026-09-04T05:16:00Z,False,False,https://mamadysh-rt.ru/news/obshchestvo/nazvany-glavnye-otliciia-sieedobnyx-opiat-ot-loznyx,200,media,,True,https://mamadysh-rt.ru/news/obshchestvo/nazvany-glavnye-otliciia-sieedobnyx-opiat-ot-loznyx,unknown,mo-92638000,Названы главные отличия съедобных опят от ложных,context,0,not_editorially_useful,
,needs_review,low,2,2,evt_30c85355610650765fd06ba3,2026-09-05T19:32:02Z,,,,False,territory,False,2026-09-04T05:13:00Z,False,False,https://novoshishminsk.ru/news/novosti-rayona/cifra-nedeli-veterany-svo-proxodiat-reabilitaciiu-v-centrax-sfr,200,media,,True,https://novoshishminsk.ru/news/novosti-rayona/cifra-nedeli-veterany-svo-proxodiat-reabilitaciiu-v-centrax-sfr,reported,mo-92645000,Более 250 ветеранов специальной военной операции с начала года прошли лечение и восстановление в реабилитационных центрах Социального фонда России.,context,20,not_editorially_useful,
,ready,medium,1,1,evt_fcb641f4f254e62078e7000e,2026-09-05T20:15:33Z,,,,False,territory,True,2026-09-04T05:12:31Z,False,False,https://t.me/len_vesti/29696,200,media,,True,https://t.me/len_vesti/29696,resolved,mo-92636101,"В Лениногорске прошёл праздник двора в обновлённом дворе на Школьной, 9",useful,97,,
,needs_review,low,1,1,evt_1155d3e96c43aaaa9e6621f0,2026-09-05T19:32:02Z,,,,False,territory,False,2026-09-04T05:10:00Z,False,False,https://menzela.ru/news/reportazh/glava-menzelinskogo-raiona-provel-obieezd-stroitelnyx-obieektov,200,media,,True,https://menzela.ru/news/reportazh/glava-menzelinskogo-raiona-provel-obieezd-stroitelnyx-obieektov,resolved,mo-92640101,Отремонтированные и построенные к 1 сентября здания образовательных учреждений были введены в эксплуатацию.,context,59,not_editorially_useful,
,needs_review,medium,1,2,evt_06de498687e974fe1692e3ce,2026-09-05T20:16:21Z,,,,False,territory,False,2026-09-04T05:04:44Z,False,False,https://t.me/xezmet_gazetasi/59744,200,media,,True,https://t.me/xezmet_gazetasi/59744,reported,mo-92615428,В Югары Ушма ветеран получил господдержку на запуск шиномонтажа и мастерской,context,50,not_editorially_useful,
,needs_review,low,1,1,evt_677f9105ab515bff5ec03ec8,2026-09-05T19:31:51Z,,,,False,territory,False,2026-09-04T04:40:14Z,False,False,https://t.me/rusloboda/35306,200,media,,True,https://t.me/rusloboda/35306,planned,mo-92650000,"По данным Лаборатории солнечной астрономии ИКИ РАН, геомагнитная обстановка будет спокойной: буря, начавшаяся двумя днями ранее, полностью завершилась, остаточн",context,0,not_editorially_useful,
,needs_review,high,0,1,evt_legacy_00308ee9a5f2529be3d524d7,2026-09-04T15:47:31Z,,public-e87eb1aa094c361b,,False,territory,False,2026-09-04T00:00:00Z,True,False,https://media.innopolis.university/news/awards-new-dates/,200,official,,True,https://innopolis.university/news/awards-new-dates/,unknown,mo-92620109,Университет Иннополис продлил приём заявок на отраслевые премии по роботизации,context,42,missing_primary_evidence|not_editorially_useful,
,needs_review,high,0,1,evt_legacy_1de2e1df2103bb4352a6dddb,2026-09-04T13:14:12Z,,public-a03753d315f32bcb,,False,territory,False,2026-09-04T00:00:00Z,True,False,,,official,URLError,False,https://16.rosstat.gov.ru/news/document/289776,unknown,RU-TA,О средних потребительских ценах на автомобильный бензин и дизельное топливо по Республике Татарстан на 31 августа 2026 года,context,0,missing_primary_evidence|not_editorially_useful,source_unreachable_at_audit
,needs_review,high,0,1,evt_legacy_4603c879b80bd70cd90813ec,2026-09-04T13:14:12Z,,public-f45fc190c5ae52ff,,False,territory,False,2026-09-04T00:00:00Z,True,False,,,official,URLError,False,https://16.rosstat.gov.ru/news/document/289775,unknown,RU-TA,Об уровне и индексах потребительских цен на некоторые виды продовольственных товаров по Республике Татарстан на 31 августа 2026 года,context,0,missing_primary_evidence|not_editorially_useful,source_unreachable_at_audit
,needs_review,high,0,1,evt_legacy_57c97c22b38659121eae0ca2,2026-09-04T15:47:33Z,,public-8d61c2ac0c602721,,False,territory,False,2026-09-04T00:00:00Z,True,False,https://media.kpfu.ru/news/na-telekanale-univer-tv-startoval-proekt-molodaya-nauka,200,official,,True,https://media.kpfu.ru/news/na-telekanale-univer-tv-startoval-proekt-molodaya-nauka,unknown,RU-TA,На телеканале UNIVER TV стартовал проект «Молодая наука»,context,0,missing_primary_evidence|not_editorially_useful,
,needs_review,high,0,1,evt_legacy_5dd9219f01d985196c3ee5da,2026-09-04T15:47:33Z,,public-a37fdab52356d851,,False,territory,False,2026-09-04T00:00:00Z,True,False,https://media.kpfu.ru/news/licei-kazanskogo-universiteta-voshli-v-reyting-luchshikh-shkol-rossii-raex-2026,200,official,,True,https://media.kpfu.ru/news/licei-kazanskogo-universiteta-voshli-v-reyting-luchshikh-shkol-rossii-raex-2026,unknown,RU-TA,Лицеи Казанского университета вошли в рейтинг лучших школ России RAEX-2026,context,16,missing_primary_evidence|not_editorially_useful,
,needs_review,high,0,1,evt_legacy_6e426f1bc1d5e6c053669b3d,2026-09-04T15:47:33Z,,public-2ccc2db7a23f54d6,,False,territory,False,2026-09-04T00:00:00Z,True,False,https://media.kpfu.ru/news/o-pokrytii-yupitera-lunoy-rasskazal-astronom-kazanskogo-federalnogo,200,official,,True,https://media.kpfu.ru/news/o-pokrytii-yupitera-lunoy-rasskazal-astronom-kazanskogo-federalnogo,unknown,RU-TA,О покрытии Юпитера Луной рассказал астроном Казанского федерального,context,0,missing_primary_evidence|not_editorially_useful,
,needs_review,high,0,1,evt_legacy_800b817ae1081a9aaa7f0d9e,2026-09-04T15:47:33Z,,public-5a67a417dc6caad9,,False,territory,False,2026-09-04T00:00:00Z,True,False,https://media.kpfu.ru/news/mikolog-kazanskogo-federalnogo-rasskazal-chto-skryvayut-osennie-opyata,200,official,,True,https://media.kpfu.ru/news/mikolog-kazanskogo-federalnogo-rasskazal-chto-skryvayut-osennie-opyata,unknown,RU-TA,"Миколог КФУ рассказал, что скрывают осенние опята",context,0,missing_primary_evidence|not_editorially_useful,
,needs_review,high,0,1,evt_legacy_d51f84ab1170bde30fb981b1,2026-09-04T13:14:12Z,,public-7d859d4de8b29454,,False,territory,False,2026-09-04T00:00:00Z,True,False,,,official,URLError,False,https://16.rosstat.gov.ru/news/document/289820,unknown,RU-TA,"Подготовлен комплексный информационный доклад ""Социально-экономическое положение Республики Татарстан"" за январь-июль 2026 года",context,0,missing_primary_evidence|not_editorially_useful,source_unreachable_at_audit
,ready,low,2,2,evt_f8453849402ce1181dbe2304,2026-09-05T19:31:42Z,,,,False,territory,True,2026-09-04,False,False,,,utility,URLError,False,https://www.kznvodokanal.ru/accident#water-db12df38771d3abc32f80c88,in_progress,mo-92632462,"Отключение водоснабжения: Приволжский, КРЫМСКАЯ (П.КУЮКИ) , 2",useful,87,,source_unreachable_at_audit
,needs_review,medium,1,2,evt_3e35d654e8abf945dbd7603b,2026-09-05T20:16:21Z,,,,False,territory,False,2026-09-03T21:00:00Z,False,False,https://media.kpfu.ru/news/licei-kazanskogo-universiteta-voshli-v-reyting-luchshikh-shkol-rossii-raex-2026,200,media,,True,http://media.kpfu.ru/news/licei-kazanskogo-universiteta-voshli-v-reyting-luchshikh-shkol-rossii-raex-2026,reported,mo-92701000,Лицеи КФУ улучшили позиции в рейтингах RAEX-2026,context,16,not_editorially_useful,
,needs_review,medium,1,1,evt_49976e66c946ad620af3c1ed,2026-09-05T20:16:21Z,,,,False,territory,False,2026-09-03T21:00:00Z,False,False,https://media.kpfu.ru/news/na-telekanale-univer-tv-startoval-proekt-molodaya-nauka,200,media,,True,http://media.kpfu.ru/news/na-telekanale-univer-tv-startoval-proekt-molodaya-nauka,reported,mo-92701000,Запуск проекта «Молодая наука» на UNIVER TV,context,16,not_editorially_useful,
"улица Зелинского, 102",ready,low,1,1,evt_d8d3067a9b35e611bc9a709e,2026-09-05T19:31:42Z,55.8764229,,49.02921970202706,True,building,True,2026-09-03T21:00:00Z,False,True,,,utility,URLError,False,https://www.kznvodokanal.ru/accident#water-cdcbc195ee0cd34fb68b1662,in_progress,mo-92701000,"Отключение водоснабжения: Авиастроительный, ЗЕЛИНСКОГО, 102",useful,97,,source_unreachable_at_audit
,needs_review,low,1,1,evt_9feeff6d3a166e7f8c40b458,2026-09-05T19:31:44Z,,,,False,territory,False,2026-09-03T18:34:52Z,False,False,https://t.me/tatmediaofficial/158526,200,media,,True,https://t.me/tatmediaofficial/158526,reported,,"за сегодня, 3 сентября",context,20,not_editorially_useful,
,needs_review,low,1,1,evt_8c59a1448b711505ae36e60a,2026-09-05T19:31:50Z,,,,False,territory,False,2026-09-03T18:03:47Z,False,False,https://t.me/pestresy/48378,200,media,,True,https://t.me/pestresy/48378,planned,mo-92648000,Минздрав России планирует обновить порядок проведения диспансеризации. Об этом пишут РИА Новости,context,0,not_editorially_useful,
,needs_review,low,1,1,evt_49f7ed08554032182ec72964,2026-09-05T19:31:47Z,,,,False,territory,False,2026-09-03T17:40:36Z,False,False,https://t.me/zpravda/108525,200,media,,True,https://t.me/zpravda/108525,reported,mo-92628101,🔻 Яшел Үзәндә ремонттан соң тантаналы рәвештә 1 нче номерлы олимпия резервы спорт мәктәбе ачылды.,context,59,not_editorially_useful,
Большое Афанасово,ready,low,1,1,evt_5880355badbd966af5842355,2026-09-05T19:31:49Z,55.5997218,,51.7750744,False,settlement,True,2026-09-03T17:33:42Z,False,False,https://t.me/ntr24ru/45219,200,media,,True,https://t.me/ntr24ru/45219,reported,mo-92644405,"Аварийные службы полностью восстановили электроснабжение в части Нижнекамска, которая осталась без света из-за пожара на трансформаторе в Большом Афанасово, сообщила пресс-служба администрации.",useful,87,,
,needs_review,low,1,1,evt_63a25b608a4a4ec3e3410a02,2026-09-05T19:31:48Z,,,,False,territory,False,2026-09-03T17:13:01Z,False,False,https://t.me/kukmor_tatarstan/56135,200,media,,True,https://t.me/kukmor_tatarstan/56135,planned,mo-92633000,После завершения каждый участник получит именной сертификат с результатом.,context,0,not_editorially_useful,
,needs_review,low,1,1,evt_61776c055914636d4171d7b1,2026-09-05T19:31:59Z,,,,False,territory,False,2026-09-03T17:05:00Z,False,False,https://elabuga-rt.ru/news/novosti/studentam-tatarstana-pokazali-serial-o-riskax-vovleceniia-v-opasnye-internet-sxemy,200,media,,True,https://elabuga-rt.ru/news/novosti/studentam-tatarstana-pokazali-serial-o-riskax-vovleceniia-v-opasnye-internet-sxemy,reported,mo-92626000,Студентам Татарстана показали сериал о рисках вовлечения в опасные интернет-схемы,context,0,not_editorially_useful,
Казань,ready,low,1,1,evt_35677e55f136369730ed4e4a,2026-09-05T19:31:58Z,55.7946485,,49.1115022,False,settlement,True,2026-09-03T17:00:00Z,False,False,https://biektaw.ru/news/v-respublike/salon-kompleksnaia-bezopasnost-vpervye-otkrylsia-v-kazani,200,media,,True,https://biektaw.ru/news/v-respublike/salon-kompleksnaia-bezopasnost-vpervye-otkrylsia-v-kazani,resolved,mo-92701000,Салон «Комплексная безопасность» впервые открылся в Казани,useful,79,,
,needs_review,low,1,1,evt_ba63c47b38f87ca860d50bf2,2026-09-05T19:32:04Z,,,,False,territory,False,2026-09-03T16:57:00Z,False,False,https://tetyushy.ru/news/okno-gibdd/smertelnoe-dtp-v-zainskom-raione-est-pogibsaia-i-postradavsie,200,media,,True,https://tetyushy.ru/news/okno-gibdd/smertelnoe-dtp-v-zainskom-raione-est-pogibsaia-i-postradavsie,reported,mo-92655000,"Сначала он совершил касательное столкновение с грузовым автомобилем КАМАЗ, а затем — с легковыми машинами Toyota RAV4 и Toyota Land Cruiser, которые двигались з",context,36,not_editorially_useful,
,needs_review,low,1,1,evt_0522d1a24dc712de3f649190,2026-09-05T19:31:49Z,,,,False,territory,False,2026-09-03T16:54:02Z,False,False,https://t.me/mndnews/80763,200,media,,True,https://t.me/mndnews/80763,reported,mo-92639000,"🔥 Что можно сжигать: • сухую траву, листву, ботву • мелкие ветки и чистые древесные обрезки • бумагу и картон 🚫 Что категорически запрещено: • пластик, плёнку,",context,0,not_editorially_useful,
улица Баки Урманче,needs_review,low,1,1,evt_39661ea344dece69b549bff9,2026-09-05T19:31:47Z,55.7755206,,52.024352,False,street,False,2026-09-03T16:45:24Z,False,False,https://t.me/ElabugaNK/46242,200,media,,True,https://t.me/ElabugaNK/46242,paused,mo-92626101,Шаурмечную в Елабуге закрыли на 90 суток,context,30,not_editorially_useful,
,needs_review,low,1,1,evt_3a53a4344578922b2debb62f,2026-09-05T19:31:48Z,,,,False,territory,False,2026-09-03T16:16:01Z,False,False,https://t.me/kukmor_tatarstan/56134,200,media,,True,https://t.me/kukmor_tatarstan/56134,unknown,mo-92633000,Жителей Кукморского района призывают остерегаться ядовитого борщевика,context,0,not_editorially_useful,
,needs_review,medium,1,1,evt_f8061836d4687787ecc4480b,2026-09-05T20:22:40Z,,,,False,territory,False,2026-09-03T16:12:07Z,False,False,https://t.me/ntr24ru/45207,200,media,,True,https://t.me/ntr24ru/45207,reported,mo-92644101,Завершён ремонт дворов на улицах Корабельной и Вокзальной,context,59,not_editorially_useful,
,needs_review,low,1,1,evt_ade7a1ce00e47f0105d58b61,2026-09-05T19:31:43Z,,,,False,territory,False,2026-09-03T15:38:33Z,False,False,https://t.me/universityinnopolis/3573,200,media,,True,https://t.me/universityinnopolis/3573,unknown,RU-TA,Наши 42 первокурсника и второкурсника получили стипендии от ИТ-компаний 🥰,context,16,not_editorially_useful,
улица Гагарина,ready,low,1,1,evt_63c94a6e230ad99d1529382c,2026-09-05T19:31:49Z,55.6537726,,51.8511866,True,street,True,2026-09-03T15:35:02Z,False,False,https://t.me/ntr24ru/45204,200,media,,True,https://t.me/ntr24ru/45204,resolved,mo-92644101,"В Нижнекамске управляющая компания «Эйбэт» завершила комплексный ремонт в многоквартирных домах по улице Гагарина. Все коммунальные недочеты выявленные ранее в ходе проверок, были устранены.",useful,97,,
,needs_review,low,1,1,evt_301d1b754cd8943c6b1a3836,2026-09-05T19:31:44Z,,,,False,territory,False,2026-09-03T15:32:37Z,False,False,https://t.me/tatmediaofficial/158514,200,media,,True,https://t.me/tatmediaofficial/158514,reported,,"У 60-летнего мужчины из Нижнекамской больницы извлекли зубной имплант, который провалился в гайморову пазуху и оказался под глазницей",context,36,not_editorially_useful,
,needs_review,low,1,1,evt_c5ff7990310465f1b461a625,2026-09-05T19:32:04Z,,,,False,territory,False,2026-09-03T15:16:00Z,False,False,https://chelny-izvest.ru/news/proisshestviya/na-trasse-celny-almetevsk-v-massovom-dtp-pogibla-26-letniaia-devuska,200,media,,True,https://chelny-izvest.ru/news/proisshestviya/na-trasse-celny-almetevsk-v-massovom-dtp-pogibla-26-letniaia-devuska,unknown,mo-92608101,На трассе Челны - Альметьевск в массовом ДТП погибла 26-летняя девушка,context,0,not_editorially_useful,
,needs_review,low,1,1,evt_5de097667f06467643dc2f89,2026-09-05T19:31:48Z,,,,False,territory,False,2026-09-03T15:11:02Z,False,False,https://t.me/kukmor_tatarstan/56129,200,media,,True,https://t.me/kukmor_tatarstan/56129,planned,mo-92633000,Минздрав России планирует обновить порядок диспансеризации,context,0,not_editorially_useful,
,needs_review,low,1,1,evt_83ebf723f6c74bbe2de9c5e7,2026-09-05T19:31:49Z,,,,False,territory,False,2026-09-03T15:05:01Z,False,False,https://t.me/ntr24ru/45202,200,media,,True,https://t.me/ntr24ru/45202,unknown,,"Перед тем, как сносить стены, необходимо сначала обратиться в проектную организацию и подготовить документацию.",context,20,not_editorially_useful,
,needs_review,low,1,1,evt_1540c126d5e38c42a230b4ef,2026-09-05T19:31:51Z,,,,False,territory,False,2026-09-03T15:04:02Z,False,False,https://t.me/tetyushy/51314,200,media,,True,https://t.me/tetyushy/51314,unknown,mo-92655000,"Осень таит разные риски — рассказали, как оставаться в безопасности: смотрите в наших карточках.",context,0,not_editorially_useful,
,needs_review,low,1,1,evt_33800511b734fbea8784dd90,2026-09-05T19:32:01Z,,,,False,territory,False,2026-09-03T14:57:00Z,False,False,https://mendeleevskyi.ru/news/stati/cto-mozno-szigat-na-dace-v-2026-godu-pravila-rasstoianiia-i-strafy,200,media,,True,https://mendeleevskyi.ru/news/stati/cto-mozno-szigat-na-dace-v-2026-godu-pravila-rasstoianiia-i-strafy,unknown,mo-92639000,"Что можно сжигать на даче в 2026 году: правила, расстояния и штрафы",context,0,not_editorially_useful,
,ready,low,1,1,evt_2d234a534b06a9c180a1ef91,2026-09-05T19:31:44Z,,,,False,territory,True,2026-09-03T14:32:47Z,False,False,https://t.me/uvt24/32659,200,media,,True,https://t.me/uvt24/32659,reported,mo-92608101,26-летняя девушка погибла в ДТП на трассе Челны – Заинск – Альметьевск,useful,87,,
,needs_review,medium,1,2,evt_b97f90c72522275ca8556466,2026-09-05T20:18:01Z,,,,False,territory,False,2026-09-03T14:20:22Z,False,False,https://t.me/zpravda/108482,200,media,,True,https://t.me/zpravda/108482,reported,mo-92628000,ГИБДД объявила планы рейдов на сентябрь,context,16,not_editorially_useful,
Нижнекамск,ready,medium,1,1,evt_8a81ebe6ac945e208422a18e,2026-09-05T20:18:01Z,55.6412879,,51.8160376,False,settlement,True,2026-09-03T14:05:02Z,False,False,https://t.me/ntr24ru/45199,200,media,,True,https://t.me/ntr24ru/45199,in_progress,mo-92644101,Ремонт дорожной сети на проспекте Химиков в Нижнекамске,useful,87,,
,needs_review,low,1,1,evt_862c4b75f3fcb325f3b5843d,2026-09-05T19:31:44Z,,,,False,territory,False,2026-09-03T14:02:55Z,False,False,https://t.me/tatmediaofficial/158512,200,media,,True,https://t.me/tatmediaofficial/158512,reported,,Безналичная оплата может появиться почти в 80% транспорта РТ к 2030 году,context,0,not_editorially_useful,
,needs_review,medium,1,2,evt_5afbfba7013952d061fd6d02,2026-09-05T20:18:01Z,,,,False,territory,False,2026-09-03T14:02:38Z,False,False,https://t.me/uvt24/32658,200,media,,True,https://t.me/uvt24/32658,reported,mo-92608101,Перекрытие дорог в Альметьевске из-за Дня нефтяника,context,46,not_editorially_useful,
,needs_review,low,1,1,evt_2dbecfe2964e1350ac9f1f94,2026-09-05T19:32:04Z,,,,False,territory,False,2026-09-03T14:00:00Z,False,False,https://chelny-izvest.ru/news/utility/celninku-nakazali-za-nezakonnuiu-pereplanirovku,200,media,,True,https://chelny-izvest.ru/news/utility/celninku-nakazali-za-nezakonnuiu-pereplanirovku,unknown,mo-92730000,Подвергла угрозе весь дом: челнинку наказали за незаконную перепланировку,context,0,not_editorially_useful,
,needs_review,low,1,1,evt_b83e0bb837b16bda7b464421,2026-09-05T19:32:01Z,,,,False,territory,False,2026-09-03T13:52:00Z,False,False,https://leninogorsk-rt.ru/news/novostnaya-lenta/na-granty-raisa-rt-na-razvitie-grazdanskogo-obshhestva-napravili-163-mln-rublei,200,media,,True,https://leninogorsk-rt.ru/news/novostnaya-lenta/na-granty-raisa-rt-na-razvitie-grazdanskogo-obshhestva-napravili-163-mln-rublei,unknown,mo-92636000,На гранты Раиса РТ на развитие гражданского общества направили 163 млн рублей,context,16,not_editorially_useful,
,needs_review,low,1,1,evt_6e46c1e1321b3258375f93f5,2026-09-05T19:32:03Z,,,,False,territory,False,2026-09-03T13:50:00Z,False,False,https://rsloboda-rt.ru/news/obschestvo-i-myi/v-tatarstane-obieiavleno-stormovoe-preduprezdenie-iz-za-pozarov,200,media,,True,https://rsloboda-rt.ru/news/obschestvo-i-myi/v-tatarstane-obieiavleno-stormovoe-preduprezdenie-iz-za-pozarov,planned,mo-92650000,В Татарстане объявлено штормовое предупреждение из-за пожаров,context,24,not_editorially_useful,
улица Менделеева,needs_review,low,1,1,evt_938164241eb6f688f676c083,2026-09-05T19:31:49Z,55.651964,,51.8573508,False,street,False,2026-09-03T13:43:06Z,False,False,https://t.me/ntr24ru/45198,200,media,,True,https://t.me/ntr24ru/45198,paused,mo-92644101,В Нижнекамске утром 4 сентября будет временно приостановлено движение трамваев по маршруту № 6 из-за ремонта на переездах в районе трамвайных остановок «11-ый микрорайон» - «ул. Менделеева».,context,46,not_editorially_useful,
,needs_review,medium,1,1,evt_04cff6b0534c4061cf2c8472,2026-09-05T20:18:01Z,,,,False,territory,False,2026-09-03T13:41:38Z,False,False,https://t.me/TulInformm/35538,200,media,,True,https://t.me/TulInformm/35538,reported,mo-92656000,Теләче-Шәтке юлында юл төзелеше дәвам итә,context,42,not_editorially_useful,
,needs_review,low,2,2,evt_e2e23a12785f10b648f2b50a,2026-09-05T19:32:03Z,,,,False,territory,False,2026-09-03T13:41:00Z,False,False,https://rsloboda-rt.ru/news/obschestvo-i-myi/v-tatarstane-v-avarii-s-bmw-pogibla-26-letniaia-passazirka,200,media,,True,https://rsloboda-rt.ru/news/obschestvo-i-myi/v-tatarstane-v-avarii-s-bmw-pogibla-26-letniaia-passazirka,reported,mo-92650000,В Татарстане в аварии с BMW погибла 26-летняя пассажирка,context,36,not_editorially_useful,
,needs_review,low,1,1,evt_c9c05fcbcd79e40371dc3040,2026-09-05T19:31:47Z,,,,False,territory,False,2026-09-03T13:40:23Z,False,False,https://t.me/zpravda/108476,200,media,,True,https://t.me/zpravda/108476,planned,mo-92628000,"Золотой возраст, железная воля: сборная Татарстана готова к Спартакиаде!",context,36,not_editorially_useful|open_state_text_looks_finished,
,needs_review,low,1,1,evt_7ec03904e9288e2ba2fdaf09,2026-09-05T19:31:44Z,,,,False,territory,False,2026-09-03T13:40:09Z,False,False,https://t.me/uvt24/32657,200,media,,True,https://t.me/uvt24/32657,reported,mo-92608000,В связи с проведением работ по ремонту ливневой канализации на улице Сулеймановой с 3 сентября до окончания работ будет закрыто движение транспортных средств на участке от улицы Советской до улицы Тельмана.,context,46,not_editorially_useful,
,needs_review,low,1,1,evt_4c4f411035d0ac93d70e621d,2026-09-05T19:32:04Z,,,,False,territory,False,2026-09-03T13:35:00Z,False,False,https://chistopol-rt.ru/news/zdravoohranenie/sdelaite-privivku-pravilno-sovety-dlia-liudei-starsego-vozrasta,200,media,,True,https://chistopol-rt.ru/news/zdravoohranenie/sdelaite-privivku-pravilno-sovety-dlia-liudei-starsego-vozrasta,unknown,mo-92659000,Вакцинация для лиц 60+: рекомендации специалистов Роспотребнадзора,context,0,not_editorially_useful,
,needs_review,medium,1,2,evt_6d4b0022c7dd507ab63c79f9,2026-09-05T20:19:01Z,,,,False,territory,False,2026-09-03T13:33:56Z,False,False,https://t.me/atannary/29061,200,media,,True,https://t.me/atannary/29061,reported,mo-92608000,В Альметьевске суд оставил в силе штраф за выезд на встречную полосу,context,0,not_editorially_useful,
,needs_review,medium,1,2,evt_6daece3d297de59cc91b25a0,2026-09-05T20:19:01Z,,,,False,territory,False,2026-09-03T13:25:00Z,False,False,https://almet-rt.ru/news/inayat-m-za/66379,200,media,,True,https://almet-rt.ru/news/inayat-m-za/66379,reported,mo-92608000,В Альметьевске оставили в силе штраф за выезд на встречную полосу,context,0,not_editorially_useful,
,needs_review,low,1,1,evt_7014a91357db5e38c7c485fa,2026-09-05T19:32:05Z,,,,False,territory,False,2026-09-03T13:25:00Z,False,False,https://yutazy.ru/news/obschestvo/minzdrav-predlozil-novyi-poriadok-dispanserizacii-s-akcentom-na-gruppy-riska,200,media,,True,https://yutazy.ru/news/obschestvo/minzdrav-predlozil-novyi-poriadok-dispanserizacii-s-akcentom-na-gruppy-riska,unknown,mo-92654000,Минздрав предложил новый порядок диспансеризации с акцентом на группы риска,context,0,not_editorially_useful,
,needs_review,medium,1,1,evt_4616083d756599f88f0e54c3,2026-09-05T20:19:35Z,,,,False,territory,False,2026-09-03T13:22:00Z,False,False,https://tetyushy.ru/news/obshchestvo/v-tatarstane-prognoziruiut-grozu-silnyi-veter-i-tuman,200,media,,True,https://tetyushy.ru/news/obshchestvo/v-tatarstane-prognoziruiut-grozu-silnyi-veter-i-tuman,reported,mo-92701000,"В Татарстане ожидаются гроза, сильный ветер и туман",context,20,not_editorially_useful,
,needs_review,low,1,1,evt_4a84bacb3a603f8485b1e944,2026-09-05T19:31:57Z,,,,False,territory,False,2026-09-03T13:17:00Z,False,False,https://bugulma-tatarstan.ru/news/crime/sudebnye-pristavy-bugulmy-privlekli-k-otvetstvennosti-dvux-dolznikov-za-neoplacennye-strafy,200,media,,True,https://bugulma-tatarstan.ru/news/crime/sudebnye-pristavy-bugulmy-privlekli-k-otvetstvennosti-dvux-dolznikov-za-neoplacennye-strafy,unknown,mo-92617101,Судебные приставы Бугульмы привлекли к ответственности двух должников за неоплаченные штрафы,context,0,not_editorially_useful,
,needs_review,low,1,1,evt_548807ad7f29d82462585cf6,2026-09-05T19:31:46Z,,,,False,territory,False,2026-09-03T13:14:21Z,False,False,https://t.me/bugulgazeta/58284,200,media,,True,https://t.me/bugulgazeta/58284,unknown,mo-92617101,Судебные приставы Бугульмы привлекли к ответственности двух должников за неоплаченные штрафы ⚖️🚔,context,67,not_editorially_useful,
Чистополь,needs_review,low,1,1,evt_643ab23ef923779155c64824,2026-09-05T19:31:52Z,55.3714831,,50.6367311,False,settlement,False,2026-09-03T13:02:50Z,False,False,https://t.me/chistopol_news/41952,200,media,,True,https://t.me/chistopol_news/41952,reported,mo-92659101,В Чистополе состоится официальное закрытие мотосезона,context,20,not_editorially_useful,
,needs_review,low,1,1,evt_896ee186d4929e5dd1219e76,2026-09-05T19:31:44Z,,,,False,territory,False,2026-09-03T12:57:01Z,False,False,https://t.me/zariaaleks/32354,200,media,,True,https://t.me/zariaaleks/32354,planned,mo-92606000,"Сейчас здесь приводят в порядок дополнительное помещение, чтобы было больше места для сбора и хранения помощи тем, кто оказался в трудной жизненной ситуации.",context,0,not_editorially_useful,
,needs_review,low,1,1,evt_f1a1ae0a299ccd845e92e766,2026-09-05T19:32:04Z,,,,False,territory,False,2026-09-03T12:57:00Z,False,False,https://chistopol-rt.ru/news/obschestvo/konstantin-ivanov-provel-vstrecu-s-ziteliami-buldyrskogo-poseleniia,200,media,,True,https://chistopol-rt.ru/news/obschestvo/konstantin-ivanov-provel-vstrecu-s-ziteliami-buldyrskogo-poseleniia,unknown,mo-92659000,Константин Иванов провел встречу с жителями Булдырского поселения,context,0,not_editorially_useful,
,needs_review,low,1,1,evt_6d34b9972f9e82bcb62c96ca,2026-09-05T19:31:55Z,,,,False,territory,False,2026-09-03T12:49:00Z,False,False,https://alekseyevsk.ru/news/obshchestvo/rospotrebnadzor-dal-rekomendacii-po-vakcinacii-dlia-liudei-starse-60-let,200,media,,True,https://alekseyevsk.ru/news/obshchestvo/rospotrebnadzor-dal-rekomendacii-po-vakcinacii-dlia-liudei-starse-60-let,unknown,mo-92606000,Роспотребнадзор дал рекомендации по вакцинации для людей старше 60 лет,context,0,not_editorially_useful,
,needs_review,low,1,1,evt_0afa10d5e2c45646a17e71ac,2026-09-05T19:31:45Z,,,,False,territory,False,2026-09-03T12:44:54Z,False,False,https://t.me/BavlyinformNEWS/44409,200,media,,True,https://t.me/BavlyinformNEWS/44409,reported,mo-92614000,"В ГАПОУ «Бавлинский политехнический техникум» состоялась торжественная линейка, приуроченная ко Дню знаний, началу 2026/2027 учебного года и – что особенно знач",context,36,not_editorially_useful,
"улица Хади Такташа, 21",needs_review,low,1,1,evt_8bf8f3ad7a6ad91d2ea9d1f3,2026-09-05T19:31:45Z,54.40563075,,53.23579036328869,False,building,False,2026-09-03T12:44:29Z,False,False,https://t.me/BavlyinformNEWS/44408,200,media,,True,https://t.me/BavlyinformNEWS/44408,reported,mo-92614101,В Бавлинском районе начался набор в Университет третьего возраста,context,30,not_editorially_useful,
проспект Ямашева,needs_review,low,1,1,evt_579e37e4ad14e99012ee9853,2026-09-05T19:32:05Z,55.8269727,,49.1114905,False,street,False,2026-09-03T12:39:52Z,False,False,https://t.me/kzn_official/23584,200,official,,True,https://t.me/kzn_official/23584,in_progress,mo-92701000,Ремонт на проспекте Ямашева — на финишной прямой.,context,30,not_editorially_useful,
,needs_review,low,1,1,evt_e68d658c2270b854b4b04a48,2026-09-05T19:31:44Z,,,,False,territory,False,2026-09-03T12:38:01Z,False,False,https://t.me/uvt24/32649,200,media,,True,https://t.me/uvt24/32649,reported,mo-92608000,Экологи обнаружили незаконный пирс на альметьевском водохранилище,context,59,not_editorially_useful,
,needs_review,medium,1,2,evt_a1f5c32028b786a2a4389071,2026-09-05T20:19:35Z,,,,False,territory,False,2026-09-03T12:36:00Z,False,False,https://saby-rt.ru/news/rayon/balakac-bakcasy-tarbiiacelare-beznen-iana-tarbiiace-grantyna-iia-buldy,200,media,,True,https://saby-rt.ru/news/rayon/balakac-bakcasy-tarbiiacelare-beznen-iana-tarbiiace-grantyna-iia-buldy,reported,mo-92652000,Сабаның 5 нче номерлы «Бәләкәч» балалар бакчасы тәрбиячеләре «Безнең яңа тәрбияче» грантын алды,context,0,not_editorially_useful,
,needs_review,low,1,1,evt_c516d18aadc60aaa8d76f0a8,2026-09-05T19:31:59Z,,,,False,territory,False,2026-09-03T12:36:00Z,False,False,https://elabuga-rt.ru/news/avtovesti/passazirka-bmw-pogibla-v-massovom-dtp-v-zainskom-raione,200,media,,True,https://elabuga-rt.ru/news/avtovesti/passazirka-bmw-pogibla-v-massovom-dtp-v-zainskom-raione,reported,mo-92626000,"Сначала автомобиль по касательной столкнулся с КАМАЗом, после чего — с Toyota RAV4 и Toyota Land Cruiser, которые двигались за грузовиком.",context,20,not_editorially_useful,
,needs_review,medium,1,2,evt_ebcc36ac5e922d610c879b0d,2026-09-05T20:20:19Z,,,,False,territory,False,2026-09-03T12:35:06Z,False,False,https://t.me/chistopol_news/41951,200,media,,True,https://t.me/chistopol_news/41951,unknown,mo-92659000,Ночью сообщено о перехвате 416 беспилотников над несколькими регионами,context,0,not_editorially_useful,
,needs_review,low,1,1,evt_908fb00badf8d41edf8bf9e8,2026-09-05T19:31:48Z,,,,False,territory,False,2026-09-03T12:34:01Z,False,False,https://t.me/kukmor_tatarstan/56118,200,media,,True,https://t.me/kukmor_tatarstan/56118,reported,mo-92633000,В Кукморе прошел рейд по безопасности детей-пассажиров,context,36,not_editorially_useful,
,needs_review,low,1,1,evt_cc1504c0e6bfb73f12574de2,2026-09-05T19:31:58Z,,,,False,territory,False,2026-09-03T12:25:00Z,False,False,https://chuprale-online.ru/news/recepty/iz-riabiny-gotoviat-varene-dzemy-marmelad-kompoty-nalivki-siropy,200,media,,True,https://chuprale-online.ru/news/recepty/iz-riabiny-gotoviat-varene-dzemy-marmelad-kompoty-nalivki-siropy,reported,mo-92624000,"Из рябины готовят варенье, джемы, мармелад, компоты, наливки, сиропы",context,16,not_editorially_useful,
,needs_review,low,1,1,evt_036fa9a5e9059b5c56217541,2026-09-05T19:31:56Z,,,,False,territory,False,2026-09-03T12:22:00Z,False,False,https://almetievsk-ru.ru/news/goryachie-novosti/magazinu-v-bavlax-grozit-straf-za-prodazu-alkogolia-nesoversennoletnemu,200,media,,True,https://almetievsk-ru.ru/news/goryachie-novosti/magazinu-v-bavlax-grozit-straf-za-prodazu-alkogolia-nesoversennoletnemu,unknown,mo-92608000,Магазину в Бавлах грозит штраф за продажу алкоголя несовершеннолетнему,context,20,summary_too_short|not_editorially_useful,
Буинск,ready,low,1,1,evt_0ac1441feec878a6b7d67074,2026-09-05T19:31:46Z,54.9712371,,48.2930213,False,settlement,True,2026-09-03T12:19:04Z,False,False,https://t.me/buinsknews/47173,200,media,,True,https://t.me/buinsknews/47173,resolved,mo-92618101,В Буинске увековечили память тренера-героя: на доме Айрата Сиразиева открыли мемориальную доску,useful,87,,
,needs_review,medium,1,2,evt_e8401bac4c5135496dfeba30,2026-09-05T20:20:19Z,,,,False,territory,False,2026-09-03T12:12:00Z,False,False,https://alki-rt.ru/news/ya%D2%A3alyiklar/laisan-iozu-basseiny-iana-sezonga-azerlana,200,media,,True,https://alki-rt.ru/news/yaңalyiklar/laisan-iozu-basseiny-iana-sezonga-azerlana,unknown,mo-92607000,«Ләйсән» йөзү бассейны яңа сезонга әзерләнә,context,0,not_editorially_useful,
,needs_review,low,1,1,evt_d67b4dd225f286d9c0c3c6cf,2026-09-05T19:32:04Z,,,,False,territory,False,2026-09-03T12:05:00Z,False,False,https://tetyushy.ru/news/obshchestvo/v-tetiusskom-raione-zaversen-remont-krovli-pristroia-bolsetarxanskogo-sdk,200,media,,True,https://tetyushy.ru/news/obshchestvo/v-tetiusskom-raione-zaversen-remont-krovli-pristroia-bolsetarxanskogo-sdk,resolved,mo-92655000,В Тетюшском районе завершён ремонт кровли пристроя Большетарханского СДК,context,20,not_editorially_useful,
,needs_review,low,1,1,evt_6a31792caf7daa1aa36a78d4,2026-09-05T19:31:52Z,,,,False,territory,False,2026-09-03T12:00:45Z,False,False,https://t.me/chistopol_news/41948,200,media,,True,https://t.me/chistopol_news/41948,reported,mo-92659101,В Санкт-Петербурге завершился Международный конкурс-фестиваль музыкально-художественного творчества «Праздник детства».,context,20,not_editorially_useful,
улица Менделеева,needs_review,low,1,1,evt_f7a5e3ffc3d58b7b090c7fbb,2026-09-05T19:31:53Z,55.6931728,,52.3558256,False,street,False,2026-09-03T11:57:52Z,False,False,https://t.me/chelny_news1/48567,200,media,,True,https://t.me/chelny_news1/48567,paused,mo-92730000,Нижнекамское кафе опечатано на 60 суток: у поваров найден опасный стафилококк,context,30,not_editorially_useful,
улица Гагарина,ready,low,1,1,evt_fbe6849151fdeebb8f12a6a1,2026-09-05T19:31:57Z,54.9872893,,48.2916559,True,street,True,2026-09-03T11:50:00Z,False,False,https://buinsk-tat.ru/news/vchera-segodnya-zavtra/v-buinske-uvekovecili-pamiat-trenera-geroia-na-dome-airata-sirazieva-otkryli-memorialnuiu-dosku,200,media,,True,https://buinsk-tat.ru/news/vchera-segodnya-zavtra/v-buinske-uvekovecili-pamiat-trenera-geroia-na-dome-airata-sirazieva-otkryli-memorialnuiu-dosku,resolved,mo-92618101,В Буинске увековечили память тренера-героя: на доме Айрата Сиразиева открыли мемориальную доску,useful,89,,
Чистополь,needs_review,low,1,1,evt_90b16473a6dac58e2b6c6df8,2026-09-05T19:32:04Z,55.3714831,,50.6367311,False,settlement,False,2026-09-03T11:24:00Z,False,False,https://chistopol-rt.ru/news/obschestvo/v-cistopole-sostoitsia-oficialnoe-zakrytie-motosezona,200,media,,True,https://chistopol-rt.ru/news/obschestvo/v-cistopole-sostoitsia-oficialnoe-zakrytie-motosezona,unknown,mo-92659101,В Чистополе состоится официальное закрытие мотосезона,context,20,summary_too_short|not_editorially_useful,
улица Лермонтова,ready,low,1,1,evt_cab71e757f2e551c1e304b6f,2026-09-05T19:31:53Z,55.7117236,,52.3385542,True,street,True,2026-09-03T11:21:43Z,False,False,https://t.me/chelny_news1/48564,200,media,,True,https://t.me/chelny_news1/48564,resolved,mo-92730000,В поселке Элеваторная гора открыли стелу,useful,89,,
,needs_review,low,1,1,evt_3972ac3f28b98b8f5fea0928,2026-09-05T19:31:51Z,,,,False,territory,False,2026-09-03T11:18:17Z,False,False,https://t.me/sarman_rt/32000,200,media,,True,https://t.me/sarman_rt/32000,reported,mo-92653000,Напоминаем,context,16,not_editorially_useful,
,needs_review,low,1,1,evt_6d98816a2dfc793bed9e7386,2026-09-05T19:31:51Z,,,,False,territory,False,2026-09-03T11:05:14Z,False,False,https://t.me/rusloboda/35289,200,media,,True,https://t.me/rusloboda/35289,reported,mo-92650000,Айрат Сафина: «Вакцинация остаётся важной мерой профилактики »,context,16,not_editorially_useful,
,needs_review,low,1,1,evt_0118c2bc756f76de445cface,2026-09-05T19:32:04Z,,,,False,territory,False,2026-09-03T10:55:00Z,False,False,https://chistopol-rt.ru/news/obschestvo/nko-tatarstana-mogut-polucit-granty-raisa-rt-na-razvitie-grazdanskogo-obshhestva,200,media,,True,https://chistopol-rt.ru/news/obschestvo/nko-tatarstana-mogut-polucit-granty-raisa-rt-na-razvitie-grazdanskogo-obshhestva,unknown,mo-92659000,НКО Татарстана могут получить гранты Раиса РТ на развитие гражданского общества,context,16,not_editorially_useful,
,needs_review,low,1,1,evt_f452ada9f7012497275962e8,2026-09-05T19:31:56Z,,,,False,territory,False,2026-09-03T10:50:00Z,False,False,https://almetievsk-ru.ru/news/goryachie-novosti/zitelnica-almetevska-ne-smogla-osporit-straf-za-vyezd-na-vstrecku,200,media,,True,https://almetievsk-ru.ru/news/goryachie-novosti/zitelnica-almetevska-ne-smogla-osporit-straf-za-vyezd-na-vstrecku,unknown,mo-92608101,Жительница Альметьевска не смогла оспорить штраф за выезд на «встречку»,context,0,not_editorially_useful,
,needs_review,low,1,1,evt_84100d82c4b1d4e8ea92c4d6,2026-09-05T19:32:04Z,,,,False,territory,False,2026-09-03T10:48:00Z,False,False,https://chelny-izvest.ru/news/facts/v-poselke-elevatornaia-gora-otkryli-stelu,200,media,,True,https://chelny-izvest.ru/news/facts/v-poselke-elevatornaia-gora-otkryli-stelu,resolved,mo-92730000,В поселке Элеваторная гора открыли стелу,useful,79,summary_too_short,
,needs_review,medium,1,2,evt_84c918fa822e8f77cd83eb4a,2026-09-05T20:20:52Z,,,,False,territory,False,2026-09-03T10:48:00Z,False,False,https://tulachi.ru/news/v-respublike/tatarstanda-tatar-iort-fotokonkursy-start-ala,200,media,,True,https://tulachi.ru/news/v-respublike/tatarstanda-tatar-iort-fotokonkursy-start-ala,reported,mo-92656000,В Татарстане стартует фотоконкурс «Татар йорт»,context,42,not_editorially_useful,
,needs_review,low,1,1,evt_22dfd0239932476e7fa51c76,2026-09-05T19:31:56Z,,,,False,territory,False,2026-09-03T10:43:00Z,False,False,https://almetievsk-ru.ru/news/goryachie-novosti/forum-time-kazan-v-oktiabre-soberet-biznes-rossii-i-indii-na-ploshhadke-kazan-ekspo,200,media,,True,https://almetievsk-ru.ru/news/goryachie-novosti/forum-time-kazan-v-oktiabre-soberet-biznes-rossii-i-indii-na-ploshhadke-kazan-ekspo,unknown,mo-92701000,Форум TIME: Казань в октябре соберет бизнес России и Индии на площадке «Казань Экспо»,context,0,not_editorially_useful,
,needs_review,low,1,1,evt_f8be0ac8139aaf476ff22f97,2026-09-05T19:31:44Z,,,,False,territory,False,2026-09-03T10:34:46Z,False,False,https://t.me/uvt24/32647,200,media,,True,https://t.me/uvt24/32647,unknown,mo-92608101,Жительница Альметьевска не смогла оспорить штраф за выезд на «встречку»,context,36,not_editorially_useful,
,ready,medium,1,2,evt_4b7a01dc83d007733a834c55,2026-09-05T20:20:52Z,,,,False,territory,True,2026-09-03T10:32:00Z,False,False,https://yashel-uzan.ru/news/yash%D3%99esh/kazanda-oktava-torak-kompleksy-tozelacak,200,media,,True,https://yashel-uzan.ru/news/yashәesh/kazanda-oktava-torak-kompleksy-tozelacak,in_progress,mo-92628000,В Казани построят жилой комплекс «Октава»,useful,79,,
,needs_review,low,1,1,evt_16000de8dc43fbc21502e4dd,2026-09-05T19:31:51Z,,,,False,territory,False,2026-09-03T10:22:29Z,False,False,https://t.me/n_chrmshn/18579,200,media,,True,https://t.me/n_chrmshn/18579,unknown,mo-92658000,Черемшанцев предупреждают об опасном для домашней птицы заболевании – птичьем гриппе,context,0,not_editorially_useful,
Елабуга,needs_review,low,1,1,evt_fc78f60f9f1d0becf7e603ff,2026-09-05T19:31:59Z,55.7577131,,52.0539938,False,settlement,False,2026-09-03T10:19:00Z,False,False,https://elabuga-rt.ru/news/novosti/sud-priostanovil-rabotu-zakusocnoi-saurmeniia-u-zory-v-elabuge-na-90-sutok,200,media,,True,https://elabuga-rt.ru/news/novosti/sud-priostanovil-rabotu-zakusocnoi-saurmeniia-u-zory-v-elabuge-na-90-sutok,paused,mo-92626101,"Проверка началась после информации о случае инфекционного заболевания, связанном с употреблением продукции заведения.",context,20,not_editorially_useful,
,ready,medium,1,2,evt_b9146cee4781c796d9240d50,2026-09-05T20:20:52Z,,,,False,territory,True,2026-09-03T10:17:00Z,False,False,https://leninogorsk-rt.ru/news/novostnaya-lenta/v-tatarstane-otkryt-nabor-operatorov-bpla-legendarnyx-geranei,200,media,,True,https://leninogorsk-rt.ru/news/novostnaya-lenta/v-tatarstane-otkryt-nabor-operatorov-bpla-legendarnyx-geranei,unknown,mo-92636000,В Татарстане продолжается набор операторов БПЛА в бригаду «Варяг»,useful,87,,
,ready,medium,1,1,evt_c404793f837f6d2ab9afc3d5,2026-09-05T20:20:52Z,,,,False,territory,True,2026-09-03T10:15:56Z,False,False,https://t.me/ntr24ru/45186,200,media,,True,https://t.me/ntr24ru/45186,reported,mo-92644405,Отключение электроснабжения в части Нижнекамска из-за возгорания трансформатора,useful,97,,
,needs_review,low,1,1,evt_d610db96d2a0b4201c448f9e,2026-09-05T19:32:00Z,,,,False,territory,False,2026-09-03T10:10:00Z,False,False,https://mamadysh-rt.ru/news/obshchestvo/v-tatarstane-gotoviat-elitu-bespilotnyx-voisk-na-simuliatorax,200,media,,True,https://mamadysh-rt.ru/news/obshchestvo/v-tatarstane-gotoviat-elitu-bespilotnyx-voisk-na-simuliatorax,reported,mo-92638000,"На полигоне новобранцев сначала готовят как инженеров и сборщиков, и только потом допускают к управлению дронами.",context,16,not_editorially_useful,
,needs_review,medium,1,1,evt_136b1b74b5d8b2faab67c31d,2026-09-05T20:21:26Z,,,,False,territory,False,2026-09-03T10:09:49Z,False,False,https://t.me/muslumirc/44215,200,media,,True,https://t.me/muslumirc/44215,reported,mo-92642443,Интернат-йортта психологик коррекция с анималотерапия белән сәяхәтләр оештырыла,context,0,not_editorially_useful,
,needs_review,low,1,1,evt_723a11759f476c479ca3a214,2026-09-05T19:32:04Z,,,,False,territory,False,2026-09-03T10:08:00Z,False,False,https://chistopol-rt.ru/news/obschestvo/v-tatarstane-otkryt-nabor-operatorov-bpla-legendarnyx-geranei,200,media,,True,https://chistopol-rt.ru/news/obschestvo/v-tatarstane-otkryt-nabor-operatorov-bpla-legendarnyx-geranei,resolved,mo-92659000,В Татарстане открыт набор операторов БПЛА легендарных «Гераней»,context,59,not_editorially_useful,
,needs_review,low,1,1,evt_85cc5d4b10674c77feb4aeb9,2026-09-05T19:31:57Z,,,,False,territory,False,2026-09-03T10:00:00Z,False,False,https://vuslon.ru/news/obschestvo/stolica-tatarstana-vpervye-priniala-salon-kompleksnaia-bezopasnost,200,media,,True,https://vuslon.ru/news/obschestvo/stolica-tatarstana-vpervye-priniala-salon-kompleksnaia-bezopasnost,unknown,mo-92701000,Столица Татарстана впервые приняла салон «Комплексная безопасность»,context,20,not_editorially_useful,
,ready,medium,1,2,evt_e27b2c5c1dda2c6355f76687,2026-09-05T20:21:26Z,,,,False,territory,True,2026-09-03T10:00:00Z,False,False,https://tukai-rt.ru/news/amgyiat/kazan-aeroportynda-parkovka-ocen-tulau-sistemasy-uzgaracak,200,media,,True,https://tukai-rt.ru/news/amgyiat/kazan-aeroportynda-parkovka-ocen-tulau-sistemasy-uzgaracak,reported,mo-92701000,В аэропорту Казани изменят систему оплаты парковки,useful,87,,
,needs_review,low,1,1,evt_49d7107085e6d2e0e1f9bcfb,2026-09-05T19:32:04Z,,,,False,territory,False,2026-09-03T09:56:00Z,False,False,https://tetyushy.ru/news/beznengeroilar/v-tatarstane-gotoviat-operatorov-dronov-kak-v-brigade-variag-obucaiut-stalinskix-sokolov,200,media,,True,https://tetyushy.ru/news/beznengeroilar/v-tatarstane-gotoviat-operatorov-dronov-kak-v-brigade-variag-obucaiut-stalinskix-sokolov,unknown,mo-92655000,В Татарстане готовят операторов дронов: как в бригаде «Варяг» обучают «Сталинских соколов»,context,0,not_editorially_useful,
,needs_review,low,1,1,evt_2df965e2fa27c883aa408f34,2026-09-05T19:31:56Z,,,,False,territory,False,2026-09-03T09:42:00Z,False,False,https://almetievsk-ru.ru/news/poleznyie-novosti/ziteliam-almetevska-pokazali-polnyi-grafik-perekrytiia-dorog-iz-za-provedeniia-dnia-neftianika,200,media,,True,https://almetievsk-ru.ru/news/poleznyie-novosti/ziteliam-almetevska-pokazali-polnyi-grafik-perekrytiia-dorog-iz-za-provedeniia-dnia-neftianika,reported,mo-92608101,Жителям Альметьевска показали полный график перекрытия дорог из-за проведения Дня нефтяника,context,0,summary_too_short|not_editorially_useful,
,needs_review,low,1,1,evt_f51c8d814296072ace80e898,2026-09-05T19:31:59Z,,,,False,territory,False,2026-09-03T09:40:00Z,False,False,https://zpravda.ru/news/novosti/v-tatarstane-nazvali-samye-populiarnye-napravleniia-grantov-raisa-rt,200,media,,True,https://zpravda.ru/news/novosti/v-tatarstane-nazvali-samye-populiarnye-napravleniia-grantov-raisa-rt,unknown,mo-92628000,В Татарстане назвали самые популярные направления грантов Раиса РТ,context,16,not_editorially_useful,
,ready,low,1,1,evt_ad4d0a33627962e406d0d3b4,2026-09-05T19:31:46Z,,,,False,territory,True,2026-09-03T09:34:51Z,False,False,https://t.me/verhniyuslon/41045,200,media,,True,https://t.me/verhniyuslon/41045,planned,mo-92620000,Верхнеуслонцев предупреждают о плановых отключениях электроэнергии,useful,87,,
,needs_review,medium,1,2,evt_b1680974b319b7a0118faee7,2026-09-05T20:22:40Z,,,,False,territory,False,2026-09-03T09:28:23Z,False,False,https://t.me/atannary/29054,200,media,,True,https://t.me/atannary/29054,reported,mo-92608000,В Красноармейке горит жилой дом,context,0,not_editorially_useful,
,needs_review,low,1,1,evt_a1b23cb211ce759269b337d1,2026-09-05T19:31:45Z,,,,False,territory,False,2026-09-03T09:26:01Z,False,False,https://t.me/BavlyinformNEWS/44399,200,media,,True,https://t.me/BavlyinformNEWS/44399,reported,mo-92614000,Водителей без ОСАГО будут штрафовать не чаще одного раза в сутки,context,16,not_editorially_useful,
,ready,low,1,1,evt_71bd74ce9edc268aebde4acd,2026-09-05T19:31:49Z,,,,False,territory,True,2026-09-03T09:17:29Z,False,False,https://t.me/ntr24ru/45184,200,media,,True,https://t.me/ntr24ru/45184,reported,,Воспитанник нижнекамской школы хоккея вошел в число самых высокооплачиваемых игроков КХЛ,useful,87,,
Альметьевск,needs_review,low,1,1,evt_d5d1cdf3e94bf069bcf8d2e9,2026-09-05T19:32:03Z,54.9005008,,52.2963777,False,settlement,False,2026-09-03T09:17:00Z,False,False,https://rsloboda-rt.ru/news/obschestvo-i-myi/v-almetevske-rassiriaiut-proekt-kontrolia-arterialnogo-davleniia,200,media,,True,https://rsloboda-rt.ru/news/obschestvo-i-myi/v-almetevske-rassiriaiut-proekt-kontrolia-arterialnogo-davleniia,reported,mo-92608101,В Альметьевске расширяют проект контроля артериального давления,context,36,not_editorially_useful,
,needs_review,low,1,1,evt_f1a9caecba429f151d6f6a3a,2026-09-05T19:31:56Z,,,,False,territory,False,2026-09-03T09:16:00Z,False,False,https://almetievsk-ru.ru/news/gorod/34-naruseniia-obnaruzili-zilinspektory-v-dome-8-marta-17,200,media,,True,https://almetievsk-ru.ru/news/gorod/34-naruseniia-obnaruzili-zilinspektory-v-dome-8-marta-17,unknown,mo-92608000,"34 нарушения обнаружили жилинспекторы в доме 8 Марта, 17",context,30,not_editorially_useful,
,needs_review,low,1,1,evt_be057dfd9bc7993623f60a8b,2026-09-05T19:32:05Z,,,,False,territory,False,2026-09-03T09:11:43Z,False,False,https://t.me/kzn_official/23578,200,official,,True,https://t.me/kzn_official/23578,resolved,mo-92701000,"Уже завершено обновление участков общей протяженностью 3,8 км.",context,42,not_editorially_useful,
,needs_review,low,1,2,evt_50cae2634d817082efbd4b53,2026-09-04T20:12:16Z,,,,False,territory,False,2026-09-03T09:02:26Z,False,False,https://t.me/vgora_vesti/45663,200,media,,True,https://t.me/vgora_vesti/45663,reported,mo-92622000,Квартиры бизнес-класса в Казани без ипотеки,context,36,not_editorially_useful,
,needs_review,low,1,1,evt_bab1d8fe3bac7c3c7f3bd9ff,2026-09-05T19:31:47Z,,,,False,territory,False,2026-09-03T09:00:30Z,False,False,https://t.me/kaibicy/45843,200,media,,True,https://t.me/kaibicy/45843,reported,mo-92644423,"Отсутствие локального акта означает, что эти вопросы остаются за рамками трудовых обязанностей, и санкции за „неформальный“ вид будут неправомерными», — подчерк",context,0,not_editorially_useful,
,ready,medium,1,2,evt_597be7828bd3555b3b2619b3,2026-09-05T20:22:40Z,,,,False,territory,True,2026-09-03T09:00:00Z,False,False,https://vuslon.ru/news/obschestvo/verxneusloncev-preduprezdaiut-o-planovyx-otkliuceniiax-elektroenergii,200,media,,True,https://vuslon.ru/news/obschestvo/verxneusloncev-preduprezdaiut-o-planovyx-otkliuceniiax-elektroenergii,planned,mo-92620000,Плановые отключения электроэнергии в Верхнеуслонском районе,useful,87,,
улица Восстания,needs_review,low,1,1,evt_44ee31afc08397ae8a8ece5d,2026-09-05T19:31:47Z,55.8350476,,49.092912,False,street,False,2026-09-03T08:59:56Z,False,False,https://t.me/kaibicy/45837,200,media,,True,https://t.me/kaibicy/45837,reported,mo-92701000,Жителю Казани грозит штраф за постройку сауны в своей квартире,context,30,not_editorially_useful,
,needs_review,medium,1,1,evt_1a14c7e5681c659bffcad3b3,2026-09-05T20:23:33Z,,,,False,territory,False,2026-09-03T08:59:00Z,False,False,https://saby-rt.ru/news/amgyiat/tatarstan-es-birucelare-isap-xisap-ocen-strafny-50-taslama-belan-tuli-ala,200,media,,True,https://saby-rt.ru/news/amgyiat/tatarstan-es-birucelare-isap-xisap-ocen-strafny-50-taslama-belan-tuli-ala,reported,mo-92652000,Работодатели Татарстана могут уплачивать штрафы со скидкой 50%,context,0,not_editorially_useful,
,needs_review,low,1,1,evt_df31d8b01618aee505310dc4,2026-09-05T19:32:04Z,,,,False,territory,False,2026-09-03T08:55:00Z,False,False,https://tetyushy.ru/news/obshchestvo/tetiusskaia-tatarskaia-skola-otkryla-dveri-lineika-podarki-i-naputstviia-pervoklassnikam,200,media,,True,https://tetyushy.ru/news/obshchestvo/tetiusskaia-tatarskaia-skola-otkryla-dveri-lineika-podarki-i-naputstviia-pervoklassnikam,reported,mo-92655000,"Тетюшская татарская школа открыла двери: линейка, подарки и напутствия первоклассникам",context,36,not_editorially_useful,
улица Энгельса,ready,low,1,1,evt_3262c1431c764cb7e4d37698,2026-09-05T19:32:04Z,55.365964,,50.6064515,True,street,True,2026-09-03T08:50:00Z,False,False,https://chistopol-rt.ru/news/obschestvo/v-cistopole-po-zalobam-zitelei-otremontirovali-povrezdennye-kolodcy,200,media,,True,https://chistopol-rt.ru/news/obschestvo/v-cistopole-po-zalobam-zitelei-otremontirovali-povrezdennye-kolodcy,resolved,mo-92659101,В Чистополе по жалобам жителей отремонтировали повреждённые колодцы,useful,97,,
,needs_review,medium,1,3,evt_c00acaaf1b3ea439fdbce88f,2026-09-05T20:23:33Z,,,,False,territory,False,2026-09-03T08:47:00Z,False,False,https://yashel-uzan.ru/news/yash%D3%99esh/laestagy-kama-dingeze-pliazy-davyldan-son-ianartylacak,200,media,,True,https://yashel-uzan.ru/news/yashәesh/laestagy-kama-dingeze-pliazy-davyldan-son-ianartylacak,reported,mo-92628000,Пляж «Кама диңгезе» в Лаишево будут обновлять после шторма,context,67,not_editorially_useful,
,ready,low,1,1,evt_b64c85b8ade4603589ea7377,2026-09-05T19:31:55Z,,,,False,territory,True,2026-09-03T08:42:00Z,False,False,https://alekseyevsk.ru/news/obshchestvo/sborka-simuliatory-vylet-kak-gotoviat-pilotov-geranei-v-tatarstane,200,media,,True,https://alekseyevsk.ru/news/obshchestvo/sborka-simuliatory-vylet-kak-gotoviat-pilotov-geranei-v-tatarstane,resolved,mo-92606000,"Набор открыт для кандидатов, в том числе для тех, кто проходит срочную службу.",useful,87,,
,needs_review,low,1,1,evt_a8a2ec8c93681c2fd6ae3e73,2026-09-05T19:32:03Z,,,,False,territory,False,2026-09-03T08:41:00Z,False,False,https://rsloboda-rt.ru/news/obschestvo-i-myi/cto-izmenitsia-s-1-sentiabria-dlia-semei-skol-i-bankov,200,media,,True,https://rsloboda-rt.ru/news/obschestvo-i-myi/cto-izmenitsia-s-1-sentiabria-dlia-semei-skol-i-bankov,reported,mo-92657405,"С сентября банки будут обязаны предоставлять клиентам возможность открывать счета, совершать переводы и оплачивать покупки с помощью цифрового рубля.",context,16,not_editorially_useful,
,needs_review,low,1,1,evt_474d5b91d06cf5b0898f87bd,2026-09-05T19:31:49Z,,,,False,territory,False,2026-09-03T08:40:44Z,False,False,https://t.me/ntr24ru/45181,200,media,,True,https://t.me/ntr24ru/45181,reported,mo-92644101,Администрация Нижнекамска ответила на жалобу жителя о состоянии сквера «Эластик»,context,0,not_editorially_useful,
Казань,ready,low,1,1,evt_b512386285dd44255c95b9c1,2026-09-05T19:32:04Z,55.7946485,,49.1115022,False,settlement,True,2026-09-03T08:40:00Z,False,False,https://spas-rt.ru/news/novosti/v-kazani-otkrylsia-mezdunarodnyi-salon-kompleksnaia-bezopasnost,200,media,,True,https://spas-rt.ru/news/novosti/v-kazani-otkrylsia-mezdunarodnyi-salon-kompleksnaia-bezopasnost,resolved,mo-92701000,В Казани открылся международный салон «Комплексная безопасность»,useful,79,,
,needs_review,low,1,2,evt_8d3c86f132661136b1e8e1a0,2026-09-04T20:09:41Z,,,,False,territory,False,2026-09-03T08:39:23Z,False,False,https://t.me/zariaaleks/32348,200,media,,True,https://t.me/zariaaleks/32348,reported,mo-92606000,"ЖК Символ. До 30.09: лоты от 18,5 млн/₽ со скидкой 12%",context,16,not_editorially_useful,
,needs_review,low,1,1,evt_7710c10505d506575a0cb4b7,2026-09-05T19:31:53Z,,,,False,territory,False,2026-09-03T08:37:43Z,False,False,https://t.me/chelny_news1/48558,200,media,,True,https://t.me/chelny_news1/48558,resolved,mo-92730000,У вас договор не с соцсетями»: жилинспекция отреагировала на жалобы жителей Челнов,context,36,not_editorially_useful,
,needs_review,low,1,1,evt_bf897da73dc0b35099210f05,2026-09-05T19:31:56Z,,,,False,territory,False,2026-09-03T08:35:00Z,False,False,https://almetievsk-ru.ru/news/proissestviia-dnia/v-krasnoarmeike-gorit-castnyi-dom,200,media,,True,https://almetievsk-ru.ru/news/proissestviia-dnia/v-krasnoarmeike-gorit-castnyi-dom,reported,mo-92608000,В Красноармейке горит частный дом,useful,79,summary_too_short,
Казань,ready,low,1,1,evt_acab540787ca88f2ec44e05a,2026-09-05T19:31:59Z,55.7946485,,49.1115022,False,settlement,True,2026-09-03T08:34:00Z,False,False,https://zainsk-inform.ru/news/obschestvo/v-kazani-otkrylsia-salon-kompleksnaia-bezopasnost,200,media,,True,https://zainsk-inform.ru/news/obschestvo/v-kazani-otkrylsia-salon-kompleksnaia-bezopasnost,resolved,mo-92701000,В Казани открылся салон «Комплексная безопасность»,useful,79,,
,needs_review,low,1,1,evt_1dcd70ac8c49447f7aa3c719,2026-09-05T19:32:00Z,,,,False,territory,False,2026-09-03T08:32:00Z,False,False,https://laishevskyi.ru/news/obschestvo/v-laisevskom-raione-proidut-ispytaniia-dlia-spasatelei-i-liubitelei-ekstrima,200,media,,True,https://laishevskyi.ru/news/obschestvo/v-laisevskom-raione-proidut-ispytaniia-dlia-spasatelei-i-liubitelei-ekstrima,unknown,mo-92701000,В Лаишевском районе пройдут испытания для спасателей и любителей экстрима,context,20,not_editorially_useful,
,needs_review,low,1,1,evt_d6a71cbcea22c6122cea297f,2026-09-05T19:31:44Z,,,,False,territory,False,2026-09-03T08:29:24Z,False,False,https://t.me/uvt24/32638,200,media,,True,https://t.me/uvt24/32638,reported,mo-92608000,ЮВТ-24 снова выехал по жалобам альметьевцев...,context,16,not_editorially_useful,
"проспект Мира, 16",ready,medium,1,3,evt_ab5c1bcd1c4f0356d16c3de5,2026-09-05T20:23:33Z,55.754717400000004,,52.01654743270559,True,building,True,2026-09-03T08:27:00Z,False,False,https://elabuga-rt.ru/news/novosti/na-prospekte-mira-v-elabuge-vremenno-otkliucili-xolodnuiu-vodu,200,media,,True,https://elabuga-rt.ru/news/novosti/na-prospekte-mira-v-elabuge-vremenno-otkliucili-xolodnuiu-vodu,planned,mo-92626101,В Елабуге временно отключили холодную воду на проспекте Мира,useful,97,,
,ready,medium,1,1,evt_5df94d2f1f3b5601de64cfd6,2026-09-05T20:24:30Z,,,,False,territory,True,2026-09-03T08:22:51Z,False,False,https://t.me/drozzanoe90/20756,200,media,,True,https://t.me/drozzanoe90/20756,reported,mo-92624000,Декадник «Экстремизму — нет» в Татарстане и Дрожжановском районе,useful,87,,
проспект Ямашева,needs_review,medium,1,1,evt_1bb12ed34f1d780549705f60,2026-09-05T20:25:11Z,55.8269727,,49.1114905,False,street,False,2026-09-03T08:22:01Z,False,False,https://t.me/avianovsav/6313,200,official,,True,https://t.me/avianovsav/6313,in_progress,mo-92701000,Ремонт проспекта Ямашева в Казани,context,30,not_editorially_useful,
,needs_review,medium,1,1,evt_30afaf57d8bd53255471e2f0,2026-09-05T20:24:30Z,,,,False,territory,False,2026-09-03T08:20:21Z,False,False,https://t.me/drozzanoe90/20755,200,media,,True,https://t.me/drozzanoe90/20755,reported,mo-92624000,Всероссийский ИТ-диктант пройдёт 11–13 сентября,context,0,not_editorially_useful,
,needs_review,low,2,4,evt_333230544315169695e61e50,2026-09-04T20:13:16Z,,,,False,territory,False,2026-09-03T08:19:32Z,False,False,https://t.me/kukmor_tatarstan/56110,200,media,,True,https://t.me/kukmor_tatarstan/56110,planned,mo-92633000,Автосалон LADA в Казани,noise,24,not_editorially_useful,
,needs_review,low,1,1,evt_039304ec1a68f59dfe4e9fd1,2026-09-05T19:32:04Z,,,,False,territory,False,2026-09-03T08:19:00Z,False,False,https://chelny-izvest.ru/news/utility/zilinspekciia-otreagirovala-na-zaloby-zitelei-celnov,200,media,,True,https://chelny-izvest.ru/news/utility/zilinspekciia-otreagirovala-na-zaloby-zitelei-celnov,unknown,mo-92730000,У вас договор не с соцсетями»: жилинспекция отреагировала на жалобы жителей Челнов,context,0,not_editorially_useful,
,needs_review,medium,1,2,evt_f3f3c4597ec5248f89fd2dba,2026-09-05T20:24:30Z,,,,False,territory,False,2026-09-03T08:07:00Z,False,False,https://atnya-rt.ru/news/sogy-khbrlr/ary-avyly-xalky-berdam-bulyp-oma-iasady,200,media,,True,https://atnya-rt.ru/news/sogy-khbrlr/ary-avyly-xalky-berdam-bulyp-oma-iasady,reported,mo-92613434,Өмә уңаеннан мәдәният йорты тирәсен чистарттылар,context,59,not_editorially_useful,
,needs_review,low,1,1,evt_a20d31cdf670b15ebfda0efe,2026-09-05T19:31:45Z,,,,False,territory,False,2026-09-03T08:04:54Z,False,False,https://t.me/selskayanovaksubaevo/34720,200,media,,True,https://t.me/selskayanovaksubaevo/34720,reported,mo-92604000,Аксубаевские ветеринары обеспечивают эпизоологическое благополучие животноводства «МОЛКО»,context,16,not_editorially_useful,
,needs_review,medium,1,2,evt_5a633c97e66f5d9d506fb725,2026-09-05T20:25:11Z,,,,False,territory,False,2026-09-03T08:03:00Z,False,False,https://muslumirc.ru/news/olkan-buyn/kartlar-iortynda-animaloterapiia-texnologiiase-iardamenda-psixologik-korrekciia-kullanalar,200,media,,True,https://muslumirc.ru/news/olkan-buyn/kartlar-iortynda-animaloterapiia-texnologiiase-iardamenda-psixologik-korrekciia-kullanalar,reported,mo-92642000,Анималотерапия в доме престарелых Мөслима,context,0,not_editorially_useful,
,needs_review,low,1,1,evt_2ffbd922ab9c48edbe77395e,2026-09-05T19:31:56Z,,,,False,territory,False,2026-09-03T07:51:00Z,False,False,https://almetievsk-ru.ru/news/goryachie-novosti/mincifry-zapuskaet-it-diktant-test-iz-32-voprosov-o-texnologiiax-i-bezopasnosti,200,media,,True,https://almetievsk-ru.ru/news/goryachie-novosti/mincifry-zapuskaet-it-diktant-test-iz-32-voprosov-o-texnologiiax-i-bezopasnosti,unknown,mo-92608000,Минцифры запускает «ИТ-диктант»: тест из 32 вопросов о технологиях и безопасности,context,0,not_editorially_useful,
,needs_review,low,1,1,evt_85979b1ae4c44bcc229f76b6,2026-09-05T19:32:00Z,,,,False,territory,False,2026-09-03T07:50:00Z,False,False,https://kamskoe-ustie.ru/news/obrazovanie/ziteliam-raiona-predlagaiut-proverit-svoi-znaniia-v-sfere-cifrovyx-texnologii,200,media,,True,https://kamskoe-ustie.ru/news/obrazovanie/ziteliam-raiona-predlagaiut-proverit-svoi-znaniia-v-sfere-cifrovyx-texnologii,reported,mo-92630000,Жителям района предлагают проверить свои знания в сфере цифровых технологий,context,0,not_editorially_useful,
,needs_review,low,1,1,evt_2457a10786202ce4b716299d,2026-09-05T19:31:49Z,,,,False,territory,False,2026-09-03T07:45:10Z,False,False,https://t.me/ntr24ru/45179,200,media,,True,https://t.me/ntr24ru/45179,resolved,mo-92627420,Камская транспортная прокуратура выявила серьезные нарушения санитарных норм в трёх кафе в аэропорту «Бегишево».,context,0,not_editorially_useful,
,needs_review,medium,1,2,evt_029c2af3818388f3af77661b,2026-09-05T20:25:11Z,,,,False,territory,False,2026-09-03T07:45:01Z,False,False,https://t.me/mndnews/80737,200,media,,True,https://t.me/mndnews/80737,reported,mo-92639000,Всероссийский «ИТ-диктант»,context,0,not_editorially_useful,
,needs_review,low,1,2,evt_fa1ca9d2562028ba590dc50c,2026-09-04T20:37:47Z,,,,False,territory,False,2026-09-03T07:44:06Z,False,False,https://t.me/chelnytv/46127,200,media,,True,https://t.me/chelnytv/46127,planned,mo-92657405,Планируете купить новый а/м? Успейте выгодно в июле!,noise,20,not_editorially_useful,
,needs_review,low,1,1,evt_5c76ed7784239a038d754632,2026-09-05T19:32:00Z,,,,False,territory,False,2026-09-03T07:43:00Z,False,False,https://mamadysh-rt.ru/news/obshchestvo/investory-predstaviat-proekt-turisticeskogo-kompleksa-v-albaiskom-poselenii,200,media,,True,https://mamadysh-rt.ru/news/obshchestvo/investory-predstaviat-proekt-turisticeskogo-kompleksa-v-albaiskom-poselenii,reported,mo-92638000,Инвесторы представят проект туристического комплекса в Албайском поселении,context,36,not_editorially_useful,
,ready,low,1,1,evt_59d72c53a2df65016a061775,2026-09-05T19:32:02Z,,,,False,territory,True,2026-09-03T07:38:00Z,False,False,https://novoshishminsk.ru/news/novosti-rayona/startoval-priem-zaiavok-na-respublikanskii-konkurs-teatralnyx-postanovok-profilart,200,media,,True,https://novoshishminsk.ru/news/novosti-rayona/startoval-priem-zaiavok-na-respublikanskii-konkurs-teatralnyx-postanovok-profilart,reported,mo-92645000,Стартовал прием заявок на Республиканский конкурс театральных постановок «ПрофилАрт»!,useful,62,,
,needs_review,low,1,1,evt_7971f121c6280bbb2441fca7,2026-09-05T19:31:44Z,,,,False,territory,False,2026-09-03T07:26:59Z,False,False,https://t.me/uvt24/32636,200,media,,True,https://t.me/uvt24/32636,unknown,mo-92617101,Бугульминцев наказали тремя сутками ареста за неуплату штрафов,context,20,not_editorially_useful,
,needs_review,low,1,1,evt_a187bcb6310f14121dc32641,2026-09-05T19:31:53Z,,,,False,territory,False,2026-09-03T07:23:54Z,False,False,https://t.me/chelny_news1/48555,200,media,,True,https://t.me/chelny_news1/48555,reported,mo-92730000,"Средняя зарплата в России достигла 114,7 тысячи рублей",context,0,not_editorially_useful,
Казань,ready,low,4,4,evt_39245bac299bf1fd1e466af8,2026-09-05T19:32:02Z,55.7946485,,49.1115022,False,settlement,True,2026-09-03T07:21:00Z,False,False,https://novoshishminsk.ru/news/v-respublike/kazan-stala-novoi-ploshhadkoi-dlia-mezdunarodnogo-salona-kompleksnaia-bezopasnost,200,media,,True,https://novoshishminsk.ru/news/v-respublike/kazan-stala-novoi-ploshhadkoi-dlia-mezdunarodnogo-salona-kompleksnaia-bezopasnost,resolved,mo-92701000,"XVI Международный салон «Комплексная безопасность» впервые открылся в Казани, а не в Москве.",useful,79,,
,needs_review,low,1,1,evt_bd631db78322dbe3336d2461,2026-09-05T19:31:59Z,,,,False,territory,False,2026-09-03T07:10:00Z,False,False,https://elabuga-rt.ru/news/novosti/marsrut-meteora-cerez-elabugu-perevez-92-tysiaci-passazirov,200,media,,True,https://elabuga-rt.ru/news/novosti/marsrut-meteora-cerez-elabugu-perevez-92-tysiaci-passazirov,unknown,mo-92626000,"Маршрут «Метеора» через Елабугу перевез 9,2 тысячи пассажиров",context,59,not_editorially_useful,
,needs_review,medium,1,1,evt_ee0929439ce917a89468695d,2026-09-05T20:25:40Z,,,,False,territory,False,2026-09-03T07:02:33Z,False,False,https://t.me/yasheluzan/54022,200,media,,True,https://t.me/yasheluzan/54022,unknown,mo-92628101,Яшел Үзән районының финанс хезмәте ГТО тапшырды,context,0,not_editorially_useful,
,needs_review,low,1,1,evt_d0f01e643b0cf423af7c87b4,2026-09-05T19:32:02Z,,,,False,territory,False,2026-09-03T07:01:00Z,False,False,https://nizhnekamsk-rt.ru/news/obschestvo/s-11-po-13-sentiabria-proidet-vserossiiskii-it-diktant,200,media,,True,https://nizhnekamsk-rt.ru/news/obschestvo/s-11-po-13-sentiabria-proidet-vserossiiskii-it-diktant,reported,mo-92644000,С 11 по 13 сентября пройдет всероссийский «ИТ-диктант»,context,0,not_editorially_useful,
,ready,low,1,1,evt_e95e6517f046d77fa8b5a5a5,2026-09-05T19:31:59Z,,,,False,territory,True,2026-09-03T07:00:00Z,False,False,https://zpravda.ru/news/novosti/v-zelenodolskom-medkolledze-otkryli-kapitalno-otremontirovannyi-korpus,200,media,,True,https://zpravda.ru/news/novosti/v-zelenodolskom-medkolledze-otkryli-kapitalno-otremontirovannyi-korpus,resolved,mo-92628101,В Зеленодольском медколледже открыли капитально отремонтированный корпус,useful,87,,
Казань,ready,low,1,1,evt_6020fbba3f077997dc76b67b,2026-09-05T19:32:00Z,55.7946485,,49.1115022,False,settlement,True,2026-09-03T06:57:00Z,False,False,https://mamadysh-rt.ru/news/obshchestvo/v-kazani-otkrylsia-salon-mcs-kompleksnaia-bezopasnost,200,media,,True,https://mamadysh-rt.ru/news/obshchestvo/v-kazani-otkrylsia-salon-mcs-kompleksnaia-bezopasnost,resolved,mo-92701000,В Казани открылся салон МЧС «Комплексная безопасность»,useful,79,,
Казань,ready,low,1,1,evt_6b715e5ae2684dd5034ce457,2026-09-05T19:31:56Z,55.7946485,,49.1115022,False,settlement,True,2026-09-03T06:57:00Z,False,False,https://almetievsk-ru.ru/news/goryachie-novosti/salon-kompleksnaia-bezopasnost-vpervye-otkrylsia-v-kazani-na-baze-mvc-kazan-ekspo,200,media,,True,https://almetievsk-ru.ru/news/goryachie-novosti/salon-kompleksnaia-bezopasnost-vpervye-otkrylsia-v-kazani-na-baze-mvc-kazan-ekspo,resolved,mo-92701000,Салон «Комплексная безопасность» впервые открылся в Казани на базе МВЦ «Казань Экспо»,useful,79,,
,needs_review,low,1,1,evt_e22585f52a37904977b1e852,2026-09-05T19:32:01Z,,,,False,territory,False,2026-09-03T06:57:00Z,False,False,https://mendeleevskyi.ru/news/v-respublike-1708003091/nko-tatarstana-i-drugix-regionov-podali-485-zaiavok-na-granty-raisa-rt,200,media,,True,https://mendeleevskyi.ru/news/v-respublike-1708003091/nko-tatarstana-i-drugix-regionov-podali-485-zaiavok-na-granty-raisa-rt,unknown,mo-92639000,НКО Татарстана и других регионов подали 485 заявок на гранты Раиса РТ,context,0,not_editorially_useful,
Казань,ready,low,1,1,evt_5525092714a131a2181ecc0d,2026-09-05T19:32:02Z,55.7946485,,49.1115022,False,settlement,True,2026-09-03T06:52:00Z,False,False,https://nurlat-tat.ru/news/novosti/salon-kompleksnaia-bezopasnost-vpervye-startoval-v-kazani,200,media,,True,https://nurlat-tat.ru/news/novosti/salon-kompleksnaia-bezopasnost-vpervye-startoval-v-kazani,resolved,mo-92701000,"XVI Международный салон «Комплексная безопасность» впервые за свою историю открылся не в столичном регионе, а на площадке «Казань Экспо».",useful,79,,
,needs_review,low,1,1,evt_bdb5916fa24e066b649aa102,2026-09-05T19:31:49Z,,,,False,territory,False,2026-09-03T06:50:57Z,False,False,https://t.me/ntr24ru/45177,200,media,,True,https://t.me/ntr24ru/45177,paused,,Нижнекамский городской суд приостановил деятельность кафе «СанСити» на улице Менделеева 35а в связи с выявленными в ходе проверки нарушениями.,context,30,not_editorially_useful,
,ready,low,1,1,evt_ca503a8b1d51a33d9d1e3ce7,2026-09-05T19:32:04Z,,,,False,territory,True,2026-09-03T06:43:00Z,False,False,https://tetyushy.ru/news/obshchestvo/mezdunarodnyi-salon-kompleksnaia-bezopasnost-otkrylsia-v-stolice-tatarstana,200,media,,True,https://tetyushy.ru/news/obshchestvo/mezdunarodnyi-salon-kompleksnaia-bezopasnost-otkrylsia-v-stolice-tatarstana,resolved,mo-92701000,Международный салон «Комплексная безопасность» открылся в столице Татарстана,useful,79,,
,needs_review,low,1,1,evt_e945a1ab34234db141690c39,2026-09-05T19:31:51Z,,,,False,territory,False,2026-09-03T06:39:01Z,False,False,https://t.me/TulInformm/35529,200,media,,True,https://t.me/TulInformm/35529,reported,mo-92656000,"В МБОУ- Старозюринской СОШ прошла ""Классная встреча"" с инспектором ДПС Л.Т.Киямовым. Инспектор подчёркнул, что безопасность на дорогах — общая ответственность, и призывал всех быть внимательными.",context,0,not_editorially_useful,
Казань,ready,low,3,3,evt_544074c1ea872565da68d08c,2026-09-05T19:32:04Z,55.7946485,,49.1115022,False,settlement,True,2026-09-03T06:38:00Z,False,False,https://chelny-izvest.ru/news/top5/v-kazani-otkrylsia-xvi-salon-kompleksnaia-bezopasnost,200,media,,True,https://chelny-izvest.ru/news/top5/v-kazani-otkrylsia-xvi-salon-kompleksnaia-bezopasnost,resolved,mo-92701000,В Казани открылся XVI Салон «Комплексная безопасность»,useful,79,,
,needs_review,low,1,1,evt_8a00d6a5ec98076f3a589d0c,2026-09-05T19:31:56Z,,,,False,territory,False,2026-09-03T06:38:00Z,False,False,https://almetievsk-ru.ru/news/goryachie-novosti/obshhestvennaia-palata-rt-podvela-itogi-konkursa-grantov-dlia-nko-respubliki,200,media,,True,https://almetievsk-ru.ru/news/goryachie-novosti/obshhestvennaia-palata-rt-podvela-itogi-konkursa-grantov-dlia-nko-respubliki,unknown,mo-92608000,Общественная палата РТ подвела итоги конкурса грантов для НКО республики,context,0,not_editorially_useful,
,needs_review,low,2,2,evt_c15d04f0a4099275e0e47e4d,2026-09-05T19:32:04Z,,,,False,territory,False,2026-09-03T06:37:15Z,False,False,https://chelny-izvest.ru/news/obschestvo/zaveduiushhii-otdeleniem-bsmp-10-minut-cteniia-v-den-i-tancy-otodvigaiut-starost,200,media,,True,https://chelny-izvest.ru/news/obschestvo/zaveduiushhii-otdeleniem-bsmp-10-minut-cteniia-v-den-i-tancy-otodvigaiut-starost,unknown,mo-92730000,Заведующий отделением БСМП: «10 минут чтения в день и танцы отодвигают старость»,context,0,not_editorially_useful,
,needs_review,low,1,1,evt_ccc1039fad6f88f85d615d1b,2026-09-05T19:31:51Z,,,,False,territory,False,2026-09-03T06:35:02Z,False,False,https://t.me/tetyushy/51275,200,media,,True,https://t.me/tetyushy/51275,resolved,mo-92655000,В Большетарханском сельском Доме культуры завершён ремонт кровли пристроя. Необходимость работ была связана с протечками: они портили интерьер и угрожали безопасности здания. Ремонт выполнила бригада РДК совместно с рабочим по обслуживанию здания Ильгизаром Зафаровым. Теперь пристрой надёжно защищён от осадков — задача выполнена быстро и на высоком уровне.,context,36,not_editorially_useful,
,needs_review,low,1,1,evt_1e9542ecc06bb8d7987c4573,2026-09-05T19:31:51Z,,,,False,territory,False,2026-09-03T06:33:07Z,False,False,https://t.me/sarman_rt/31990,200,media,,True,https://t.me/sarman_rt/31990,reported,mo-92653000,"Чем дроппер похож на «шпаргалочника»? Чем он расплачивается за «легкое решение»? В новом выпуске проекта «Профессионалы против мошенников» приняла участие Ольга Петрова, заместитель Министра науки и высшего образования РФ. В видеоролике героиня поднимает важную тему финансовой безопасности – профилактику дропперства среди молодежи. #ПрофессионалыПротивМошенников #СтопДроп #СтопДропРФ #НацбанкРТ",context,0,not_editorially_useful,
,needs_review,low,1,1,evt_d15497024b83ed0b9a506d09,2026-09-05T19:31:59Z,,,,False,territory,False,2026-09-03T06:33:00Z,False,False,https://zainsk-inform.ru/news/obschestvo/na-granty-raisa-rt-dlia-nko-napravili-163-mln-rublei-postupilo-485-zaiavok,200,media,,True,https://zainsk-inform.ru/news/obschestvo/na-granty-raisa-rt-dlia-nko-napravili-163-mln-rublei-postupilo-485-zaiavok,unknown,mo-92627000,На гранты Раиса РТ для НКО направили 163 млн рублей — поступило 485 заявок,context,50,not_editorially_useful,
Казань,ready,low,1,1,evt_e0c518fec1f192fddae57a2f,2026-09-05T19:31:56Z,55.7946485,,49.1115022,False,settlement,True,2026-09-03T06:32:00Z,False,False,https://bavly-tat.ru/news/obschestvo/mezdunarodnyi-salon-sredstv-obespeceniia-bezopasnosti-otkrylsia-v-kazani,200,media,,True,https://bavly-tat.ru/news/obschestvo/mezdunarodnyi-salon-sredstv-obespeceniia-bezopasnosti-otkrylsia-v-kazani,resolved,mo-92701000,Международный салон средств обеспечения безопасности открылся в Казани,useful,79,,
Казань,ready,low,1,1,evt_cba813cce86a5b87fbbec62d,2026-09-05T19:32:02Z,55.7946485,,49.1115022,False,settlement,True,2026-09-03T06:31:00Z,False,False,https://nizhnekamsk-rt.ru/news/obschestvo/v-kazani-vpervye-otkrylsia-mezdunarodnyi-salon-kompleksnaia-bezopasnost,200,media,,True,https://nizhnekamsk-rt.ru/news/obschestvo/v-kazani-vpervye-otkrylsia-mezdunarodnyi-salon-kompleksnaia-bezopasnost,resolved,mo-92701000,В Казани открылся международный салон «Комплексная безопасность»,useful,79,,
Казань,ready,low,2,2,evt_24216d84a101756a55a7f733,2026-09-05T19:32:05Z,55.7946485,,49.1115022,False,settlement,True,2026-09-03T06:30:00Z,False,False,https://tvchelny.ru/news/obshchestvo/v-kazani-vpervye-otkrylsia-mezdunarodnyi-salon-kompleksnaia-bezopasnost,200,media,,True,https://tvchelny.ru/news/obshchestvo/v-kazani-vpervye-otkrylsia-mezdunarodnyi-salon-kompleksnaia-bezopasnost,resolved,mo-92701000,В Казани впервые открылся международный салон «Комплексная безопасность»,useful,79,,
Казань,ready,low,2,2,evt_29784e1bea26e7f842a8c149,2026-09-05T19:31:57Z,55.7946485,,49.1115022,False,settlement,True,2026-09-03T06:30:00Z,False,False,https://buinsk-tat.ru/news/vchera-segodnya-zavtra/v-kazani-vpervye-otkrylsia-mezdunarodnyi-salon-kompleksnaia-bezopasnost,200,media,,True,https://buinsk-tat.ru/news/vchera-segodnya-zavtra/v-kazani-vpervye-otkrylsia-mezdunarodnyi-salon-kompleksnaia-bezopasnost,resolved,mo-92701000,В Казани впервые открылся международный салон «Комплексная безопасность»,useful,79,,
Казань,ready,low,1,1,evt_654ba9f66493e87f4ac30af1,2026-09-05T19:32:02Z,55.7946485,,49.1115022,False,settlement,True,2026-09-03T06:28:00Z,False,False,https://pestrecy-rt.ru/news/v-respublike/v-kazani-otkrylsia-salon-kompleksnaia-bezopasnost,200,media,,True,https://pestrecy-rt.ru/news/v-respublike/v-kazani-otkrylsia-salon-kompleksnaia-bezopasnost,resolved,mo-92701000,В Казани открылся салон «Комплексная безопасность»,useful,79,,
,needs_review,low,1,1,evt_109d52f1671c5a4abe530fd5,2026-09-05T19:31:59Z,,,,False,territory,False,2026-09-03T06:27:00Z,False,False,https://elabuga-rt.ru/news/novosti/nko-podali-485-zaiavok-na-grantovyi-konkurs-raisa-rt,200,media,,True,https://elabuga-rt.ru/news/novosti/nko-podali-485-zaiavok-na-grantovyi-konkurs-raisa-rt,planned,mo-92626000,НКО подали 485 заявок на грантовый конкурс Раиса РТ,context,0,not_editorially_useful,
,needs_review,low,1,1,evt_3aed9da32ac95d21c8f94c56,2026-09-05T19:32:04Z,,,,False,territory,False,2026-09-03T06:27:00Z,False,False,https://chelny-izvest.ru/news/top5/nko-tatarstana-mogut-polucit-granty-na-163-mln-rublei-po-21-napravleniiu,200,media,,True,https://chelny-izvest.ru/news/top5/nko-tatarstana-mogut-polucit-granty-na-163-mln-rublei-po-21-napravleniiu,unknown,mo-92730000,НКО Татарстана могут получить гранты на 163 млн рублей по 21 направлению,context,16,not_editorially_useful,
,needs_review,low,1,1,evt_cf3eb333b7fa647017e0deb0,2026-09-05T19:31:53Z,,,,False,territory,False,2026-09-03T06:26:01Z,False,False,https://t.me/chelny_news1/48550,200,media,,True,https://t.me/chelny_news1/48550,reported,mo-92627420,В аэропорту Бегишево сразу три кафе оштрафовали за просроченные продукты,context,36,not_editorially_useful,
,needs_review,medium,1,2,evt_9cea9989b2a8e14cfbd461a1,2026-09-05T20:25:40Z,,,,False,territory,False,2026-09-03T06:22:00Z,False,False,https://mamadysh-rt.ru/news/obshchestvo/163-mln-rublei-napravleny-na-granty-raisa-rt-dlia-nko,200,media,,True,https://mamadysh-rt.ru/news/obshchestvo/163-mln-rublei-napravleny-na-granty-raisa-rt-dlia-nko,unknown,mo-92638000,В Татарстане стартовал грантовый конкурс для НКО,context,16,not_editorially_useful,
,needs_review,low,1,1,evt_83c4e319afdfad302a1335a2,2026-09-05T19:32:05Z,,,,False,territory,False,2026-09-03T06:21:00Z,False,False,https://tvchelny.ru/news/obshchestvo/granty-raisa-rt-163-mln-rublei-na-razvitie-grazdanskogo-obshhestva,200,media,,True,https://tvchelny.ru/news/obshchestvo/granty-raisa-rt-163-mln-rublei-na-razvitie-grazdanskogo-obshhestva,unknown,mo-92730000,Гранты для инициатив: Татарстан направляет 163 млн рублей»,context,16,not_editorially_useful,
,needs_review,low,1,1,evt_8178ea797c32306d926abca9,2026-09-05T19:31:56Z,,,,False,territory,False,2026-09-03T06:20:00Z,False,False,https://bavly-tat.ru/news/obschestvo/nko-tatarstana-i-drugix-regionov-podali-485-zaiavok-na-granty-raisa-rt,200,media,,True,https://bavly-tat.ru/news/obschestvo/nko-tatarstana-i-drugix-regionov-podali-485-zaiavok-na-granty-raisa-rt,unknown,mo-92614000,НКО Татарстана и других регионов подали 485 заявок на гранты Раиса РТ,context,0,not_editorially_useful,
,needs_review,low,1,1,evt_bad057b03073ad8a6b2d41f5,2026-09-05T19:31:56Z,,,,False,territory,False,2026-09-03T06:20:00Z,False,False,https://almetievsk-ru.ru/news/goryachie-novosti/bugulmincev-nakazali-tremia-sutkami-aresta-za-neuplatu-strafov,200,media,,True,https://almetievsk-ru.ru/news/goryachie-novosti/bugulmincev-nakazali-tremia-sutkami-aresta-za-neuplatu-strafov,unknown,mo-92608000,Бугульминцев наказали тремя сутками ареста за неуплату штрафов,context,0,not_editorially_useful,
,needs_review,low,1,1,evt_b00bf673bd0c1382a19f9389,2026-09-05T19:31:57Z,,,,False,territory,False,2026-09-03T06:19:00Z,False,False,https://bugulma-tatarstan.ru/news/news/na-granty-raisa-rt-na-razvitie-grazdanskogo-obshhestva-napravleno-bolee-163-mln-rublei,200,media,,True,https://bugulma-tatarstan.ru/news/news/na-granty-raisa-rt-na-razvitie-grazdanskogo-obshhestva-napravleno-bolee-163-mln-rublei,unknown,mo-92617000,На гранты Раиса РТ на развитие гражданского общества направлено более 163 млн рублей,context,16,summary_too_short|not_editorially_useful,
,needs_review,low,1,1,evt_3dbf5a0d491965198ded4a21,2026-09-05T19:32:04Z,,,,False,territory,False,2026-09-03T06:18:00Z,False,False,https://chelny-izvest.ru/news/facts/v-aeroportu-begisevo-srazu-tri-kafe-ostrafovali-za-prosrocennye-produkty,200,media,,True,https://chelny-izvest.ru/news/facts/v-aeroportu-begisevo-srazu-tri-kafe-ostrafovali-za-prosrocennye-produkty,unknown,mo-92627420,В аэропорту Бегишево сразу три кафе оштрафовали за просроченные продукты,context,0,summary_too_short|not_editorially_useful,
,needs_review,medium,1,2,evt_b0f62d802e3e87673dd60ee9,2026-09-05T20:19:35Z,,,,False,territory,False,2026-09-03T06:17:56Z,False,False,https://t.me/uvt24/32635,200,media,,True,https://t.me/uvt24/32635,unknown,mo-92608000,"Жилинспекторы выявили 34 нарушения в доме на 8 Марта, 17",context,30,not_editorially_useful,
,needs_review,low,1,2,evt_adf55e4ab47ab75b10194a02,2026-09-04T20:35:36Z,,,,False,territory,False,2026-09-03T06:11:19Z,False,False,https://t.me/nurlatinform/82191,200,media,,True,https://t.me/nurlatinform/82191,unknown,mo-92646000,В сентябре. – 700 000₽ на 10 авто без пробега.,context,0,not_editorially_useful,
,needs_review,low,1,2,evt_aa697e4bc844ed3f2773c75b,2026-09-04T20:13:46Z,,,,False,territory,False,2026-09-03T06:06:51Z,False,False,https://t.me/novayakama/54772,200,media,,True,https://t.me/novayakama/54772,unknown,mo-92634000,"Доход до 1,4 млн ₽ в год. Апарт-отель ЙЕС Горки в Казани",context,36,not_editorially_useful,
,needs_review,low,1,1,evt_e9c6e0f77e198ce82f304ae5,2026-09-05T19:32:05Z,,,,False,territory,False,2026-09-03T06:06:00Z,False,False,https://tvchelny.ru/news/obshchestvo/nepogoda-v-tatarstane-3-sentiabria-tuman-groza-i-skvalistyi-veter,200,media,,True,https://tvchelny.ru/news/obshchestvo/nepogoda-v-tatarstane-3-sentiabria-tuman-groza-i-skvalistyi-veter,reported,mo-92730000,"Непогода в Татарстане 3 сентября: туман, гроза и шквалистый ветер",context,0,not_editorially_useful,
,needs_review,low,1,1,evt_625994c019866ab886d81364,2026-09-05T19:31:43Z,,,,False,territory,False,2026-09-03T06:03:21Z,False,False,https://t.me/agr_vesti/55710,200,media,,True,https://t.me/agr_vesti/55710,reported,mo-92601000,Торжественную линейку открыла директор школы Надежда Тимирашева.,context,36,not_editorially_useful,
,needs_review,low,1,2,evt_2ce2abe638a1c79c06631add,2026-09-04T20:24:18Z,,,,False,territory,False,2026-09-03T06:02:13Z,False,False,https://t.me/smi_menzela/28777,200,media,,True,https://t.me/smi_menzela/28777,reported,mo-92640000,Скидки до 20% на все квартиры в Московском от GloraX!,context,36,not_editorially_useful,
,needs_review,low,1,1,evt_ef1944a805fdce9339d64298,2026-09-05T19:31:50Z,,,,False,territory,False,2026-09-03T05:58:04Z,False,False,https://t.me/shesmauk/35770,200,media,,True,https://t.me/shesmauk/35770,reported,mo-92645000,В новом статусе - к новым достижениям,context,36,not_editorially_useful,
,ready,medium,1,1,evt_1425e1038915658f1ffce164,2026-09-05T20:26:51Z,,,,False,territory,True,2026-09-03T05:50:02Z,False,False,https://t.me/chelny_news1/48546,200,media,,True,https://t.me/chelny_news1/48546,reported,mo-92730000,В Набережных Челнах на начало сентября размещено более 60 вакансий для учителей,useful,70,,
,needs_review,low,1,1,evt_b61d4eed2059d31ea2925810,2026-09-05T19:31:46Z,,,,False,territory,False,2026-09-03T05:48:36Z,False,False,https://t.me/bugulgazeta/58274,200,media,,True,https://t.me/bugulgazeta/58274,reported,mo-92617000,Чем дроппер похож на «шпаргалочника»? Чем он расплачивается за «легкое решение»?,context,0,not_editorially_useful,
,needs_review,low,1,1,evt_86cf8c3822b86b3324a37a70,2026-09-05T19:31:46Z,,,,False,territory,False,2026-09-03T05:46:26Z,False,False,https://t.me/bugulgazeta/58273,200,media,,True,https://t.me/bugulgazeta/58273,reported,mo-92617000,В связи с ремонтными работами на котельной 53 кв.,context,36,not_editorially_useful,
,needs_review,low,1,1,evt_ed0f7e30f02e767e33ea26ad,2026-09-05T19:31:46Z,,,,False,territory,False,2026-09-03T05:40:11Z,False,False,https://t.me/bugulgazeta/58272,200,media,,True,https://t.me/bugulgazeta/58272,planned,mo-92606475,"На эти средства планируется отремонтировать дороги и освещение, благоустроить родники и общественные территории, привести в порядок памятники и кладбища.",context,67,not_editorially_useful,
,needs_review,low,1,1,evt_fec35c4a5c86d708e2c6638c,2026-09-05T19:31:59Z,,,,False,territory,False,2026-09-03T05:40:00Z,False,False,https://zpravda.ru/news/novosti/v-tatarstane-straxovateli-mogut-vdvoe-umensit-straf-za-naruseniia-pri-sdace-otcetnosti,200,media,,True,https://zpravda.ru/news/novosti/v-tatarstane-straxovateli-mogut-vdvoe-umensit-straf-za-naruseniia-pri-sdace-otcetnosti,unknown,mo-92628000,В Татарстане страхователи могут вдвое уменьшить штраф за нарушения при сдаче отчетности,context,0,not_editorially_useful,
,needs_review,low,1,1,evt_efc4697e6b36e383b78dbc31,2026-09-05T19:31:46Z,,,,False,territory,False,2026-09-03T05:35:28Z,False,False,https://t.me/vgora_vesti/45658,200,media,,True,https://t.me/vgora_vesti/45658,resolved,mo-92622000,В двух сельских школах — в Усадах и Куркачах — День знаний стал двойным праздником: учебный год начался в зданиях после капитального ремонта.,context,36,not_editorially_useful,
,needs_review,low,1,2,evt_37bb6388a4a93a326658501a,2026-09-04T20:35:37Z,,,,False,territory,False,2026-09-03T05:33:49Z,False,False,https://t.me/pestresy/48354,200,media,,True,https://t.me/pestresy/48354,unknown,mo-92648000,"Доход до 1,4 млн ₽ в год. Апарт-отель ЙЕС Горки в Казани",context,36,not_editorially_useful,
,needs_review,medium,1,3,evt_872cfd9a3ad4dd29dcd9f3bc,2026-09-05T20:26:51Z,,,,False,territory,False,2026-09-03T05:22:52Z,False,False,https://t.me/atannary/29050,200,media,,True,https://t.me/atannary/29050,reported,mo-92608101,Пожар в частном доме в Альметьевском районе,context,30,not_editorially_useful,
,needs_review,low,1,1,evt_dbb50027f00816cef9f217a8,2026-09-05T19:31:50Z,,,,False,territory,False,2026-09-03T05:16:04Z,False,False,https://t.me/smi_menzela/28774,200,media,,True,https://t.me/smi_menzela/28774,reported,mo-92640000,"3 сентября отмечают День открытия уникальности ДНК — праздник, который напоминает, насколько удивителен и неповторим каждый из нас.",context,16,not_editorially_useful,
,needs_review,medium,1,2,evt_988acd0a387d09ae3e517216,2026-09-05T20:26:51Z,,,,False,territory,False,2026-09-03T05:00:00Z,False,False,https://tulachi.ru/news/v-respublike/tatarstanga-iasenle-bozly-iangyr-iakynlasa,200,media,,True,https://tulachi.ru/news/v-respublike/tatarstanga-iasenle-bozly-iangyr-iakynlasa,reported,mo-92656000,"В Татарстане ожидаются гроза, град и усиление ветра",context,0,not_editorially_useful,
,needs_review,low,1,2,evt_9e0b632aa234a3a704419177,2026-09-04T20:13:16Z,,,,False,territory,False,2026-09-03T04:37:44Z,False,False,https://t.me/volzhskie/36055,200,media,,True,https://t.me/volzhskie/36055,unknown,mo-92630000,В сентябре. – 700 000₽ на 10 авто без пробега.,context,0,not_editorially_useful,
,needs_review,medium,1,1,evt_7b9c5974792bcae4be71d704,2026-09-05T20:27:48Z,,,,False,territory,False,2026-09-03T04:12:10Z,False,False,https://t.me/ntr24ru/45174,200,media,,True,https://t.me/ntr24ru/45174,reported,,Из-за ремонта на участке между ул. Корабельная и ул. Студенческая изменят два автобусных маршрута,context,30,not_editorially_useful,
,needs_review,low,1,2,evt_4b5913158033c7a0af7e94fd,2026-09-04T20:11:46Z,,,,False,territory,False,2026-09-03T04:09:38Z,False,False,https://t.me/bugulgazeta/58266,200,media,,True,https://t.me/bugulgazeta/58266,reported,mo-92617000,"Экосити от GloraX. Квартиры от 5,6 млн ₽",context,16,not_editorially_useful,
,needs_review,low,1,2,evt_d9ea3cae31a570c609a572e1,2026-09-04T20:13:16Z,,,,False,territory,False,2026-09-03T03:19:56Z,False,False,https://t.me/kukmor_tatarstan/56102,200,media,,True,https://t.me/kukmor_tatarstan/56102,reported,mo-92633000,"Экосити от GloraX. Квартиры от 5,6 млн ₽",context,16,not_editorially_useful,
,needs_review,low,2,2,evt_62b41e4b6d740fe9aba8c72a,2026-09-05T19:31:59Z,,,,False,territory,False,2026-09-03T03:13:00Z,False,False,https://kaibicy.ru/news/prognoz-pogody/v-tatarstane-v-cetverg-ozidaetsia-groza-i-do-28-gradusov,200,media,,True,https://kaibicy.ru/news/prognoz-pogody/v-tatarstane-v-cetverg-ozidaetsia-groza-i-do-28-gradusov,planned,mo-92629000,В Татарстане в четверг ожидается гроза и до +28 градусов,context,0,not_editorially_useful,
,needs_review,medium,1,2,evt_902f4934eef317bad8cb3c4a,2026-09-05T20:26:51Z,,,,False,territory,False,2026-09-03T03:08:05Z,False,False,https://t.me/bugulgazeta/58262,200,media,,True,https://t.me/bugulgazeta/58262,reported,mo-92617000,Плановое отключение холодного водоснабжения 3 сентября,context,67,not_editorially_useful,
,needs_review,low,1,2,evt_9769ba9c9f21147c2cea5059,2026-09-04T20:13:16Z,,,,False,territory,False,2026-09-03T02:10:07Z,False,False,https://t.me/yasheluzan/54018,200,media,,True,https://t.me/yasheluzan/54018,reported,mo-92628000,Больше победителей — больше возможностей,noise,24,not_editorially_useful,
,ready,low,1,2,evt_741ac28bb2b1baceebb49939,2026-09-04T20:13:47Z,,,,False,territory,True,2026-09-03T01:00:49Z,False,False,https://t.me/novosti_mamadysha/63835,200,media,,True,https://t.me/novosti_mamadysha/63835,unknown,mo-92638000,Элитный квартал-курорт на берегу Волги в Казани,useful,62,,
,needs_review,high,0,1,evt_legacy_561d65e143f99aa88af1aba8,2026-09-04T15:47:33Z,,public-582d2572256548ee,,False,territory,False,2026-09-03T00:00:00Z,True,False,https://media.kpfu.ru/news/gazprom-neft-i-kfu-razvivayut-tekhnologii-povysheniya-nefteotdachi,200,official,,True,https://media.kpfu.ru/news/gazprom-neft-i-kfu-razvivayut-tekhnologii-povysheniya-nefteotdachi,unknown,RU-TA,«Газпром нефть» и КФУ развивают технологии повышения нефтеотдачи,context,0,missing_primary_evidence|not_editorially_useful,
,needs_review,high,0,1,evt_legacy_7531f4f12cf222db5f8988a0,2026-09-04T15:47:33Z,,public-4ea22fc4b6516357,,False,territory,False,2026-09-03T00:00:00Z,True,False,https://media.kpfu.ru/news/studenty-kazanskogo-universiteta-stali-laureatami-stipendii-prezidenta-rf,200,official,,True,https://media.kpfu.ru/news/studenty-kazanskogo-universiteta-stali-laureatami-stipendii-prezidenta-rf,unknown,RU-TA,Студенты Казанского университета стали лауреатами стипендии Президента РФ,context,0,missing_primary_evidence|not_editorially_useful,
,needs_review,high,0,1,evt_legacy_a0870477c3dec20a5080c01a,2026-09-04T15:47:31Z,,public-d72bfaceaecb0d11,,False,territory,False,2026-09-03T00:00:00Z,True,False,https://media.innopolis.university/news/scholarships-from-it-companies-2026/,200,official,,True,https://innopolis.university/news/scholarships-from-it-companies-2026/,unknown,mo-92620109,42 студента Университета Иннополис получили стипендии от ИТ-компаний,context,16,missing_primary_evidence|not_editorially_useful,
,needs_review,high,0,1,evt_legacy_ae6ec175cd0ec1f132927a9a,2026-09-04T15:47:33Z,,public-6955684fc869e5b2,,False,territory,False,2026-09-03T00:00:00Z,True,False,https://media.kpfu.ru/news/sblizhenie-luny-s-marsom-astronom-kfu-rasskazal-o-kosmicheskom-sobytii,200,official,,True,https://media.kpfu.ru/news/sblizhenie-luny-s-marsom-astronom-kfu-rasskazal-o-kosmicheskom-sobytii,unknown,RU-TA,«Сближение Луны с Марсом»: астроном КФУ рассказал о небесном явлении,context,0,missing_primary_evidence|not_editorially_useful,
,needs_review,high,0,1,evt_legacy_cb7ac6b26bc8d4f6becdbe49,2026-09-04T15:47:33Z,,public-086b1be259b140b2,,False,territory,False,2026-09-03T00:00:00Z,True,False,https://media.kpfu.ru/news/svecha-pamyati-i-skorbi,200,official,,True,https://media.kpfu.ru/news/svecha-pamyati-i-skorbi,unknown,RU-TA,В КФУ зажгли свечи в День солидарности в борьбе с терроризмом,noise,20,missing_primary_evidence|not_editorially_useful,
,needs_review,medium,1,1,evt_5d19b65115d0464f744188c1,2026-09-05T20:27:48Z,,,,False,territory,False,2026-09-02T21:00:00Z,False,False,https://media.kpfu.ru/news/gazprom-neft-i-kfu-razvivayut-tekhnologii-povysheniya-nefteotdachi,200,media,,True,http://media.kpfu.ru/news/gazprom-neft-i-kfu-razvivayut-tekhnologii-povysheniya-nefteotdachi,reported,mo-92701000,"«Газпром нефть», КФУ и НГУ договорились о совместной разработке технологий ГРП",context,36,not_editorially_useful,
,needs_review,medium,1,2,evt_e3e555c789762567a709da70,2026-09-05T20:27:48Z,,,,False,territory,False,2026-09-02T21:00:00Z,False,False,https://media.kpfu.ru/news/studenty-kazanskogo-universiteta-stali-laureatami-stipendii-prezidenta-rf,200,media,,True,http://media.kpfu.ru/news/studenty-kazanskogo-universiteta-stali-laureatami-stipendii-prezidenta-rf,reported,mo-92701000,Студенты Казанского университета стали лауреатами стипендии Президента РФ,context,0,not_editorially_useful,
"проспект Победы, 15 к1",ready,low,1,1,evt_f0d3be78c5ab9efde0508f06,2026-09-05T19:31:42Z,55.7462996,,49.19836474928797,True,building,True,2026-09-02T21:00:00Z,False,True,,,utility,URLError,False,https://www.kznvodokanal.ru/accident#water-05d800a345d67118686a02df,in_progress,mo-92632462,"Отключение водоснабжения: Приволжский, пр-кт ПОБЕДЫ, 15 к1",useful,97,,source_unreachable_at_audit
,needs_review,low,1,1,evt_8742a9e2e34b45026213fa7c,2026-09-05T19:31:45Z,,,,False,territory,False,2026-09-02T18:02:01Z,False,False,https://t.me/BavlyinformNEWS/44383,200,media,,True,https://t.me/BavlyinformNEWS/44383,planned,mo-92614000,В Татарстане расширили квоту для трудоустройства участников СВО,context,59,not_editorially_useful|open_state_text_looks_finished,
,needs_review,low,1,1,evt_0a5b2a31a2d6ec43c3e4355a,2026-09-05T19:31:51Z,,,,False,territory,False,2026-09-02T17:57:10Z,False,False,https://t.me/rusloboda/35271,200,media,,True,https://t.me/rusloboda/35271,reported,mo-92650000,"МЧС предупредило татарстанцев о тумане, грозе и сильном ветре",context,0,not_editorially_useful,
,needs_review,low,1,1,evt_8e6f12deabe186a2582fe36e,2026-09-05T19:31:48Z,,,,False,territory,False,2026-09-02T17:48:08Z,False,False,https://t.me/novosti_mamadysha/63833,200,media,,True,https://t.me/novosti_mamadysha/63833,reported,mo-92638000,"МЧС предупредило татарстанцев о тумане, грозе и сильном ветре",context,0,not_editorially_useful,
,needs_review,low,1,1,evt_4e2c6668e87e04fdf24e4f1c,2026-09-05T19:31:51Z,,,,False,territory,False,2026-09-02T17:37:27Z,False,False,https://t.me/yakti_ul/31276,200,media,,True,https://t.me/yakti_ul/31276,reported,mo-92657000,"Чем дроппер похож на «шпаргалочника»? Чем он расплачивается за «легкое решение»? В новом выпуске проекта «Профессионалы против мошенников» приняла участие Ольга Петрова, заместитель Министра науки и высшего образования РФ. В видеоролике героиня поднимает важную тему финансовой безопасности – профилактику дропперства среди молодежи. #ПрофессионалыПротивМошенников #СтопДроп #СтопДропРФ #НацбанкРТ",context,0,not_editorially_useful,
,needs_review,low,1,1,evt_e20c82e7d592898ab112feb7,2026-09-05T19:31:49Z,,,,False,territory,False,2026-09-02T17:29:10Z,False,False,https://t.me/mndnews/80725,200,media,,True,https://t.me/mndnews/80725,reported,mo-92639000,"Пусть уже второй день сентября, но праздник первого звонка мы запомним надолго. Сегодня делимся кадрами с торжественной линейки в Химико-технологическом лицее №3 «Потомки Менделеева».",context,36,not_editorially_useful,
,needs_review,low,1,1,evt_65a60f5658d9eae4e332be27,2026-09-05T19:31:47Z,,,,False,territory,False,2026-09-02T17:25:44Z,False,False,https://t.me/ElabugaNK/46214,200,media,,True,https://t.me/ElabugaNK/46214,reported,,За долги могут временно запретить садиться за руль,context,0,not_editorially_useful,
,needs_review,low,1,1,evt_5ff5ea73de95bb09f1a72c70,2026-09-05T19:31:43Z,,,,False,territory,False,2026-09-02T17:04:37Z,False,False,https://t.me/agr_vesti/55708,200,media,,True,https://t.me/agr_vesti/55708,reported,mo-92601000,"Чем дроппер похож на «шпаргалочника»? Чем он расплачивается за «легкое решение»? В новом выпуске проекта «Профессионалы против мошенников» приняла участие Ольга Петрова, заместитель Министра науки и высшего образования РФ. В видеоролике героиня поднимает важную тему финансовой безопасности – профилактику дропперства среди молодежи. #ПрофессионалыПротивМошенников #СтопДроп #СтопДропРФ #НацбанкРТ",context,0,not_editorially_useful,
,needs_review,medium,1,2,evt_5f49457daa5ef9f1e5879352,2026-09-05T20:27:48Z,,,,False,territory,False,2026-09-02T17:02:01Z,False,False,https://t.me/pestresy/48353,200,media,,True,https://t.me/pestresy/48353,reported,mo-92648000,На АЗС разрешили продажу топлива низких классов и обязали маркировку,context,36,not_editorially_useful,
,needs_review,low,1,1,evt_2dbca769af717e4d0a9645f3,2026-09-05T19:31:46Z,,,,False,territory,False,2026-09-02T16:45:13Z,False,False,https://t.me/drozzanoe90/20742,200,media,,True,https://t.me/drozzanoe90/20742,reported,mo-92624000,"В Татарстане стартовал приём заявок на конкурс «Школьный экопатруль». Проекту — уже 12 лет, за это время участники помогли ликвидировать более 51 тысячи свалок!",context,50,not_editorially_useful,
,needs_review,low,1,1,evt_324c133111d4069e8a9fd2d5,2026-09-05T19:31:49Z,,,,False,territory,False,2026-09-02T16:35:01Z,False,False,https://t.me/ntr24ru/45169,200,media,,True,https://t.me/ntr24ru/45169,reported,mo-92644101,"Действуют зацеперы быстро: сначала вставляют дощечку в сцепное устройство и, опираясь на неё, закрепляются уже на задней площадке.",context,0,not_editorially_useful,
,ready,low,1,1,evt_92c9e4e3351b90313b06736a,2026-09-05T19:31:48Z,,,,False,territory,True,2026-09-02T16:33:08Z,False,False,https://t.me/novosti_mamadysha/63832,200,media,,True,https://t.me/novosti_mamadysha/63832,resolved,mo-92638000,Так что вопрос с названием родника пока открыт.,useful,79,,
,ready,low,1,1,evt_e57282299bf18595c6ebe0b7,2026-09-05T19:31:49Z,,,,False,territory,True,2026-09-02T15:55:43Z,False,False,https://t.me/ntr24ru/45168,200,media,,True,https://t.me/ntr24ru/45168,unknown,,Жилец дома № 43 на проспекте Шинников угрожал перерезать газовый шланг и устроить взрыв. Прибывшие на место специалисты газовой службы перекрыли подачу газа в опасную квартиру и установили заглушку.,useful,89,,
Ивановка,needs_review,medium,1,2,evt_58c2845b240de6ff70990758,2026-09-05T20:28:19Z,54.5055879,,52.4388623,False,settlement,False,2026-09-02T15:46:17Z,False,False,https://t.me/zamansulyshy/17354,200,media,,True,https://t.me/zamansulyshy/17354,reported,mo-92636415,Ивановка авылында чүп контейнерлары урнаштырылган,context,20,not_editorially_useful,
,needs_review,low,1,1,evt_12032f760d1563cdf5de6409,2026-09-05T19:31:57Z,,,,False,territory,False,2026-09-02T15:38:00Z,False,False,https://bugulma-tatarstan.ru/news/news/s-1-sentiabria-izmenilsia-poriadok-strafov-za-ezdu-bez-osago,200,media,,True,https://bugulma-tatarstan.ru/news/news/s-1-sentiabria-izmenilsia-poriadok-strafov-za-ezdu-bez-osago,unknown,mo-92617000,С 1 сентября изменился порядок штрафов за езду без ОСАГО,context,0,not_editorially_useful,
,needs_review,low,1,1,evt_7f9a63c18e33a2393967e65b,2026-09-05T19:31:51Z,,,,False,territory,False,2026-09-02T15:35:07Z,False,False,https://t.me/rusloboda/35270,200,media,,True,https://t.me/rusloboda/35270,reported,mo-92650000,Сейчас проводится расследование обстоятельств этого трагического инцидента.,context,16,not_editorially_useful,
,needs_review,low,1,1,evt_1acc2f93c2e2e2d40f6fe6d6,2026-09-05T19:31:49Z,,,,False,territory,False,2026-09-02T15:35:02Z,False,False,https://t.me/ntr24ru/45167,200,media,,True,https://t.me/ntr24ru/45167,resolved,mo-92644101,В этом году здесь провели капитальный ремонт.,context,36,not_editorially_useful,
,needs_review,low,1,1,evt_538b1a10525556de79ee4221,2026-09-05T19:31:48Z,,,,False,territory,False,2026-09-02T15:33:36Z,False,False,https://t.me/novosti_mamadysha/63829,200,media,,True,https://t.me/novosti_mamadysha/63829,reported,mo-92638000,"Чем дроппер похож на «шпаргалочника»? Чем он расплачивается за «легкое решение»? В новом выпуске проекта «Профессионалы против мошенников» приняла участие Ольга Петрова, заместитель Министра науки и высшего образования РФ.",context,0,not_editorially_useful,
,needs_review,low,1,1,evt_8adfb2badf4e98b4203998b4,2026-09-05T19:31:46Z,,,,False,territory,False,2026-09-02T15:31:13Z,False,False,https://t.me/vgora_vesti/45639,200,media,,True,https://t.me/vgora_vesti/45639,reported,mo-92622000,В Высокогорском районе завершается проведение собраний граждан во всех сельских поселениях.,context,20,not_editorially_useful,
,needs_review,low,1,1,evt_3c72e65b621a94024dc9855d,2026-09-05T19:31:48Z,,,,False,territory,False,2026-09-02T15:20:10Z,False,False,https://t.me/kukmor_tatarstan/56089,200,media,,True,https://t.me/kukmor_tatarstan/56089,unknown,mo-92633000,"В наших карточках рассказываем, чем опасны стройки и заброшенные здания и почему не стоит рисковать ради любопытства.",context,0,not_editorially_useful,
,ready,low,1,1,evt_de287361708bfbf442fe7f6f,2026-09-05T19:31:50Z,,,,False,territory,True,2026-09-02T15:01:55Z,False,False,https://t.me/nurlatinform/82174,200,media,,True,https://t.me/nurlatinform/82174,resolved,mo-92646101,Память на века: в Нурлате открыли мемориальную доску Алмазу Ахметшину,useful,87,,
,needs_review,low,1,1,evt_9d423bce159d483ff9933408,2026-09-05T19:31:43Z,,,,False,territory,False,2026-09-02T15:01:35Z,False,False,https://t.me/agr_vesti/55699,200,media,,True,https://t.me/agr_vesti/55699,unknown,mo-92601000,Триумфальное открытие гимназии № 1 имени Асафа Абдрахманова!,context,0,not_editorially_useful,
,needs_review,low,1,1,evt_a1ad93fa041f1839b3567c1a,2026-09-05T19:31:52Z,,,,False,territory,False,2026-09-02T15:00:28Z,False,False,https://t.me/chistopol_news/41927,200,media,,True,https://t.me/chistopol_news/41927,reported,mo-92659000,Мотоциклист погиб в ДТП с трактором в Актанышском районе Татарстана,context,46,not_editorially_useful,
Инеш,ready,low,1,1,evt_d53ff8aa66c37921799415f0,2026-09-05T19:31:58Z,55.8896538,,49.3608339,False,settlement,True,2026-09-02T15:00:00Z,False,False,https://biektaw.ru/news/v-selskih-poseleniyah/v-poselke-ines-iz-za-avarii-vremenno-otkliucat-xolodnuiu-vodu,200,media,,True,https://biektaw.ru/news/v-selskih-poseleniyah/v-poselke-ines-iz-za-avarii-vremenno-otkliucat-xolodnuiu-vodu,paused,mo-92622427,В посёлке Инеш из-за аварии временно отключат холодную воду,useful,87,,
,ready,low,1,1,evt_39f288904f595b4db11173bb,2026-09-05T19:31:53Z,,,,False,territory,True,2026-09-02T14:56:33Z,False,False,https://t.me/chelnytv/46119,200,media,,True,https://t.me/chelnytv/46119,reported,mo-92730000,Долгожданное событие в мире культуры👏,useful,70,,
,ready,medium,1,1,evt_f6414e3fee5ca4f39e9218dd,2026-09-05T20:28:19Z,,,,False,territory,True,2026-09-02T14:48:45Z,False,False,https://t.me/buinsknews/47135,200,media,,True,https://t.me/buinsknews/47135,reported,mo-92618101,В Буинске начали изготовление маскировочных халатов для военнослужащих,useful,79,,
Новый,ready,low,1,1,evt_f5f2276a533316fa92a86250,2026-09-05T19:31:51Z,55.7050504,,52.6557514,False,settlement,True,2026-09-02T14:47:07Z,False,False,https://t.me/yakti_ul/31273,200,media,,True,https://t.me/yakti_ul/31273,reported,mo-92657405,Из строительного вагончика — в школу будущего: в посёлке Новый капремонт объединил поколения,useful,70,,
,needs_review,low,1,1,evt_6b9ceacb975e2b272dcb3617,2026-09-05T19:31:51Z,,,,False,territory,False,2026-09-02T14:43:20Z,False,False,https://t.me/yakti_ul/31270,200,media,,True,https://t.me/yakti_ul/31270,reported,mo-92657000,"Из-за коротких замыканий и нарушений при строительстве печей люди потеряли недвижимость и автомобили, которые к тому же не были застрахованы.",context,50,not_editorially_useful,
,needs_review,low,1,1,evt_546d1fab631e85ee41233600,2026-09-05T19:31:44Z,,,,False,territory,False,2026-09-02T14:34:47Z,False,False,https://t.me/uvt24/32627,200,media,,True,https://t.me/uvt24/32627,unknown,mo-92608000,В России ограничили частоту штрафов за езду без ОСАГО,context,16,not_editorially_useful,
,needs_review,medium,1,2,evt_68817cce2dcb32ef6c8be985,2026-09-05T20:29:09Z,,,,False,territory,False,2026-09-02T14:12:18Z,False,False,https://t.me/atannary/29044,200,media,,True,https://t.me/atannary/29044,reported,mo-92608000,В Әлмәте директора ЖЭУ-7 оштрафовали за грязные подъезды,context,30,not_editorially_useful,
,needs_review,medium,1,3,evt_b991cac3757019943bea7d83,2026-09-05T20:29:09Z,,,,False,territory,False,2026-09-02T14:05:14Z,False,False,https://t.me/BavlyinformNEWS/44379,200,media,,True,https://t.me/BavlyinformNEWS/44379,unknown,mo-92614000,В Татарстане начались рейды по нелегальной миграции,context,42,not_editorially_useful,
,needs_review,low,1,1,evt_db709bd8bb6c7645416b678b,2026-09-05T19:32:02Z,,,,False,territory,False,2026-09-02T14:04:00Z,False,False,https://nurlat-tat.ru/news/zdorove/vraci-nazvali-opasnost-geroiskogo-nedosypa-u-liudei-starse-60-let,200,media,,True,https://nurlat-tat.ru/news/zdorove/vraci-nazvali-opasnost-geroiskogo-nedosypa-u-liudei-starse-60-let,unknown,mo-92646000,Врачи назвали опасность «геройского» недосыпа у людей старше 60 лет,context,0,not_editorially_useful,
,ready,medium,1,1,evt_348cef23f51af48a4d3c0f6f,2026-09-05T20:28:19Z,,,,False,territory,True,2026-09-02T14:03:04Z,False,False,https://t.me/novosti_mamadysha/63821,200,media,,True,https://t.me/novosti_mamadysha/63821,reported,mo-92638000,В Мамадыше начали готовить логистов,useful,70,,
,needs_review,low,1,1,evt_3ffe2c6a6d7cadc5c117f019,2026-09-05T19:31:43Z,,,,False,territory,False,2026-09-02T14:00:57Z,False,False,https://t.me/agr_vesti/55698,200,media,,True,https://t.me/agr_vesti/55698,reported,mo-92601000,Синоптики прогнозируют ухудшение погодных условий,context,16,not_editorially_useful,
,needs_review,low,1,1,evt_6d3f7fdb3463752925a214ec,2026-09-05T19:32:04Z,,,,False,territory,False,2026-09-02T14:00:00Z,False,False,https://chelny-izvest.ru/news/utility/krovlia-tecet-musor-vo-dvore-upravliaiushhuiu-kompaniiu-v-celnax-ostrafovali-na-210-tysiac,200,media,,True,https://chelny-izvest.ru/news/utility/krovlia-tecet-musor-vo-dvore-upravliaiushhuiu-kompaniiu-v-celnax-ostrafovali-na-210-tysiac,reported,mo-92730000,"Кровля течёт, мусор во дворе: управляющую компанию в Челнах оштрафовали на 210 тысяч",context,20,not_editorially_useful,
,needs_review,medium,1,1,evt_fd26ed129ff29fc19d0b69a3,2026-09-05T20:29:09Z,,,,False,territory,False,2026-09-02T13:59:00Z,False,False,https://sarman-rt.ru/news/iminlek/osagosyz-masina-iortucelarga-straf-salu-tartibe-uzgarde,200,media,,True,https://sarman-rt.ru/news/iminlek/osagosyz-masina-iortucelarga-straf-salu-tartibe-uzgarde,reported,mo-92653000,С 1 сентября в России изменился порядок привлечения к ответственности водителей без полиса ОСАГО,context,0,not_editorially_useful,
,needs_review,low,1,1,evt_0a97c2f1314d9cbd3e036e80,2026-09-05T19:32:07Z,,,,False,territory,False,2026-09-02T13:53:01Z,False,False,https://t.me/avianovsav/6312,200,official,,True,https://t.me/avianovsav/6312,resolved,mo-92701000,"Теперь здесь открыта экспозиция с интерактивными зонами, где можно попробовать себя в качестве пилота, проверить вестибулярный аппарат и узнать, как создаются с",context,59,not_editorially_useful,
,needs_review,medium,1,2,evt_7748b668858dd5ec1890ee8f,2026-09-05T20:29:09Z,,,,False,territory,False,2026-09-02T13:49:00Z,False,False,https://tetyushy.ru/news/obshchestvo/v-tatarstane-ozidaiutsia-tuman-groza-veter-do-20-ms-i-grad,200,media,,True,https://tetyushy.ru/news/obshchestvo/v-tatarstane-ozidaiutsia-tuman-groza-veter-do-20-ms-i-grad,reported,mo-92655000,"В Татарстане ожидаются туман, гроза, ветер до 20 м/с и град",context,0,not_editorially_useful,
,needs_review,low,1,1,evt_5911c6eb7f1ee6fea79a0bb9,2026-09-05T19:31:59Z,,,,False,territory,False,2026-09-02T13:42:00Z,False,False,https://elabuga-rt.ru/news/novosti/ucenye-tatarstana-smogut-polucit-po-500-tys-rublei-za-lucsie-naucnye-raboty,200,media,,True,https://elabuga-rt.ru/news/novosti/ucenye-tatarstana-smogut-polucit-po-500-tys-rublei-za-lucsie-naucnye-raboty,unknown,mo-92626000,Академия наук РТ открыла прием заявок на четыре именные премии.,context,50,not_editorially_useful,
,needs_review,low,1,1,evt_fa1f43fa7d303aafba8403b8,2026-09-05T19:32:05Z,,,,False,territory,False,2026-09-02T13:40:00Z,False,False,https://yutazy.ru/news/ekonomika/banki-aktivizirovali-kreditovanie-msb-na-fone-smiagceniia-denezno-kreditnoi-politiki,200,media,,True,https://yutazy.ru/news/ekonomika/banki-aktivizirovali-kreditovanie-msb-na-fone-smiagceniia-denezno-kreditnoi-politiki,unknown,mo-92654000,Банки активизировали кредитование МСБ на фоне смягчения денежно-кредитной политики,context,0,not_editorially_useful,
,needs_review,low,1,1,evt_5ca671666479ab853660931e,2026-09-05T19:32:04Z,,,,False,territory,False,2026-09-02T13:29:00Z,False,False,https://chelny-izvest.ru/news/facts/sgovor-pri-zamene-liftov-v-tatarstane-oboselsia-kompaniiam-v-17-mln-rublei,200,media,,True,https://chelny-izvest.ru/news/facts/sgovor-pri-zamene-liftov-v-tatarstane-oboselsia-kompaniiam-v-17-mln-rublei,unknown,mo-92730000,Сговор при замене лифтов в Татарстане обошёлся компаниям в 17 млн рублей,context,16,summary_too_short|not_editorially_useful,
,needs_review,low,1,1,evt_18727eb3d0b1aace844c13ec,2026-09-05T19:31:47Z,,,,False,territory,False,2026-09-02T13:27:01Z,False,False,https://t.me/ElabugaNK/46202,200,media,,True,https://t.me/ElabugaNK/46202,planned,,Права и СТС можно будет показать через МАКС,context,0,not_editorially_useful,
Набережные Челны,needs_review,low,1,1,evt_e452d8b0704d24db794a36cf,2026-09-05T19:31:59Z,55.7419774,,52.399207,False,settlement,False,2026-09-02T13:25:00Z,False,False,https://elabuga-rt.ru/news/novosti/v-nabereznyx-celnax-veteranov-svo-i-ix-semi-obucat-zapusku-sobstvennogo-biznesa,200,media,,True,https://elabuga-rt.ru/news/novosti/v-nabereznyx-celnax-veteranov-svo-i-ix-semi-obucat-zapusku-sobstvennogo-biznesa,unknown,mo-92730000,В Набережных Челнах ветеранов СВО и их семьи обучат запуску собственного бизнеса,context,20,not_editorially_useful,
,needs_review,low,1,1,evt_d08ccbfe9d41521d9da773d8,2026-09-05T19:31:50Z,,,,False,territory,False,2026-09-02T13:24:43Z,False,False,https://t.me/nurlatinform/82156,200,media,,True,https://t.me/nurlatinform/82156,unknown,mo-92646000,Сон после 60: как не навредить себе,context,0,not_editorially_useful,
,needs_review,low,1,1,evt_9d4e826769cef300c54b2f50,2026-09-05T19:31:57Z,,,,False,territory,False,2026-09-02T13:23:00Z,False,False,https://bugulma-tatarstan.ru/news/news/veterany-svo-i-ix-blizkie-mogut-proiti-obucenie-po-programme-svoi-biznes-v-tatarstane,200,media,,True,https://bugulma-tatarstan.ru/news/news/veterany-svo-i-ix-blizkie-mogut-proiti-obucenie-po-programme-svoi-biznes-v-tatarstane,resolved,mo-92617000,Ветераны СВО и их близкие могут пройти обучение по программе «СВОй бизнес» в Татарстане,context,59,summary_too_short|not_editorially_useful,
,needs_review,low,1,1,evt_a6f5f5f545bb846a9f81d17f,2026-09-05T19:31:56Z,,,,False,territory,False,2026-09-02T13:23:00Z,False,False,https://almetievsk-ru.ru/news/goryachie-novosti/v-rossii-ogranicili-castotu-strafov-za-ezdu-bez-osago,200,media,,True,https://almetievsk-ru.ru/news/goryachie-novosti/v-rossii-ogranicili-castotu-strafov-za-ezdu-bez-osago,unknown,mo-92608000,В России ограничили частоту штрафов за езду без ОСАГО,context,16,not_editorially_useful,
,ready,low,1,1,evt_6b29ca7e2ddc8f79987a628e,2026-09-05T19:32:02Z,,,,False,territory,True,2026-09-02T13:15:00Z,False,False,https://nurlat-tat.ru/news/obschestvo/v-nurlate-torzestvenno-otkryli-memorialnuiu-dosku-pamiati-almaza-axmetsina,200,media,,True,https://nurlat-tat.ru/news/obschestvo/v-nurlate-torzestvenno-otkryli-memorialnuiu-dosku-pamiati-almaza-axmetsina,resolved,mo-92646000,В Нурлате торжественно открыли мемориальную доску памяти Алмаза Ахметшина,useful,79,,
Казань,ready,low,1,1,evt_4225cd30ecb54fb043a6863f,2026-09-05T19:32:05Z,55.7946485,,49.1115022,False,settlement,True,2026-09-02T13:14:00Z,False,False,https://tvchelny.ru/news/obshchestvo/v-kazani-startoval-v-globalnyi-molodeznyi-sammit,200,media,,True,https://tvchelny.ru/news/obshchestvo/v-kazani-startoval-v-globalnyi-molodeznyi-sammit,resolved,mo-92701000,"В столице Татарстана открылся V Глобальный молодёжный саммит — площадка объединит молодых лидеров из разных стран для обсуждения ключевых трендов в образовании,",useful,79,,
,ready,medium,1,1,evt_b72ebf37c2466106c84c7d89,2026-09-05T20:25:40Z,,,,False,territory,True,2026-09-02T13:12:34Z,False,False,https://t.me/nurlatinform/82153,200,media,,True,https://t.me/nurlatinform/82153,resolved,mo-92646000,В Нурлате школа №4 открылась после капремонта,useful,87,,
,needs_review,low,1,1,evt_af01693345441608c02fc3ac,2026-09-05T19:32:04Z,,,,False,territory,False,2026-09-02T13:12:00Z,False,False,https://chistopol-rt.ru/news/obschestvo/mediki-udalili-krupnoe-nasekomoe-iz-sluxovogo-proxoda-zitelnicy-podmoskovia,200,media,,True,https://chistopol-rt.ru/news/obschestvo/mediki-udalili-krupnoe-nasekomoe-iz-sluxovogo-proxoda-zitelnicy-podmoskovia,reported,mo-92659101,Медики удалили крупное насекомое из слухового прохода жительницы Подмосковья,context,36,not_editorially_useful,
,needs_review,low,1,1,evt_f12e1fa77e00e878f5564851,2026-09-05T19:32:05Z,,,,False,territory,False,2026-09-02T13:12:00Z,False,False,https://tvchelny.ru/news/obshchestvo/tatarstan-prodolzaet-vosstanovlenie-obieektov-v-rubeznom-i-lisicanske,200,media,,True,https://tvchelny.ru/news/obshchestvo/tatarstan-prodolzaet-vosstanovlenie-obieektov-v-rubeznom-i-lisicanske,unknown,RU-TA,Татарстан продолжает восстановление объектов в Рубежном и Лисичанске,context,20,not_editorially_useful,
,needs_review,low,1,1,evt_81a8235692406627c338f926,2026-09-05T19:31:45Z,,,,False,territory,False,2026-09-02T13:09:01Z,False,False,https://t.me/BavlyinformNEWS/44378,200,media,,True,https://t.me/BavlyinformNEWS/44378,unknown,mo-92614000,"Это может быть желание увеличить площадь, необходимость проведения ремонта, переезда в более комфортный район или даже в другой регион.",context,67,not_editorially_useful,
,needs_review,low,1,1,evt_a601326d279511c30fc65801,2026-09-05T19:32:05Z,,,,False,territory,False,2026-09-02T13:08:00Z,False,False,https://tvchelny.ru/news/obshchestvo/v-tatarstane-zaversili-protivopozarnoe-obustroistvo-lesov,200,media,,True,https://tvchelny.ru/news/obshchestvo/v-tatarstane-zaversili-protivopozarnoe-obustroistvo-lesov,reported,mo-92730000,Подзаголовок (лид) (до 237 символов включая пробелы): В республике полностью завершили работы по противопожарному обустройству лесов — меры направлены на снижен,context,0,not_editorially_useful,
,ready,low,1,1,evt_252997f704a70d797e1ff257,2026-09-05T19:32:05Z,,,,False,territory,True,2026-09-02T13:02:00Z,False,False,https://tvchelny.ru/news/obshchestvo/punkt-otbora-na-kontraktnuiu-sluzbu-otkrylsia-v-den-respubliki,200,media,,True,https://tvchelny.ru/news/obshchestvo/punkt-otbora-na-kontraktnuiu-sluzbu-otkrylsia-v-den-respubliki,resolved,mo-92730000,Пункт отбора на контрактную службу открылся в День Республики,useful,79,,
,needs_review,medium,1,1,evt_bcb3e886ceb075b019f0be2a,2026-09-05T20:29:56Z,,,,False,territory,False,2026-09-02T13:01:01Z,False,False,https://t.me/sabatannars/47479,200,media,,True,https://t.me/sabatannars/47479,reported,mo-92701000,Финал конкурса «АгроНТРИ-2026» прошёл в Казанском государственном аграрном университете,context,0,not_editorially_useful,
улица Рауиса Гареева,ready,low,1,1,evt_86755a69b4c32a2a4fcfdccc,2026-09-05T19:32:05Z,55.7290592,,49.1785079,True,street,True,2026-09-02T13:00:56Z,False,False,https://t.me/kzn_official/23567,200,official,,True,https://t.me/kzn_official/23567,resolved,mo-92701000,На ул.Рауиса Гареева открылся Центр регби.,useful,89,,
,needs_review,low,1,1,evt_3e7bddc043bf92702102886a,2026-09-05T19:31:51Z,,,,False,territory,False,2026-09-02T13:00:01Z,False,False,https://t.me/TulInformm/35516,200,media,,True,https://t.me/TulInformm/35516,reported,mo-92656000,"Чем дроппер похож на «шпаргалочника»? Чем он расплачивается за «легкое решение»? В новом выпуске проекта «Профессионалы против мошенников» приняла участие Ольга Петрова, заместитель Министра науки и высшего образования РФ. В видеоролике героиня поднимает важную тему финансовой безопасности – профилактику дропперства среди молодежи. #ПрофессионалыПротивМошенников #СтопДроп #СтопДропРФ #НацбанкРТ",context,0,not_editorially_useful,
,needs_review,low,1,1,evt_5c176f7bf2c1f588d87cc7b1,2026-09-05T19:31:46Z,,,,False,territory,False,2026-09-02T13:00:00Z,False,False,https://t.me/drozzanoe90/20740,200,media,,True,https://t.me/drozzanoe90/20740,reported,mo-92701000,"При грозе: остановитесь на велосипеде/мотоцикле, отойдите на 30 м; в машине — закройте окна и переждите; на открытой местности — ложитесь в низину подальше от в",context,36,not_editorially_useful,
,needs_review,low,1,1,evt_8c29778c908d18ff93e26f44,2026-09-05T19:31:46Z,,,,False,territory,False,2026-09-02T12:59:03Z,False,False,https://t.me/drozzanoe90/20739,200,media,,True,https://t.me/drozzanoe90/20739,reported,mo-92701000,С начала года под колесами автомобилей оказались 457 человек.,context,36,not_editorially_useful,
,ready,medium,1,2,evt_d03524decb611dc96f248133,2026-09-05T20:29:56Z,,,,False,territory,True,2026-09-02T12:57:28Z,False,False,https://t.me/drozzanoe90/20738,200,media,,True,https://t.me/drozzanoe90/20738,unknown,mo-92624000,В Татарстане запустили печать главных избирательных документов,useful,87,,
,needs_review,low,1,1,evt_18a50685a6c3f5017372458e,2026-09-05T19:31:53Z,,,,False,territory,False,2026-09-02T12:51:00Z,False,False,https://agryz-rt.ru/news/po-materialam-tatar-inform/dlia-kompanii-agropromyslennogo-kompleksa-otkryt-servis-kompleksnoi-podderzki-eksporta,200,media,,True,https://agryz-rt.ru/news/po-materialam-tatar-inform/dlia-kompanii-agropromyslennogo-kompleksa-otkryt-servis-kompleksnoi-podderzki-eksporta,resolved,mo-92601000,Для компаний агропромышленного комплекса открыт сервис комплексной поддержки экспорта,context,59,not_editorially_useful,
,needs_review,low,1,1,evt_0e3b384cb181d141b20ebe34,2026-09-05T19:31:46Z,,,,False,territory,False,2026-09-02T12:48:24Z,False,False,https://t.me/drozzanoe90/20737,200,media,,True,https://t.me/drozzanoe90/20737,reported,mo-92624000,"Чем дроппер похож на «шпаргалочника»? Чем он расплачивается за «легкое решение»? В новом выпуске проекта «Профессионалы против мошенников» приняла участие Ольга Петрова, заместитель Министра науки и высшего образования РФ. В видеоролике героиня поднимает важную тему финансовой безопасности – профилактику дропперства среди молодежи. #ПрофессионалыПротивМошенников #СтопДроп #СтопДропРФ #НацбанкРТ",context,0,not_editorially_useful,
,needs_review,low,1,1,evt_98c6c3c458545a362af79c92,2026-09-05T19:32:05Z,,,,False,territory,False,2026-09-02T12:43:00Z,False,False,https://tvchelny.ru/news/obshchestvo/bolse-poloviny-pogibsix-pesexodov-v-rt-v-temnoe-vremia-sutok,200,media,,True,https://tvchelny.ru/news/obshchestvo/bolse-poloviny-pogibsix-pesexodov-v-rt-v-temnoe-vremia-sutok,reported,mo-92730000,Больше половины погибших пешеходов в РТ — в тёмное время суток,context,16,not_editorially_useful,
,needs_review,low,1,1,evt_304b63fbc41139690845a7c8,2026-09-05T19:31:46Z,,,,False,territory,False,2026-09-02T12:41:06Z,False,False,https://t.me/BavlyinformNEWS/44377,200,media,,True,https://t.me/BavlyinformNEWS/44377,reported,mo-92614000,"Чем дроппер похож на «шпаргалочника»? Чем он расплачивается за «легкое решение»? В новом выпуске проекта «Профессионалы против мошенников» приняла участие Ольга Петрова, заместитель Министра науки и высшего образования РФ. В видеоролике героиня поднимает важную тему финансовой безопасности – профилактику дропперства среди молодежи. #ПрофессионалыПротивМошенников #СтопДроп #СтопДропРФ #НацбанкРТ",context,0,not_editorially_useful,
,needs_review,low,2,2,evt_f16aac7b8afee898d9fada8e,2026-09-05T19:31:59Z,,,,False,territory,False,2026-09-02T12:35:11Z,False,False,https://kaibicy.ru/news/novosti/voditelei-bez-osago-budut-strafovat-ne-cashhe-odnogo-raza-v-sutki,200,media,,True,https://kaibicy.ru/news/novosti/voditelei-bez-osago-budut-strafovat-ne-cashhe-odnogo-raza-v-sutki,reported,mo-92629000,Водителей без ОСАГО будут штрафовать не чаще одного раза в сутки,context,16,not_editorially_useful,
,needs_review,low,1,1,evt_901f11c80496a063774a8276,2026-09-05T19:31:47Z,,,,False,territory,False,2026-09-02T12:34:01Z,False,False,https://t.me/ElabugaNK/46201,200,media,,True,https://t.me/ElabugaNK/46201,reported,mo-92626404,Первое сентября в Бехтерево в этом году получилось особенным: после капитального ремонта школа вновь встретила учеников.,context,36,not_editorially_useful,
,needs_review,low,1,1,evt_68304328b757b44aafec06a7,2026-09-05T19:31:58Z,,,,False,territory,False,2026-09-02T12:30:00Z,False,False,https://vuslon.ru/news/obschestvo/kompanii-apk-tatarstana-mogut-besplatno-polucit-podderzku-dlia-vyxoda-na-eksport,200,media,,True,https://vuslon.ru/news/obschestvo/kompanii-apk-tatarstana-mogut-besplatno-polucit-podderzku-dlia-vyxoda-na-eksport,reported,mo-92620000,Компании АПК Татарстана могут бесплатно получить поддержку для выхода на экспорт,context,0,not_editorially_useful,
,needs_review,low,1,1,evt_a61666de4574d33c4df5f34e,2026-09-05T19:31:44Z,,,,False,territory,False,2026-09-02T12:16:14Z,False,False,https://t.me/zariaaleks/32331,200,media,,True,https://t.me/zariaaleks/32331,reported,mo-92606000,"Чем дроппер похож на «шпаргалочника»? Чем он расплачивается за «легкое решение»? В новом выпуске проекта «Профессионалы против мошенников» приняла участие Ольга Петрова, заместитель Министра науки и высшего образования РФ. В видеоролике героиня поднимает важную тему финансовой безопасности – профилактику дропперства среди молодежи. #ПрофессионалыПротивМошенников #СтопДроп #СтопДропРФ #НацбанкРТ",context,0,not_editorially_useful,
Антоновка,ready,low,1,1,evt_275c69e1971f3e6a964b1bc0,2026-09-05T19:32:04Z,54.9121054,,49.4821645,False,settlement,True,2026-09-02T12:12:00Z,False,False,https://spas-rt.ru/news/obschestvo/glava-raiona-vstretilsia-s-rukovoditelem-promparka-bezdna-v-sele-antonovka,200,media,,True,https://spas-rt.ru/news/obschestvo/glava-raiona-vstretilsia-s-rukovoditelem-promparka-bezdna-v-sele-antonovka,planned,mo-92632410,Роман Исланов обсудил с руководителем проекта планировку территории и сроки строительства.,useful,70,,
,needs_review,low,1,1,evt_f3e52000bf33d5b306fc917b,2026-09-05T19:31:47Z,,,,False,territory,False,2026-09-02T12:10:21Z,False,False,https://t.me/kaibicy/45830,200,media,,True,https://t.me/kaibicy/45830,reported,mo-92618435,С заботой о зимовке: Кайбицкие хозяйства заготавливают корма,context,16,not_editorially_useful,
,needs_review,low,1,1,evt_ab81308dfe3e30a0ad99a15e,2026-09-05T19:31:49Z,,,,False,territory,False,2026-09-02T12:04:44Z,False,False,https://t.me/kampolany/16361,200,media,,True,https://t.me/kampolany/16361,reported,mo-92644000,"Чем дроппер похож на «шпаргалочника»? Чем он расплачивается за «легкое решение»? В новом выпуске проекта «Профессионалы против мошенников» приняла участие Ольга Петрова, заместитель Министра науки и высшего образования РФ. В видеоролике героиня поднимает важную тему финансовой безопасности – профилактику дропперства среди молодежи.",context,0,not_editorially_useful,
,needs_review,low,1,1,evt_4c11606a07702a340f482213,2026-09-05T19:31:46Z,,,,False,territory,False,2026-09-02T12:03:52Z,False,False,https://t.me/BavlyinformNEWS/44375,200,media,,True,https://t.me/BavlyinformNEWS/44375,reported,mo-92614000,"МЧС напоминает о мерах безопасности при тумане, грозе и сильном ветре в РТ",context,16,not_editorially_useful,
,needs_review,low,1,1,evt_89f42a78172a72143477ac7f,2026-09-05T19:31:48Z,,,,False,territory,False,2026-09-02T12:03:37Z,False,False,https://t.me/novayakama/54769,200,media,,True,https://t.me/novayakama/54769,reported,mo-92634000,"Чем дроппер похож на «шпаргалочника»? Чем он расплачивается за «легкое решение»? В новом выпуске проекта «Профессионалы против мошенников» приняла участие Ольга Петрова, заместитель Министра науки и высшего образования РФ. В видеоролике героиня поднимает важную тему финансовой безопасности – профилактику дропперства среди молодежи. #ПрофессионалыПротивМошенников #СтопДроп #СтопДропРФ #НацбанкРТ",context,0,not_editorially_useful,
,needs_review,low,2,2,evt_3d4abc3c6186ac0357ea814c,2026-09-05T19:31:49Z,,,,False,territory,False,2026-09-02T12:03:08Z,False,False,https://t.me/len_vesti/29683,200,media,,True,https://t.me/len_vesti/29683,reported,mo-92636000,"Чем дроппер похож на «шпаргалочника»? Чем он расплачивается за «легкое решение»? В новом выпуске проекта «Профессионалы против мошенников» приняла участие Ольга Петрова, заместитель Министра науки и высшего образования РФ. В видеоролике героиня поднимает важную тему финансовой безопасности – профилактику дропперства среди молодежи. #ПрофессионалыПротивМошенников #СтопДроп #СтопДропРФ #НацбанкРТ",context,0,not_editorially_useful,
,needs_review,low,1,1,evt_a35822af3482722bfeaddf2c,2026-09-05T19:32:04Z,,,,False,territory,False,2026-09-02T12:02:00Z,False,False,https://tetyushy.ru/news/obshchestvo/kompanii-apk-mogut-besplatno-polucit-kompleksnuiu-podderzku-dlia-vyxoda-na-zarubeznye-rynki,200,media,,True,https://tetyushy.ru/news/obshchestvo/kompanii-apk-mogut-besplatno-polucit-kompleksnuiu-podderzku-dlia-vyxoda-na-zarubeznye-rynki,reported,mo-92655000,Компании АПК могут бесплатно получить комплексную поддержку для выхода на зарубежные рынки,context,0,not_editorially_useful,
,needs_review,low,1,1,evt_9cad77fb82a5d049e76fadf0,2026-09-05T19:31:51Z,,,,False,territory,False,2026-09-02T12:00:44Z,False,False,https://t.me/rusloboda/35264,200,media,,True,https://t.me/rusloboda/35264,reported,mo-92650000,"Сейчас в самом разгаре горячая пора — идёт непрерывная очистка и сушка зерна, привезённого с полей.",context,16,not_editorially_useful,
,needs_review,low,2,2,evt_714d985f80aa92b4fa8eff96,2026-09-05T19:31:59Z,,,,False,territory,False,2026-09-02T12:00:00Z,False,False,https://kaibicy.ru/news/novosti/servis-dlia-napominanii-stal-dostupen-uciteliam-v-makse,200,media,,True,https://kaibicy.ru/news/novosti/servis-dlia-napominanii-stal-dostupen-uciteliam-v-makse,unknown,mo-92629000,Сервис для напоминаний стал доступен учителям в «Максе»,context,59,not_editorially_useful,
,needs_review,low,1,1,evt_c8ad2dc107c7f981eb734de7,2026-09-05T19:31:58Z,,,,False,territory,False,2026-09-02T12:00:00Z,False,False,https://biektaw.ru/news/v-respublike/v-tatarstane-startoval-novyi-sezon-konkursa-skolnyi-ekopatrul,200,media,,True,https://biektaw.ru/news/v-respublike/v-tatarstane-startoval-novyi-sezon-konkursa-skolnyi-ekopatrul,reported,mo-92622000,В Татарстане начался прием заявок на новый сезон республиканского конкурса «Школьный экопатруль».,context,50,not_editorially_useful,
,needs_review,low,1,1,evt_d833535bb993e7e108f44ccb,2026-09-05T19:31:58Z,,,,False,territory,False,2026-09-02T12:00:00Z,False,False,https://vuslon.ru/news/obschestvo/v-biblioteke-verxnego-uslona-otkrylas-vystavka-k-85-letiiu-sergeia-dovlatova,200,media,,True,https://vuslon.ru/news/obschestvo/v-biblioteke-verxnego-uslona-otkrylas-vystavka-k-85-letiiu-sergeia-dovlatova,resolved,mo-92620415,В библиотеке Верхнего Услона открылась выставка к 85-летию Сергея Довлатова,context,59,not_editorially_useful,
,needs_review,low,1,1,evt_90d541ba5596565f46982589,2026-09-05T19:31:53Z,,,,False,territory,False,2026-09-02T11:56:00Z,False,False,https://agryz-rt.ru/news/pfr-1775464353/rabotodateli-tatarstana-mogut-oplatit-straf-za-otcetnost-so-skidkoi-50,200,media,,True,https://agryz-rt.ru/news/pfr-1775464353/rabotodateli-tatarstana-mogut-oplatit-straf-za-otcetnost-so-skidkoi-50,unknown,mo-92601000,Работодатели Татарстана могут оплатить штраф за отчётность со скидкой 50%,context,0,not_editorially_useful,
,needs_review,low,1,1,evt_f68ab8445273d22c3faf014f,2026-09-05T19:31:57Z,,,,False,territory,False,2026-09-02T11:54:00Z,False,False,https://buinsk-tat.ru/news/vchera-segodnya-zavtra/voditelei-bez-osago-budut-strafovat-ne-cashhe-odnogo-raza-v-sutki,200,media,,True,https://buinsk-tat.ru/news/vchera-segodnya-zavtra/voditelei-bez-osago-budut-strafovat-ne-cashhe-odnogo-raza-v-sutki,unknown,mo-92618000,Водителей без ОСАГО будут штрафовать не чаще одного раза в сутки,context,0,not_editorially_useful,
,needs_review,low,1,1,evt_206610a08b416305c5d5521d,2026-09-05T19:31:48Z,,,,False,territory,False,2026-09-02T11:52:11Z,False,False,https://t.me/kaibicy/45825,200,media,,True,https://t.me/kaibicy/45825,reported,mo-92629000,"Чем дроппер похож на «шпаргалочника»? Чем он расплачивается за «легкое решение»? В новом выпуске проекта «Профессионалы против мошенников» приняла участие Ольга Петрова, заместитель Министра науки и высшего образования РФ. В видеоролике героиня поднимает важную тему финансовой безопасности – профилактику дропперства среди молодежи. #ПрофессионалыПротивМошенников #СтопДроп #СтопДропРФ #НацбанкРТ",context,0,not_editorially_useful,
,needs_review,low,1,1,evt_9ef835e052fc5f16304e0902,2026-09-05T19:31:45Z,,,,False,territory,False,2026-09-02T11:51:13Z,False,False,https://t.me/selskayanovaksubaevo/34707,200,media,,True,https://t.me/selskayanovaksubaevo/34707,reported,mo-92604000,"Чем дроппер похож на «шпаргалочника»? Чем он расплачивается за «легкое решение»? В новом выпуске проекта «Профессионалы против мошенников» приняла участие Ольга Петрова, заместитель Министра науки и высшего образования РФ. В видеоролике героиня поднимает важную тему финансовой безопасности – профилактику дропперства среди молодежи. #ПрофессионалыПротивМошенников #СтопДроп #СтопДропРФ #НацбанкРТ",context,0,not_editorially_useful,
,needs_review,low,1,1,evt_2f54226bdc8badcffee3edb0,2026-09-05T19:31:46Z,,,,False,territory,False,2026-09-02T11:47:56Z,False,False,https://t.me/verhniyuslon/41014,200,media,,True,https://t.me/verhniyuslon/41014,reported,mo-92620000,"Чем дроппер похож на «шпаргалочника»? Чем он расплачивается за «легкое решение»? В новом выпуске проекта «Профессионалы против мошенников» приняла участие Ольга Петрова, заместитель Министра науки и высшего образования РФ. В видеоролике героиня поднимает важную тему финансовой безопасности – профилактику дропперства среди молодежи. #ПрофессионалыПротивМошенников #СтопДроп #СтопДропРФ #НацбанкРТ",context,0,not_editorially_useful,
,needs_review,low,1,1,evt_efa786ac04f25e6c1b26b1aa,2026-09-05T19:32:07Z,,,,False,territory,False,2026-09-02T11:46:01Z,False,False,https://t.me/avianovsav/6306,200,official,,True,https://t.me/avianovsav/6306,reported,mo-92701000,Осень – время наводить порядок на участках,context,36,not_editorially_useful,
,needs_review,low,1,1,evt_81bb20e1eb767cc3d4ee1aea,2026-09-05T19:31:55Z,,,,False,territory,False,2026-09-02T11:42:00Z,False,False,https://alekseyevsk.ru/news/selskoe-hozyaystvo/fgbu-agroeksport-predlagaet-besplatnyi-servis-dlia-vyxoda-na-vnesnie-rynki,200,media,,True,https://alekseyevsk.ru/news/selskoe-hozyaystvo/fgbu-agroeksport-predlagaet-besplatnyi-servis-dlia-vyxoda-na-vnesnie-rynki,reported,mo-92606000,ФГБУ «Агроэкспорт» предлагает бесплатный сервис для выхода на внешние рынки,context,0,not_editorially_useful,
,needs_review,low,1,1,evt_6b87f2c8fff61cd966de4eef,2026-09-05T19:31:44Z,,,,False,territory,False,2026-09-02T11:41:58Z,False,False,https://t.me/uvt24/32613,200,media,,True,https://t.me/uvt24/32613,reported,mo-92608000,"Чем дроппер похож на «шпаргалочника»? Чем он расплачивается за «легкое решение»? В новом выпуске проекта «Профессионалы против мошенников» приняла участие Ольга Петрова, заместитель Министра науки и высшего образования РФ. В видеоролике героиня поднимает важную тему финансовой безопасности – профилактику дропперства среди молодежи.",context,0,not_editorially_useful,
,needs_review,low,1,1,evt_f826b4ce6259e7f806c987e1,2026-09-05T19:31:49Z,,,,False,territory,False,2026-09-02T11:39:49Z,False,False,https://t.me/mndnews/80716,200,media,,True,https://t.me/mndnews/80716,reported,mo-92639000,Чем дроппер похож на «шпаргалочника»? Чем он расплачивается за «легкое решение»?,context,0,not_editorially_useful,
,needs_review,low,1,1,evt_82382ffd33e59751c438ce4c,2026-09-05T19:32:02Z,,,,False,territory,False,2026-09-02T11:38:00Z,False,False,https://nizhnekamsk-rt.ru/news/obschestvo/v-tatarstanskom-kadetskom-korpuse-sostoialos-torzestvennoe-otkrytie-ucebnogo-goda,200,media,,True,https://nizhnekamsk-rt.ru/news/obschestvo/v-tatarstanskom-kadetskom-korpuse-sostoialos-torzestvennoe-otkrytie-ucebnogo-goda,unknown,mo-92644000,В Татарстанском кадетском корпусе состоялось торжественное открытие учебного года,context,20,not_editorially_useful,
,ready,low,1,1,evt_2e304c427a86c2369d39a913,2026-09-05T19:32:01Z,,,,False,territory,True,2026-09-02T11:36:00Z,False,False,https://mamadysh-rt.ru/news/obshchestvo/obnovlennyi-rodnik-v-kemes-kule-stal-povodom-dlia-bolsogo-selskogo-prazdnika,200,media,,True,https://mamadysh-rt.ru/news/obshchestvo/obnovlennyi-rodnik-v-kemes-kule-stal-povodom-dlia-bolsogo-selskogo-prazdnika,resolved,mo-92638424,В селе Кемеш Куль прошло значимое событие – после благоустройства торжественно открыли родник.,useful,87,,
,ready,low,1,1,evt_51b6cfefdcbb1a0c0c8c923a,2026-09-05T19:31:51Z,,,,False,territory,True,2026-09-02T11:31:12Z,False,False,https://t.me/rusloboda/35263,200,media,,True,https://t.me/rusloboda/35263,resolved,mo-92650000,"Мансур начал карьеру с работы помощником на комбайне С-4, обучаясь у старших хлеборобов.",useful,79,,
,needs_review,medium,1,1,evt_7b6021fd017d13c0f9587aa5,2026-09-05T20:29:56Z,,,,False,territory,False,2026-09-02T11:30:00Z,False,False,https://tukai-rt.ru/news/m%D3%99garif/oly-tormyska-berence-adym-14-iaslek-tukailylarga-berence-pasportlar-tapsyryldy,200,media,,True,https://tukai-rt.ru/news/mәgarif/oly-tormyska-berence-adym-14-iaslek-tukailylarga-berence-pasportlar-tapsyryldy,reported,mo-92657455,Капиталь ремонттан соң Новотроицкое авылындагы яшүсмерләр клубы яңадан ачылды,context,20,not_editorially_useful,
,needs_review,medium,1,2,evt_894ac855142dade61321c8f5,2026-09-05T20:29:56Z,,,,False,territory,False,2026-09-02T11:30:00Z,False,False,https://yashel-uzan.ru/news/yash%D3%99esh/kaicakta-ianarys-stenalarny-gyna-tugel-boten-maktapnen-ruxyn-uzgarta,200,media,,True,https://yashel-uzan.ru/news/yashәesh/kaicakta-ianarys-stenalarny-gyna-tugel-boten-maktapnen-ruxyn-uzgarta,reported,mo-92628000,Капитальный ремонт в Әйшәской средней школе стал реальностью,context,0,not_editorially_useful,
,needs_review,low,1,1,evt_0f7171f3c014ddb9cd80c5cf,2026-09-05T19:32:04Z,,,,False,territory,False,2026-09-02T11:27:00Z,False,False,https://spas-rt.ru/news/novosti/agrariiam-tatarstana-pomogut-vyiti-na-zarubeznye-rynki,200,media,,True,https://spas-rt.ru/news/novosti/agrariiam-tatarstana-pomogut-vyiti-na-zarubeznye-rynki,reported,mo-92632000,Аграриям Татарстана помогут выйти на зарубежные рынки,context,0,not_editorially_useful,
,needs_review,medium,1,2,evt_3191113373d22caeb3c18d51,2026-09-05T20:31:08Z,,,,False,territory,False,2026-09-02T11:25:00Z,False,False,https://shahrichalli.ru/news/iat/rasemnarda-tormys-agysy,200,media,,True,https://shahrichalli.ru/news/iat/rasemnarda-tormys-agysy,reported,mo-92730000,В Чаллы в декабре 1969 года продолжалось строительство заводов,context,42,not_editorially_useful,
Елабуга,ready,low,1,1,evt_d1cce7217d96fd9bb5c84ebb,2026-09-05T19:31:47Z,55.7577131,,52.0539938,False,settlement,True,2026-09-02T11:21:00Z,False,False,https://t.me/ElabugaNK/46192,200,media,,True,https://t.me/ElabugaNK/46192,resolved,mo-92626101,В школе №8 открыли специализированный класс по плаванию.,useful,87,,
,needs_review,low,1,1,evt_ed75cbfe7e0be0adb2452609,2026-09-05T19:32:02Z,,,,False,territory,False,2026-09-02T11:21:00Z,False,False,https://nurlat-tat.ru/news/novosti/agroeksport-zapustil-besplatnyi-servis-podderzki-dlia-fermerov,200,media,,True,https://nurlat-tat.ru/news/novosti/agroeksport-zapustil-besplatnyi-servis-podderzki-dlia-fermerov,reported,mo-92646000,Агроэкспорт запустил бесплатный сервис поддержки для фермеров,context,0,not_editorially_useful,
,ready,low,1,1,evt_807fef1146ccaeb9f0fcfa14,2026-09-05T19:31:47Z,,,,False,territory,True,2026-09-02T11:18:12Z,False,False,https://t.me/ElabugaNK/46191,200,media,,True,https://t.me/ElabugaNK/46191,reported,,На Казанской и Спасской ограничат движение,useful,87,,
Елабуга,needs_review,low,1,1,evt_5a404539d4d5ea2ea55ea1e6,2026-09-05T19:31:59Z,55.7577131,,52.0539938,False,settlement,False,2026-09-02T11:17:00Z,False,False,https://elabuga-rt.ru/news/novosti/na-peresecenii-kazanskoi-i-spasskoi-v-elabuge-ogranicili-dvizenie,200,media,,True,https://elabuga-rt.ru/news/novosti/na-peresecenii-kazanskoi-i-spasskoi-v-elabuge-ogranicili-dvizenie,reported,mo-92626101,Ограничение связано с проведением дорожно-ремонтных работ.,context,36,not_editorially_useful,
,needs_review,low,2,2,evt_fb650b0d506d0ab5c083ca68,2026-09-05T19:31:58Z,,,,False,territory,False,2026-09-02T11:07:15Z,False,False,https://vuslon.ru/news/obschestvo/verxneusloncev-preduprezdaiut-ob-otkliucenii-cifrovogo-televideniia-30-sentiabria,200,media,,True,https://vuslon.ru/news/obschestvo/verxneusloncev-preduprezdaiut-ob-otkliucenii-cifrovogo-televideniia-30-sentiabria,reported,mo-92620403,Верхнеуслонцев предупреждают об отключении цифрового телевидения 30 сентября,context,59,not_editorially_useful,
,needs_review,low,1,1,evt_a0b3949cb26679a1ffbd961d,2026-09-05T19:32:01Z,,,,False,territory,False,2026-09-02T11:00:00Z,False,False,https://mamadysh-rt.ru/news/19/v-mamadysskom-raione-zafiksirovan-rost-zakupocnyx-cen-na-moloko,200,media,,True,https://mamadysh-rt.ru/news/19/v-mamadysskom-raione-zafiksirovan-rost-zakupocnyx-cen-na-moloko,unknown,mo-92638000,В Мамадышском районе зафиксирован рост закупочных цен на молоко,context,36,not_editorially_useful,
,ready,medium,1,3,evt_f33014bc5c3c1218ed17fb63,2026-09-05T20:31:08Z,,,,False,territory,True,2026-09-02T11:00:00Z,False,False,https://yashel-uzan.ru/news/yash%D3%99esh/kazanda-briks-tozeles-atnalygy-kysalarynda-ike-zur-kurgazma-oestyrylacak,200,media,,True,https://yashel-uzan.ru/news/yashәesh/kazanda-briks-tozeles-atnalygy-kysalarynda-ike-zur-kurgazma-oestyrylacak,reported,mo-92701000,В Казани пройдут две тематические выставки в рамках БРИКС Строительной недели,useful,72,,
,needs_review,low,1,1,evt_da5ea20b40c5e00b0c4deaf9,2026-09-05T19:32:05Z,,,,False,territory,False,2026-09-02T10:59:01Z,False,False,https://t.me/kzn_official/23566,200,official,,True,https://t.me/kzn_official/23566,unknown,mo-92701000,"Если долго смотреть на огонь, то тебя уволят из пожарных",context,0,not_editorially_useful,
,needs_review,low,1,1,evt_8e1c0af0ce2b299bc17b099e,2026-09-05T19:31:48Z,,,,False,territory,False,2026-09-02T10:57:29Z,False,False,https://t.me/novosti_mamadysha/63816,200,media,,True,https://t.me/novosti_mamadysha/63816,resolved,mo-92638436,"Добрый день! Прошу принять меры по восстановлению уличного освещения в с. Малмыжка Мамадышского района по центральной улице Советской. Проблемы с освещением начались еще весной 2026г. Примерно в апреле освещение перестало работать, после чего его несколько раз ремонтировали. После ремонта свет появлялся на непродолжительное время. С 4 июня уличное освещение не работает ВООБЩЕ и до настоящего времени не восстановлено. По данному вопросу обращались неоднократно, в том числе и в народный контроль,",context,46,not_editorially_useful|resolved_text_looks_open,
,needs_review,low,1,1,evt_57356c542702f1951a3809c3,2026-09-05T19:32:03Z,,,,False,territory,False,2026-09-02T10:55:00Z,False,False,https://rsloboda-rt.ru/news/obschestvo-i-myi/sferum-i-maks-zapustili-servis-napominanii-dlia-pedagogov,200,media,,True,https://rsloboda-rt.ru/news/obschestvo-i-myi/sferum-i-maks-zapustili-servis-napominanii-dlia-pedagogov,unknown,mo-92650000,Сферум и Макс запустили сервис напоминаний для педагогов,context,59,not_editorially_useful,
,needs_review,medium,1,2,evt_ac93dbb45414d6ba8f0467e2,2026-09-05T20:34:01Z,,,,False,territory,False,2026-09-02T10:53:06Z,False,False,https://t.me/selskayanovaksubaevo/34706,200,media,,True,https://t.me/selskayanovaksubaevo/34706,planned,mo-92604000,Ухудшение погоды в Татарстане,context,0,not_editorially_useful,
,needs_review,low,1,1,evt_aecdc09e1f9724c4dc8d966b,2026-09-05T19:32:04Z,,,,False,territory,False,2026-09-02T10:45:00Z,False,False,https://spas-rt.ru/news/obschestvo/megafon-obieiavil-start-prodaz-pauerbankov-novogo-pokoleniia,200,media,,True,https://spas-rt.ru/news/obschestvo/megafon-obieiavil-start-prodaz-pauerbankov-novogo-pokoleniia,unknown,mo-92632000,МегаФон объявил старт продаж пауэрбанков нового поколения,context,0,not_editorially_useful,
,needs_review,low,1,1,evt_5d23ccc06c51aad22b8173d5,2026-09-05T19:31:46Z,,,,False,territory,False,2026-09-02T10:41:08Z,False,False,https://t.me/verhniyuslon/41005,200,media,,True,https://t.me/verhniyuslon/41005,reported,mo-92620000,"Директор Алмаз Хафизов открыл праздник напутственными словами, а почётным гостем стала выпускница школы, а ныне — замглавы Исполкома района Алина Утюгина.",context,36,not_editorially_useful,
Круглое Поле,ready,low,1,1,evt_45355b73553dbe10e9b80018,2026-09-05T19:32:04Z,55.6207,,52.17955,False,settlement,True,2026-09-02T10:40:00Z,False,False,https://chelny-izvest.ru/news/facts/stroitelstvo-ledovoi-areny-v-kruglom-pole-zaverseno,200,media,,True,https://chelny-izvest.ru/news/facts/stroitelstvo-ledovoi-areny-v-kruglom-pole-zaverseno,resolved,mo-92657433,Строительство ледовой арены в Круглом Поле завершено,useful,62,,
,needs_review,low,2,2,evt_273a5606a3264d7b4c653829,2026-09-05T19:31:56Z,,,,False,territory,False,2026-09-02T10:39:00Z,False,False,https://almetievsk-ru.ru/news/gorod/avtomobilisty-almetevska-zaluiutsia-na-nerabotaiushhii-svetofor-iamy-i-razbitye-livnevki,200,media,,True,https://almetievsk-ru.ru/news/gorod/avtomobilisty-almetevska-zaluiutsia-na-nerabotaiushhii-svetofor-iamy-i-razbitye-livnevki,reported,mo-92608101,"Автомобилисты Альметьевска жалуются на неработающий светофор, ямы и разбитые ливневки",context,0,not_editorially_useful,
Лениногорск,ready,low,1,1,evt_b458a59fb47d2578db334fe4,2026-09-05T19:31:56Z,54.5994324,,52.4469099,False,settlement,True,2026-09-02T10:39:00Z,False,False,https://almetievsk-ru.ru/news/goryachie-novosti/v-leninogorske-zaversilsia-pervyi-etap-kapremonta-detskoi-muzykalnoi-skoly,200,media,,True,https://almetievsk-ru.ru/news/goryachie-novosti/v-leninogorske-zaversilsia-pervyi-etap-kapremonta-detskoi-muzykalnoi-skoly,reported,mo-92636101,В Лениногорске завершился первый этап капремонта детской музыкальной школы,useful,70,,
,needs_review,low,1,1,evt_3447bd27297d747909d0e12e,2026-09-05T19:31:53Z,,,,False,territory,False,2026-09-02T10:38:00Z,False,False,https://agryz-rt.ru/news/prognoz-pogodyi/sinoptiki-prognoziruiut-uxudsenie-pogody-v-tatarstane-3-sentiabria,200,media,,True,https://agryz-rt.ru/news/prognoz-pogodyi/sinoptiki-prognoziruiut-uxudsenie-pogody-v-tatarstane-3-sentiabria,reported,mo-92601000,Синоптики прогнозируют ухудшение погоды в Татарстане 3 сентября,context,0,not_editorially_useful,
,needs_review,low,1,1,evt_3a4c3cadeb3f0948450f4f2d,2026-09-05T19:31:47Z,,,,False,territory,False,2026-09-02T10:29:57Z,False,False,https://t.me/ElabugaNK/46185,200,media,,True,https://t.me/ElabugaNK/46185,reported,,Грузовик разгружался на тротуаре,context,0,not_editorially_useful,
,needs_review,medium,1,2,evt_bb1be6f6e1afabba3cf64f7b,2026-09-05T20:31:08Z,,,,False,territory,False,2026-09-02T10:25:00Z,False,False,https://baltaci.ru/news/chistalyk/tatarstanda-ukucylar-cupleklar-turynda-xabar-itep-ekokonkursta-ballar-esli-alacak,200,media,,True,https://baltaci.ru/news/chistalyk/tatarstanda-ukucylar-cupleklar-turynda-xabar-itep-ekokonkursta-ballar-esli-alacak,reported,mo-92615151,Новый этап республиканского конкурса «Мәктәп экопатруле» в Татарстане,context,0,not_editorially_useful,
,ready,low,2,2,evt_92faeb3f078294b0905ecf01,2026-09-05T19:32:01Z,,,,False,territory,True,2026-09-02T10:21:37Z,False,False,https://leninogorsk-rt.ru/news/sobytie-nedeli/v-skole-7-otkryli-obnovlennyi-kabinet-biologiceskogo-modelirovaniia-i-mikrobiologii,200,media,,True,https://leninogorsk-rt.ru/news/sobytie-nedeli/v-skole-7-otkryli-obnovlennyi-kabinet-biologiceskogo-modelirovaniia-i-mikrobiologii,resolved,mo-92636000,В школе № 7 открыли обновлённый кабинет биологического моделирования и микробиологии,useful,87,,
,needs_review,medium,1,1,evt_b0a512c5a956e56a55e8e134,2026-09-05T20:31:42Z,,,,False,territory,False,2026-09-02T10:20:00Z,False,False,https://arskmedia.ru/news/yaalyklar/tatarstanda-maktap-ekopatrule-baigese-baslandy,200,media,,True,https://arskmedia.ru/news/yaalyklar/tatarstanda-maktap-ekopatrule-baigese-baslandy,reported,mo-92612000,В Татарстане начался новый этап конкурса «Мәктәп экопатруле»,context,16,not_editorially_useful,
,needs_review,low,1,1,evt_c28e2fc5f189f6238344e1ba,2026-09-05T19:31:58Z,,,,False,territory,False,2026-09-02T10:16:00Z,False,False,https://chuprale-online.ru/news/obschestvo/v-tatarstane-ozidaiutsia-groza-grad-tuman-i-silnyi-veter,200,media,,True,https://chuprale-online.ru/news/obschestvo/v-tatarstane-ozidaiutsia-groza-grad-tuman-i-silnyi-veter,reported,mo-92624000,"В Татарстане ожидаются гроза, град, туман и сильный ветер",context,0,not_editorially_useful,
,needs_review,low,1,1,evt_c44f68f869e95130333ff26a,2026-09-05T19:31:55Z,,,,False,territory,False,2026-09-02T10:15:00Z,False,False,https://alekseyevsk.ru/news/bezopasnost-na-dorogah/gibdd-razieiasnila-novye-pravila-strafov-dlia-voditelei-bez-osago,200,media,,True,https://alekseyevsk.ru/news/bezopasnost-na-dorogah/gibdd-razieiasnila-novye-pravila-strafov-dlia-voditelei-bez-osago,unknown,mo-92606000,ГИБДД разъяснила новые правила штрафов для водителей без ОСАГО,context,0,not_editorially_useful,
,needs_review,low,1,1,evt_5cd493ffe55554bc16cddd3d,2026-09-05T19:31:48Z,,,,False,territory,False,2026-09-02T10:07:01Z,False,False,https://t.me/volzhskie/36040,200,media,,True,https://t.me/volzhskie/36040,reported,mo-92630000,Самозапрет на ставки и ипотечные каникулы для семей: гид по законам сентября,context,0,not_editorially_useful,
,needs_review,low,1,1,evt_3c9bf5e33c8680018ba09062,2026-09-05T19:31:56Z,,,,False,territory,False,2026-09-02T09:56:00Z,False,False,https://bavly-tat.ru/news/ekonomika/cb-prodlil-ograniceniia-na-sniatie-nalicnoi-valiuty-do-marta-2027-goda,200,media,,True,https://bavly-tat.ru/news/ekonomika/cb-prodlil-ograniceniia-na-sniatie-nalicnoi-valiuty-do-marta-2027-goda,unknown,mo-92614000,ЦБ продлил ограничения на снятие наличной валюты до марта 2027 года,context,0,not_editorially_useful,
,needs_review,low,1,1,evt_ad0fed9add44e351ee5cadfa,2026-09-05T19:32:02Z,,,,False,territory,False,2026-09-02T09:42:00Z,False,False,https://nizhnekamsk-rt.ru/news/obschestvo/muzykalnaia-skola-kamskix-polian-otkryla-novyi-ucebnyi-god,200,media,,True,https://nizhnekamsk-rt.ru/news/obschestvo/muzykalnaia-skola-kamskix-polian-otkryla-novyi-ucebnyi-god,reported,mo-92644156,Музыкальная школа Камских Полян открыла новый учебный год,context,16,not_editorially_useful,
,needs_review,low,1,1,evt_90ee011f31c98701c4529afd,2026-09-05T19:31:53Z,,,,False,territory,False,2026-09-02T09:40:20Z,False,False,https://t.me/chelnytv/46107,200,media,,True,https://t.me/chelnytv/46107,planned,mo-92730000,3 сентября в Татарстане ожидается туман и гроза🌩️,context,16,not_editorially_useful,
,needs_review,low,1,1,evt_594aa8588a918cd7a5e7267a,2026-09-05T19:31:59Z,,,,False,territory,False,2026-09-02T09:40:00Z,False,False,https://zpravda.ru/news/bezopasnost-na-dorogax/dtp-na-avtodoroge-kazan-ioskar-ola-voditel-sbil-velosipedistku-pri-povorote,200,media,,True,https://zpravda.ru/news/bezopasnost-na-dorogax/dtp-na-avtodoroge-kazan-ioskar-ola-voditel-sbil-velosipedistku-pri-povorote,reported,mo-92628101,"В ходе движения она начала выполнять поворот налево, не убедившись предварительно в безопасности маневра, что привело к столкновению с транспортным средством.",context,16,not_editorially_useful,
Бизяки,ready,low,1,1,evt_4f84370eb556bd34089cc35c,2026-09-05T19:32:01Z,55.928343,,52.4502253,False,settlement,True,2026-09-02T09:37:00Z,False,False,https://mendeleevskyi.ru/news/selo/v-sele-biziaki-otkryli-novuiu-sportivnuiu-ploshhadku,200,media,,True,https://mendeleevskyi.ru/news/selo/v-sele-biziaki-otkryli-novuiu-sportivnuiu-ploshhadku,resolved,mo-92639410,В селе Бизяки открыли новую спортивную площадку,useful,79,,
Новотроицкое,ready,medium,1,3,evt_829aa487ee7aab0748c8dde7,2026-09-05T20:31:42Z,55.6136559,,52.4085649,False,settlement,True,2026-09-02T09:35:00Z,False,False,https://tukai-rt.ru/news/amgyiat/novotroickoe-avylynda-zamanca-iaslar-kluby-acyldy,200,media,,True,https://tukai-rt.ru/news/amgyiat/novotroickoe-avylynda-zamanca-iaslar-kluby-acyldy,unknown,mo-92657455,В Новотроицком открылся современный молодёжный клуб,useful,79,,
,ready,low,1,1,evt_0476497c218321545a533658,2026-09-05T19:32:05Z,,,,False,territory,True,2026-09-02T09:34:00Z,False,False,https://tvchelny.ru/news/obshchestvo/studotriad-iz-tatarstana-lucsii-na-stroitelstve-vsm,200,media,,True,https://tvchelny.ru/news/obshchestvo/studotriad-iz-tatarstana-lucsii-na-stroitelstve-vsm,reported,mo-92730000,Студотряд из Татарстана — лучший на строительстве ВСМ,useful,62,,
,needs_review,low,1,1,evt_c850453dd52e8d2a92fe9e9d,2026-09-05T19:31:46Z,,,,False,territory,False,2026-09-02T09:33:23Z,False,False,https://t.me/vgora_vesti/45622,200,media,,True,https://t.me/vgora_vesti/45622,unknown,mo-92622000,"В Татарстане работают центры, где помогают женщинам, оказавшимся перед трудным выбором",context,0,not_editorially_useful,
,ready,low,1,1,evt_99c2567e7e82a603f192c648,2026-09-05T19:32:05Z,,,,False,territory,True,2026-09-02T09:29:00Z,False,False,https://tvchelny.ru/news/obshchestvo/v-saratove-otkrylsia-gitisfest-teatralnoe-privolze-2026,200,media,,True,https://tvchelny.ru/news/obshchestvo/v-saratove-otkrylsia-gitisfest-teatralnoe-privolze-2026,resolved,mo-92730000,В Саратове открылся «ГИТИСФЕСТ. Театральное Приволжье 2026»,useful,79,,
,needs_review,low,1,1,evt_eee26cbb390ce9404389591c,2026-09-05T19:32:05Z,,,,False,territory,False,2026-09-02T09:23:00Z,False,False,https://tvchelny.ru/news/obshchestvo/vizit-vicepremera-rt-v-lisicansk-skola-27-i-plany-dlia-starseklassnikov,200,media,,True,https://tvchelny.ru/news/obshchestvo/vizit-vicepremera-rt-v-lisicansk-skola-27-i-plany-dlia-starseklassnikov,reported,mo-92730000,Визит вице‑премьера РТ в Лисичанск: школа №27 и планы для старшеклассников,context,36,not_editorially_useful,
,needs_review,low,1,1,evt_6e669017d2fda170d5fb2784,2026-09-05T19:31:56Z,,,,False,territory,False,2026-09-02T09:22:00Z,False,False,https://almetievsk-ru.ru/news/gorod/skolniki-poselka-molodeznyi-uznali-podrobnosti-neprostoi-raboty-sotrudnikov-mcs,200,media,,True,https://almetievsk-ru.ru/news/gorod/skolniki-poselka-molodeznyi-uznali-podrobnosti-neprostoi-raboty-sotrudnikov-mcs,reported,mo-92608404,Школьники поселка Молодежный узнали подробности непростой работы сотрудников МЧС,context,16,not_editorially_useful,
,needs_review,low,1,1,evt_65bac5dc5659eb435f6114bf,2026-09-05T19:31:51Z,,,,False,territory,False,2026-09-02T09:11:20Z,False,False,https://t.me/sarman_rt/31976,200,media,,True,https://t.me/sarman_rt/31976,unknown,mo-92653460,Простой листик с огорода или природный помощник?,context,0,not_editorially_useful,
,needs_review,low,2,2,evt_ae1f1709df9ac0fe570085fe,2026-09-05T19:32:03Z,,,,False,territory,False,2026-09-02T09:03:55Z,False,False,https://rsloboda-rt.ru/news/obschestvo-i-myi/rossiiskie-banki-razvivaiut-finansovye-produkty-dlia-detei,200,media,,True,https://rsloboda-rt.ru/news/obschestvo-i-myi/rossiiskie-banki-razvivaiut-finansovye-produkty-dlia-detei,unknown,mo-92650000,Российские банки развивают финансовые продукты для детей,context,0,not_editorially_useful,
,needs_review,medium,1,1,evt_2f52de3c75e340a18e657d82,2026-09-05T20:31:42Z,,,,False,territory,False,2026-09-02T09:01:22Z,False,False,https://t.me/chistopol_news/41914,200,media,,True,https://t.me/chistopol_news/41914,unknown,mo-92659000,ПВО за ночь уничтожила 130 беспилотников,context,20,not_editorially_useful,
Казань,needs_review,low,1,1,evt_d756e8f9f1aac6a943d0cc10,2026-09-05T19:31:56Z,55.7946485,,49.1115022,False,settlement,False,2026-09-02T08:56:00Z,False,False,https://almetievsk-ru.ru/news/goryachie-novosti/vxod-svobodnyi-v-kazani-proidet-vystavka-nedvizimosti-i-stroitexnologii,200,media,,True,https://almetievsk-ru.ru/news/goryachie-novosti/vxod-svobodnyi-v-kazani-proidet-vystavka-nedvizimosti-i-stroitexnologii,unknown,mo-92701000,Вход свободный: в Казани пройдет выставка недвижимости и стройтехнологий,context,36,not_editorially_useful,
,ready,low,1,1,evt_bf36b6760b0fab2919f16607,2026-09-05T19:31:57Z,,,,False,territory,True,2026-09-02T08:42:00Z,False,False,https://buinsk-tat.ru/news/vchera-segodnya-zavtra/vse-lucsee-detiam-v-biurganovskoi-skole-zaverseny-remontnye-raboty,200,media,,True,https://buinsk-tat.ru/news/vchera-segodnya-zavtra/vse-lucsee-detiam-v-biurganovskoi-skole-zaverseny-remontnye-raboty,resolved,mo-92618000,Все лучшее – детям: в Бюргановской школе завершены ремонтные работы,useful,87,,
,needs_review,low,1,1,evt_be370a8a54305e9fca6c7dff,2026-09-05T19:31:59Z,,,,False,territory,False,2026-09-02T08:40:00Z,False,False,https://zainsk-inform.ru/news/obschestvo/zainskii-muzei-otkryl-vystavku-o-simaseve-v-verxnem-bagriaze-30-avgusta,200,media,,True,https://zainsk-inform.ru/news/obschestvo/zainskii-muzei-otkryl-vystavku-o-simaseve-v-verxnem-bagriaze-30-avgusta,reported,mo-92627000,Заинский музей открыл выставку о Симашёве в Верхнем Багряже 30 августа,context,20,not_editorially_useful,
,ready,low,1,1,evt_513c3e76f3d9cdeb8a149838,2026-09-05T19:32:05Z,,,,False,territory,True,2026-09-02T08:37:51Z,False,False,https://t.me/kzn_official/23565,200,official,,True,https://t.me/kzn_official/23565,unknown,mo-92701000,"На Подлужной, 49а начала работу уникальная площадка, объединяющая четыре центра развития для всех педагогов города — от студентов до ветеранов отрасли.",useful,89,,
Казань,ready,low,1,1,evt_caa328c6781f2703e3fef4cc,2026-09-05T19:32:04Z,55.7946485,,49.1115022,False,settlement,True,2026-09-02T08:34:00Z,False,False,https://chelny-izvest.ru/news/top5/v-kazani-proidut-dve-vystavki-v-ramkax-stroitelnoi-nedeli-briks,200,media,,True,https://chelny-izvest.ru/news/top5/v-kazani-proidut-dve-vystavki-v-ramkax-stroitelnoi-nedeli-briks,resolved,mo-92701000,Обе экспозиции будут открыты все четыре дня мероприятия,useful,79,,
Елабуга,ready,low,1,1,evt_a72e864ef8970d272d9873eb,2026-09-05T19:31:59Z,55.7577131,,52.0539938,False,settlement,True,2026-09-02T08:32:00Z,False,False,https://elabuga-rt.ru/news/novosti/v-elabuge-otkryli-vtoroi-sportivnyi-klass-po-plavaniiu,200,media,,True,https://elabuga-rt.ru/news/novosti/v-elabuge-otkryli-vtoroi-sportivnyi-klass-po-plavaniiu,resolved,mo-92626101,В Елабуге открыли второй спортивный класс по плаванию,useful,87,,
,needs_review,medium,1,1,evt_000f1843f5cf9f1583d1e6bb,2026-09-05T20:33:12Z,,,,False,territory,False,2026-09-02T08:30:00Z,False,False,https://shahrichalli.ru/news/kich-bgen-irtg/callyda-iullar-iabyla-1788335592,200,media,,True,https://shahrichalli.ru/news/kich-bgen-irtg/callyda-iullar-iabyla-1788335592,reported,mo-92730000,В Челнах частично закроют улицу Гостева и проспект Фоменко,context,67,not_editorially_useful,
,needs_review,medium,1,1,evt_d4f796d69e3e0f1055fbc203,2026-09-05T20:33:12Z,,,,False,territory,False,2026-09-02T08:30:00Z,False,False,https://shahrichalli.ru/news/kich-bgen-irtg/callyda-iullar-iabyla-1788335592,200,media,,True,https://shahrichalli.ru/news/kich-bgen-irtg/callyda-iullar-iabyla-1788335592,reported,mo-92730000,На мосту через Мелекес продолжаются ремонтные работы,context,67,not_editorially_useful,
,needs_review,medium,1,1,evt_ee2251431945908a6b1ff287,2026-09-05T20:33:12Z,,,,False,territory,False,2026-09-02T08:30:00Z,False,False,https://shahrichalli.ru/news/kich-bgen-irtg/callyda-iullar-iabyla-1788335592,200,media,,True,https://shahrichalli.ru/news/kich-bgen-irtg/callyda-iullar-iabyla-1788335592,reported,mo-92730000,Из-за конкурса для водителей грузовиков перекроют участки проспекта Чулман и улицы Раскольникова,context,67,not_editorially_useful,
,needs_review,low,1,1,evt_fe8ac651a68ac3be815f17b8,2026-09-05T19:32:01Z,,,,False,territory,False,2026-09-02T08:29:00Z,False,False,https://mendeleevskyi.ru/news/v-respublike-1708003091/rinat-sadykov-vstretilsia-so-skolnikami-lisicanska-v-den-znanii,200,media,,True,https://mendeleevskyi.ru/news/v-respublike-1708003091/rinat-sadykov-vstretilsia-so-skolnikami-lisicanska-v-den-znanii,reported,mo-92639000,Он поздравил школьников с началом нового учебного года и обсудил дальнейшую работу образовательного учреждения с педагогическим коллективом и учениками 10-х и 1,context,36,not_editorially_useful,
,needs_review,low,1,1,evt_a9ee025aeeb7533924e07c88,2026-09-05T19:31:56Z,,,,False,territory,False,2026-09-02T08:20:00Z,False,False,https://almetievsk-ru.ru/news/gorod/skoly-almetevska-i-raiona-otkryli-svoi-dveri-dlia-29-tysiac-ucenikov,200,media,,True,https://almetievsk-ru.ru/news/gorod/skoly-almetevska-i-raiona-otkryli-svoi-dveri-dlia-29-tysiac-ucenikov,resolved,mo-92608101,Школы Альметьевска и района открыли свои двери для 29 тысяч учеников,context,67,not_editorially_useful,
,needs_review,low,1,1,evt_8e823acbcbf8234c2f304f7b,2026-09-05T19:31:50Z,,,,False,territory,False,2026-09-02T08:19:21Z,False,False,https://t.me/smi_menzela/28761,200,media,,True,https://t.me/smi_menzela/28761,reported,mo-92640000,С началом учебного года родителям важно уделить особое внимание безопасности детей.,context,16,not_editorially_useful,
улица Нефтяников,needs_review,low,1,1,evt_c422eda3d01738a446a23ffa,2026-09-05T19:31:44Z,54.8842184,,52.3910978,False,street,False,2026-09-02T08:16:45Z,False,False,https://t.me/uvt24/32603,200,media,,True,https://t.me/uvt24/32603,unknown,mo-92608105,"В ЮВТ-24 вновь обратились жители улицы Нефтяников села Тихоновки. Здесь уже несколько лет подряд происходят порывы. В данный момент ведутся ремонтные работы, но вчера вечером снова был серьезный порыв, сейчас улица больше напоминает длинное озеро.",context,30,not_editorially_useful,
,needs_review,low,1,1,evt_1442eb855a9408276d6f59cb,2026-09-05T19:31:57Z,,,,False,territory,False,2026-09-02T08:14:00Z,False,False,https://bavly-tat.ru/news/obschestvo/mvd-provodit-reidy-po-vyiavleniiu-narusenii-v-migracionnoi-sfere-v-rt,200,media,,True,https://bavly-tat.ru/news/obschestvo/mvd-provodit-reidy-po-vyiavleniiu-narusenii-v-migracionnoi-sfere-v-rt,unknown,mo-92614000,МВД проводит рейды по выявлению нарушений в миграционной сфере в РТ,context,0,not_editorially_useful,
,needs_review,low,1,1,evt_ded814d5bf63011d17930358,2026-09-05T19:31:48Z,,,,False,territory,False,2026-09-02T08:03:01Z,False,False,https://t.me/volzhskie/36038,200,media,,True,https://t.me/volzhskie/36038,reported,mo-92644423,"Сейчас займусь домашним хозяйством и обязательно поищу работу, не могу сидеть без дела.",context,16,not_editorially_useful,
Максимов Починок,needs_review,low,1,1,evt_61357445e52811cf5ca65f4e,2026-09-05T19:31:49Z,55.6894134,,51.291651,False,settlement,False,2026-09-02T08:02:31Z,False,False,https://t.me/novosti_mamadysha/63814,200,media,,True,https://t.me/novosti_mamadysha/63814,unknown,mo-92638430,"Экспедиция завершилась, но свет этого события в селе останется надолго.",context,20,not_editorially_useful,
,ready,low,1,1,evt_e743eb42160165b8e4008a8b,2026-09-05T19:31:46Z,,,,False,territory,True,2026-09-02T07:52:40Z,False,False,https://t.me/vgora_vesti/45620,200,media,,True,https://t.me/vgora_vesti/45620,resolved,mo-92622000,"Парк «Заказанье» открыли всего несколько дней назад. Но уже сегодня здесь есть на что посмотреть — и, к сожалению, не только в хорошем смысле.",useful,79,,
,needs_review,low,1,1,evt_4cf0641d8a79a81dbdfc4e36,2026-09-05T19:31:52Z,,,,False,territory,False,2026-09-02T07:31:28Z,False,False,https://t.me/chistopol_news/41905,200,media,,True,https://t.me/chistopol_news/41905,unknown,mo-92659000,"Руководители и владельцы торговых точек! 🚨Эта памятка — для всех, кто торгует маркированными товарами: 🚬 табаком, 💨 никотином, а также продукцией со сроками годности 🥫📅.",context,0,not_editorially_useful,
,needs_review,low,1,1,evt_19219887f6626886a09812eb,2026-09-05T19:32:00Z,,,,False,territory,False,2026-09-02T07:29:00Z,False,False,https://laishevskyi.ru/news/obschestvo/v-laisevskom-raione-nacal-rabotu-derzavinskii-klass,200,media,,True,https://laishevskyi.ru/news/obschestvo/v-laisevskom-raione-nacal-rabotu-derzavinskii-klass,unknown,mo-92634468,"Это событие — не просто открытие очередной учебной группы с углубленным изучением предметов, а точка сборки культурной памяти региона и его технологического буд",context,20,not_editorially_useful,
,ready,medium,1,1,evt_df4fafa51e8abe60e1c0d90a,2026-09-05T20:33:12Z,,,,False,territory,True,2026-09-02T07:27:00Z,False,False,https://alekseyevsk.ru/news/v-respublike/skolniki-tatarstana-mogut-pomoc-prirode-i-vyigrat-prizy,200,media,,True,https://alekseyevsk.ru/news/v-respublike/skolniki-tatarstana-mogut-pomoc-prirode-i-vyigrat-prizy,reported,mo-92606000,В Татарстане начался прием заявок на конкурс «Школьный экопатруль»,useful,70,,
Лениногорск,ready,medium,1,2,evt_9683631366d932ba1857b54a,2026-09-05T20:33:12Z,54.5994324,,52.4469099,False,settlement,True,2026-09-02T07:22:33Z,False,False,https://t.me/len_vesti/29668,200,media,,True,https://t.me/len_vesti/29668,reported,mo-92636101,"Плановые отключения электроэнергии в Лениногорске 2, 3 и 8 сентября",useful,87,,
Заинск,needs_review,low,1,1,evt_514402c75eed2cab4246d3ee,2026-09-05T19:31:59Z,55.2866509,,52.0056047,False,settlement,False,2026-09-02T07:20:00Z,False,False,https://zainsk-inform.ru/news/obschestvo/v-detskom-sadu-druznaia-semeika-v-zainske-pereexali-v-novoe-zdanie-s-dostupnoi-sredoi,200,media,,True,https://zainsk-inform.ru/news/obschestvo/v-detskom-sadu-druznaia-semeika-v-zainske-pereexali-v-novoe-zdanie-s-dostupnoi-sredoi,reported,mo-92627101,Детский сад «Дружная семейка» в Заинске переехал в новое здание с доступной средой,context,36,not_editorially_useful,
,needs_review,medium,1,2,evt_c875fbad0efc3012b6589684,2026-09-05T20:33:12Z,,,,False,territory,False,2026-09-02T07:07:37Z,False,False,https://t.me/verhniyuslon/40998,200,media,,True,https://t.me/verhniyuslon/40998,reported,mo-92620000,Татарско-Бурнашевская школа открылась после капитального ремонта,context,16,not_editorially_useful,
,needs_review,low,1,1,evt_aeb01384178dcfe9161c7694,2026-09-05T20:34:07Z,,,,False,territory,False,2026-09-02T07:03:00Z,False,False,https://saby-rt.ru/news/rayon/saba-raionynyn-iaslek-iaslar-uzage-17-mln-sum-grant-otty,200,media,,True,https://saby-rt.ru/news/rayon/saba-raionynyn-iaslek-iaslar-uzage-17-mln-sum-grant-otty,unknown,mo-92652000,"Саба районының «Яшьлек» яшьләр үзәге 1,7 млн сум грант отты",context,36,not_editorially_useful,
улица Тази Гиззата,ready,medium,1,5,evt_3e90ae9ca2935c065695c426,2026-09-05T20:34:01Z,55.7620823,,52.007469,True,street,True,2026-09-02T07:00:00Z,False,False,https://elabuga-rt.ru/news/novosti/na-neskolkix-ulicax-elabugi-nociu-otkliucat-xolodnuiu-vodu,200,media,,True,https://elabuga-rt.ru/news/novosti/na-neskolkix-ulicax-elabugi-nociu-otkliucat-xolodnuiu-vodu,planned,mo-92626101,В Елабуге ночью отключат холодную воду на нескольких улицах,useful,97,,
,needs_review,low,1,1,evt_38ce937a04a220769e55455a,2026-09-05T19:32:05Z,,,,False,territory,False,2026-09-02T06:59:01Z,False,False,https://t.me/kzn_official/23556,200,official,,True,https://t.me/kzn_official/23556,resolved,mo-92701000,Он открыт со вторника по воскресенье с 11 до 19 часов.,context,59,not_editorially_useful,
,needs_review,low,1,1,evt_a4f09ff4b0e38054cb8417e6,2026-09-05T19:31:57Z,,,,False,territory,False,2026-09-02T06:51:00Z,False,False,https://buinsk-tat.ru/news/vchera-segodnya-zavtra/v-novyi-ucebnyi-god-s-zabotoi-o-prirode-v-tatarstane-startoval-konkurs-skolnyi-ekopatrul,200,media,,True,https://buinsk-tat.ru/news/vchera-segodnya-zavtra/v-novyi-ucebnyi-god-s-zabotoi-o-prirode-v-tatarstane-startoval-konkurs-skolnyi-ekopatrul,reported,mo-92618000,"В республике Татарстан начался прием заявок на новый этап республиканского конкурса «Школьный экопатруль», который реализуется в поддержку национального проекта",context,50,not_editorially_useful,
,needs_review,low,1,1,evt_d9a9b3d20c4c69b8b87aa345,2026-09-05T19:31:51Z,,,,False,territory,False,2026-09-02T06:31:35Z,False,False,https://t.me/rusloboda/35247,200,media,,True,https://t.me/rusloboda/35247,reported,mo-92701000,"Министр туризма Мальдив анонсировал открытие рейсов Maldivian в Россию, но эксперты ставят под сомнение наличие достаточного парка широкофюзеляжных самолетов.",context,20,not_editorially_useful,
,needs_review,low,1,1,evt_fd4f775ae4de5ecda68e139f,2026-09-05T19:32:04Z,,,,False,territory,False,2026-09-02T06:27:00Z,False,False,https://chelny-izvest.ru/news/proisshestviya/v-aktanysskom-raione-motociklist-pogib-v-dtp-s-traktorom,200,media,,True,https://chelny-izvest.ru/news/proisshestviya/v-aktanysskom-raione-motociklist-pogib-v-dtp-s-traktorom,reported,mo-92730000,В Актанышском районе мотоциклист погиб в ДТП с трактором,context,20,not_editorially_useful,
,ready,medium,1,1,evt_6cccc23cfe75de9297cf4e0d,2026-09-05T20:34:38Z,,,,False,territory,True,2026-09-02T06:26:00Z,False,False,https://kukmor-rt.ru/news/bez-torle-amma-berdam/izge-niiat-belan-baslangan-es-kukmarada-nasyixat-macete-tozela,200,media,,True,https://kukmor-rt.ru/news/bez-torle-amma-berdam/izge-niiat-belan-baslangan-es-kukmarada-nasyixat-macete-tozela,reported,mo-92633101,Кукмарада «Нәсыйхәт» мәчете төзелеше бара,useful,89,,
,needs_review,low,1,1,evt_aa65166590f28abeb8cc1611,2026-09-05T19:32:02Z,,,,False,territory,False,2026-09-02T06:26:00Z,False,False,https://nizhnekamsk-rt.ru/news/obschestvo/v-filiale-kolledza-torzestvenno-otkryli-novyi-ucebnyi-god,200,media,,True,https://nizhnekamsk-rt.ru/news/obschestvo/v-filiale-kolledza-torzestvenno-otkryli-novyi-ucebnyi-god,resolved,mo-92644000,В филиале колледжа торжественно открыли новый учебный год,context,59,not_editorially_useful,
,needs_review,low,1,1,evt_577dc00c4b9425ccf07fd5c1,2026-09-05T19:31:59Z,,,,False,territory,False,2026-09-02T06:20:00Z,False,False,https://elabuga-rt.ru/news/novosti/vice-premer-tatarstana-posetil-vosstanovlennuiu-respublikoi-skolu-v-lisicanske,200,media,,True,https://elabuga-rt.ru/news/novosti/vice-premer-tatarstana-posetil-vosstanovlennuiu-respublikoi-skolu-v-lisicanske,resolved,mo-92626000,Вице-премьер Татарстана посетил восстановленную республикой школу в Лисичанске,context,46,not_editorially_useful,
,needs_review,low,1,1,evt_2b317b03ad8d0ef519df909b,2026-09-05T19:32:01Z,,,,False,territory,False,2026-09-02T06:14:00Z,False,False,https://mamadysh-rt.ru/news/8/obnovlennaia-krasnogorskaia-skola-priniala-340-ucenikov-v-novom-ucebnom-godu,200,media,,True,https://mamadysh-rt.ru/news/8/obnovlennaia-krasnogorskaia-skola-priniala-340-ucenikov-v-novom-ucebnom-godu,resolved,mo-92638000,"Капитальный ремонт, стартовавший 27 марта, завершился точно в срок благодаря поддержке федерального проекта.",context,67,not_editorially_useful,
,needs_review,medium,1,1,evt_92d7e673ae5c1db85b4c2eb9,2026-09-05T20:34:38Z,,,,False,territory,False,2026-09-02T06:12:07Z,False,False,https://t.me/arskmedia/27569,200,media,,True,https://t.me/arskmedia/27569,reported,mo-92612151,В Арском агропромышленном колледже открыт обновлённый общежитие после капремонта,context,59,not_editorially_useful,
,needs_review,low,1,1,evt_c77cff82a6882935937ddeba,2026-09-05T19:32:04Z,,,,False,territory,False,2026-09-02T06:12:00Z,False,False,https://chistopol-rt.ru/news/obschestvo/zampremer-ministra-rt-obsudil-razvitie-lisicanskoi-skoly-s-pedagogami-i-starseklassnikami,200,media,,True,https://chistopol-rt.ru/news/obschestvo/zampremer-ministra-rt-obsudil-razvitie-lisicanskoi-skoly-s-pedagogami-i-starseklassnikami,reported,mo-92659101,"Заместитель Премьер-министра Республики Татарстан Ринат Садыков, курирующий восстановление Лисичанска и Рубежного, в День знаний посетил школу № 27, которую Тат",context,36,not_editorially_useful,
,needs_review,low,1,1,evt_3e062338aa562e1528e4d929,2026-09-05T19:32:04Z,,,,False,territory,False,2026-09-02T06:10:00Z,False,False,https://chelny-izvest.ru/news/facts/bolee-600-domov-zaplanirovano-kapitalno-otremontirovat-v-tatarstane-v-2027-godu,200,media,,True,https://chelny-izvest.ru/news/facts/bolee-600-domov-zaplanirovano-kapitalno-otremontirovat-v-tatarstane-v-2027-godu,reported,mo-92730000,Более 600 домов запланировано капитально отремонтировать в Татарстане в 2027 году,context,67,not_editorially_useful,
,needs_review,medium,1,2,evt_b44d85872979dbac663414af,2026-09-05T20:34:38Z,,,,False,territory,False,2026-09-02T06:10:00Z,False,False,https://nashcheremshan.ru/news/beznen-rayonda/cirmesan-raion-uzak-bolnicasynyn-diagnostika-bulege-remontlandy,200,media,,True,https://nashcheremshan.ru/news/beznen-rayonda/cirmesan-raion-uzak-bolnicasynyn-diagnostika-bulege-remontlandy,reported,mo-92658470,В диагностическом отделении Чиремшанской районной больницы завершили капремонт,context,16,not_editorially_useful,
Данышево,ready,low,1,1,evt_d7c6faad0920279f7a548c43,2026-09-05T19:31:48Z,55.2287916,,49.0306668,False,settlement,True,2026-09-02T06:02:01Z,False,False,https://t.me/volzhskie/36035,200,media,,True,https://t.me/volzhskie/36035,resolved,mo-92630420,После капитального ремонта открыл свои двери сельский клуб.,useful,79,,
,needs_review,low,1,1,evt_af0b78db231bb4e9dc2761b2,2026-09-05T19:31:44Z,,,,False,territory,False,2026-09-02T06:01:58Z,False,False,https://t.me/alki_vesti/20517,200,media,,True,https://t.me/alki_vesti/20517,resolved,mo-92607000,Этим летом начался капитальный ремонт здания киноучреждения «Колос».,context,59,not_editorially_useful,
,ready,low,1,1,evt_230f313cac08aa535e63bfef,2026-09-05T19:32:01Z,,,,False,territory,True,2026-09-02T06:00:00Z,False,False,https://leninogorsk-rt.ru/news/sobytie-nedeli/v-leninogorske-2-3-8-sentiabria-proizoidet-otkliucenie-elektroenergii,200,media,,True,https://leninogorsk-rt.ru/news/sobytie-nedeli/v-leninogorske-2-3-8-sentiabria-proizoidet-otkliucenie-elektroenergii,reported,mo-92636101,"В Лениногорске 2, 3, 8 сентября произойдет отключение электроэнергии",useful,97,,
,needs_review,low,1,1,evt_c252f071fa1e36c9e3d2d19c,2026-09-05T19:32:01Z,,,,False,territory,False,2026-09-02T05:55:00Z,False,False,https://mamadysh-rt.ru/news/obshchestvo/ziteli-mamadysa-zadali-voprosy-na-prieme-u-glavy,200,media,,True,https://mamadysh-rt.ru/news/obshchestvo/ziteli-mamadysa-zadali-voprosy-na-prieme-u-glavy,reported,mo-92638000,"На встрече обсуждались земельные и жилищные вопросы, открытие музея в Малых Кирменях и проблемы общественного транспорта.",context,20,not_editorially_useful,
,ready,low,1,1,evt_6652807da20a911adc9a17fb,2026-09-05T19:31:45Z,,,,False,territory,True,2026-09-02T05:52:34Z,False,False,https://t.me/uvt24/32600,200,media,,True,https://t.me/uvt24/32600,resolved,mo-92608101,Школы Альметьевска и района открыли свои двери для 29 тысяч учеников,useful,87,,
,needs_review,low,1,1,evt_a9e54f8b6c0689ae5b27419d,2026-09-05T19:31:48Z,,,,False,territory,False,2026-09-02T05:51:38Z,False,False,https://t.me/kaibicy/45809,200,media,,True,https://t.me/kaibicy/45809,reported,mo-92629000,"С марта прошлого года действует принцип «Построил — оформи»: прежде чем начать жить в новом доме, нужно внести сведения о правах в ЕГРН.",context,67,not_editorially_useful,
,needs_review,low,1,1,evt_9558e217a0f1a054ad4c2e3b,2026-09-05T19:32:04Z,,,,False,territory,False,2026-09-02T05:51:00Z,False,False,https://tetyushy.ru/news/natsproekty/v-tatarstane-startoval-konkurs-skolnyi-ekopatrul,200,media,,True,https://tetyushy.ru/news/natsproekty/v-tatarstane-startoval-konkurs-skolnyi-ekopatrul,resolved,mo-92655000,В Республике Татарстан открыт приём заявок на новый этап республиканского конкурса «Школьный экопатруль».,context,67,not_editorially_useful,
,needs_review,medium,1,2,evt_2b5cea6c4637649b50238154,2026-09-05T20:35:31Z,,,,False,territory,False,2026-09-02T05:50:00Z,False,False,https://yashel-uzan.ru/news/yash%D3%99esh/tatarstanda-migrantlarny-massakulam-tikseru-buenca-reidlar-baslandy,200,media,,True,https://yashel-uzan.ru/news/yashәesh/tatarstanda-migrantlarny-massakulam-tikseru-buenca-reidlar-baslandy,unknown,mo-92628000,В Татарстане начались рейды по массовой проверке мигрантов,context,0,not_editorially_useful,
,needs_review,low,1,1,evt_ce1402715742da1728c22964,2026-09-05T19:32:00Z,,,,False,territory,False,2026-09-02T05:45:00Z,False,False,https://laishevskyi.ru/news/kriminal/cistaia-respublika-nacinaetsia-so-skolnoi-peremeny,200,media,,True,https://laishevskyi.ru/news/kriminal/cistaia-respublika-nacinaetsia-so-skolnoi-peremeny,reported,mo-92634000,1 сентября 2025 года начался прием заявок на очередной этап республиканского конкурса «Школьный экопатруль».,context,50,not_editorially_useful,
,needs_review,medium,1,1,evt_375a2692125b5571f5d17c10,2026-09-05T20:35:31Z,,,,False,territory,False,2026-09-02T05:39:00Z,False,False,https://saby-rt.ru/news/rayon/tabys-kibetenda-seminar-uzdy,200,media,,True,https://saby-rt.ru/news/rayon/tabys-kibetenda-seminar-uzdy,reported,mo-92652000,Семинар в магазине «Табыш»,context,0,not_editorially_useful,
,needs_review,medium,1,2,evt_54784e4381182833ed8637f4,2026-09-05T20:35:32Z,,,,False,territory,False,2026-09-02T05:39:00Z,False,False,https://aznakaevo-rt.ru/news/iangyn-kurkynycsyzlygy/aznakaida-kibetta-iangyn-cykkan,200,media,,True,https://aznakaevo-rt.ru/news/iangyn-kurkynycsyzlygy/aznakaida-kibetta-iangyn-cykkan,reported,mo-92602000,Пожар в магазине «Находка» в Азнакаево,context,30,not_editorially_useful,
,needs_review,medium,1,2,evt_c2b32cccc90f4f0329e5fbd1,2026-09-05T20:35:32Z,,,,False,territory,False,2026-09-02T05:37:38Z,False,False,https://t.me/atannary/29038,200,media,,True,https://t.me/atannary/29038,resolved,mo-92608000,Ремонт школы № 2 в Альметьевске завершён,context,59,not_editorially_useful,
,needs_review,low,1,1,evt_ba043231b16d736637fba23f,2026-09-05T19:31:59Z,,,,False,territory,False,2026-09-02T05:34:00Z,False,False,https://kaibicy.ru/news/novosti/avtoekspert-laduskin-obieiasnil-motociklistam-kakie-fary-ispolzovat-v-tumane,200,media,,True,https://kaibicy.ru/news/novosti/avtoekspert-laduskin-obieiasnil-motociklistam-kakie-fary-ispolzovat-v-tumane,unknown,mo-92629000,"Автоэксперт Ладушкин объяснил мотоциклистам, какие фары использовать в тумане",context,16,not_editorially_useful,
,needs_review,low,1,1,evt_7416ff2591688e9b2129c72c,2026-09-05T19:32:02Z,,,,False,territory,False,2026-09-02T05:33:00Z,False,False,https://novoshishminsk.ru/news/v-respublike/v-tatarstane-startuet-skolnyi-ekopatrul,200,media,,True,https://novoshishminsk.ru/news/v-respublike/v-tatarstane-startuet-skolnyi-ekopatrul,reported,mo-92645000,"В республике Татарстан начался прием заявок на новый этап республиканского конкурса «Школьный экопатруль», который реализуется в поддержку национального проекта",context,50,not_editorially_useful,
,needs_review,medium,1,2,evt_4c78b53b4b5aca73c02f35e3,2026-09-05T20:35:57Z,,,,False,territory,False,2026-09-02T05:28:00Z,False,False,https://arskmedia.ru/news/yaalyklar/tatarstan-policiiase-legal-bulmagan-migrantlar-buenca-reidlar-seriiasen-baslady,200,media,,True,https://arskmedia.ru/news/yaalyklar/tatarstan-policiiase-legal-bulmagan-migrantlar-buenca-reidlar-seriiasen-baslady,unknown,mo-92612000,В Татарстане началась серия рейдов полиции по нелегальным мигрантам,context,0,not_editorially_useful,
,needs_review,low,1,1,evt_57a1917554a1f023e0252d87,2026-09-05T19:31:46Z,,,,False,territory,False,2026-09-02T05:27:05Z,False,False,https://t.me/BavlyinformNEWS/44364,200,media,,True,https://t.me/BavlyinformNEWS/44364,unknown,mo-92614000,В Татарстане идет набор в 50-ю отдельную бригаду Войск беспилотных систем «Варяг» для управления дронами «Герань»,context,0,not_editorially_useful,
,needs_review,medium,1,3,evt_3c27ab07618f920117e0d607,2026-09-05T20:35:57Z,,,,False,territory,False,2026-09-02T05:26:00Z,False,False,https://almet-rt.ru/news/mf/66368,200,media,,True,https://almet-rt.ru/news/mf/66368,resolved,mo-92608000,В Альметьевске завершили ремонт школы №2,context,59,not_editorially_useful,
,needs_review,low,1,1,evt_ca9f943500b3c4d3b51b455f,2026-09-05T19:32:05Z,,,,False,territory,False,2026-09-02T05:26:00Z,False,False,https://yutazy.ru/news/obschestvo/v-tatarstane-startoval-konkurs-skolnyi-ekopatrul-2026,200,media,,True,https://yutazy.ru/news/obschestvo/v-tatarstane-startoval-konkurs-skolnyi-ekopatrul-2026,reported,mo-92654000,В Татарстане стартовал конкурс «Школьный экопатруль» — 2026,context,50,not_editorially_useful,
Елабуга,needs_review,low,1,1,evt_c309687d1e3d65e4ec8cdae7,2026-09-05T19:31:59Z,55.7577131,,52.0539938,False,settlement,False,2026-09-02T05:23:00Z,False,False,https://elabuga-rt.ru/news/tema-dnya/v-elabuge-oficialno-zakryli-kupalnyi-sezon,200,media,,True,https://elabuga-rt.ru/news/tema-dnya/v-elabuge-oficialno-zakryli-kupalnyi-sezon,unknown,mo-92626101,В Елабуге официально закрыли купальный сезон,context,20,not_editorially_useful,
,needs_review,medium,1,1,evt_d7d0fc340f74352e11570eac,2026-09-05T20:35:57Z,,,,False,territory,False,2026-09-02T05:21:00Z,False,False,https://chuprale-online.ru/news/obschestvo/v-tatarstane-startoval-konkurs-skolnyi-ekopatrul,200,media,,True,https://chuprale-online.ru/news/obschestvo/v-tatarstane-startoval-konkurs-skolnyi-ekopatrul,reported,mo-92624000,В Татарстане стартовал конкурс «Школьный экопатруль»,context,50,not_editorially_useful,
,needs_review,low,1,1,evt_fe114e0ecf6bf93531740c45,2026-09-05T19:32:02Z,,,,False,territory,False,2026-09-02T05:17:00Z,False,False,https://nurlat-tat.ru/news/novosti/v-tatarstane-startoval-priem-zaiavok-na-skolnyi-ekopatrul,200,media,,True,https://nurlat-tat.ru/news/novosti/v-tatarstane-startoval-priem-zaiavok-na-skolnyi-ekopatrul,reported,mo-92646000,В Татарстане стартовал прием заявок на «Школьный экопатруль»,context,50,not_editorially_useful,
,needs_review,medium,1,2,evt_380bd3f08df9c1265e6920fc,2026-09-05T20:36:32Z,,,,False,territory,False,2026-09-02T05:15:00Z,False,False,https://tukai-rt.ru/news/amgyiat/tatarstanda-pedagoglarga-iardam-caralary-kinaitela,200,media,,True,https://tukai-rt.ru/news/amgyiat/tatarstanda-pedagoglarga-iardam-caralary-kinaitela,reported,mo-92657000,В Татарстане расширяются меры поддержки педагогов,context,36,not_editorially_useful,
,ready,low,1,1,evt_4ea9a74b07f5ef6251fa80a3,2026-09-05T19:32:00Z,,,,False,territory,True,2026-09-02T05:06:00Z,False,False,https://laishevskyi.ru/news/kriminal/trud-pedagoga-uvekovecili-lica-ucitelei-rt-poiavilis-na-ak-bars-arene,200,media,,True,https://laishevskyi.ru/news/kriminal/trud-pedagoga-uvekovecili-lica-ucitelei-rt-poiavilis-na-ak-bars-arene,reported,mo-92701000,Труд педагога увековечили: лица учителей РТ появились на «Ак Барс Арене»,useful,79,,
,ready,low,1,1,evt_4631b7e8bf22de574b94a008,2026-09-05T19:31:55Z,,,,False,territory,True,2026-09-02T05:04:00Z,False,False,https://alekseyevsk.ru/news/konkursyi/v-tatarstane-startoval-novyi-etap-konkursa-skolnyi-ekopatrul,200,media,,True,https://alekseyevsk.ru/news/konkursyi/v-tatarstane-startoval-novyi-etap-konkursa-skolnyi-ekopatrul,reported,mo-92606000,В Татарстане начался прием заявок на новый этап республиканского конкурса «Школьный экопатруль».,useful,70,,
,ready,low,1,1,evt_7903e22bbc6cc3882e38fce3,2026-09-05T19:31:59Z,,,,False,territory,True,2026-09-02T05:02:00Z,False,False,https://zainsk-inform.ru/news/obschestvo/spiski-familii-na-memoriale-v-zainske-budut-obnovliatsia-dvazdy-v-god,200,media,,True,https://zainsk-inform.ru/news/obschestvo/spiski-familii-na-memoriale-v-zainske-budut-obnovliatsia-dvazdy-v-god,resolved,mo-92627101,"В начале августа на Бульваре Победы в Заинске открылся уникальный мемориальный комплекс, посвящённый трём поколениям защитников Отечества – участникам специальн",useful,89,,
,needs_review,medium,1,2,evt_6d6cffcf5dd218b14fd7dba7,2026-09-05T20:36:32Z,,,,False,territory,False,2026-09-02T05:01:45Z,False,False,https://t.me/chelnytv/46087,200,media,,True,https://t.me/chelnytv/46087,reported,mo-92730000,Открытие после капитального ремонта Детской музыкальной школы №2,context,36,not_editorially_useful,
,needs_review,medium,1,1,evt_a10d755a2778fd4c416787d8,2026-09-05T20:36:32Z,,,,False,territory,False,2026-09-02T05:00:00Z,False,False,https://baltaci.ru/news/magarif/berence-syinyf-ukucylary-ocen-ioklanes-atnaga-21-sagat-bilgelangan,200,media,,True,https://baltaci.ru/news/magarif/berence-syinyf-ukucylary-ocen-ioklanes-atnaga-21-sagat-bilgelangan,reported,mo-92615151,Беренче сыйныф укучылары өчен уку йөкләнеше атнага 21 сәгатькә чикләнә,context,59,not_editorially_useful,
,needs_review,high,0,1,evt_legacy_3929ab52bbec19bf46f7cc87,2026-09-04T15:47:33Z,,public-3fcbe521a3744392,,False,territory,False,2026-09-02T00:00:00Z,True,False,https://media.kpfu.ru/news/filolog-kfu-obyasnil-kak-klassiki-zaglyadyvayut-v-dushi,200,official,,True,https://media.kpfu.ru/news/filolog-kfu-obyasnil-kak-klassiki-zaglyadyvayut-v-dushi,unknown,RU-TA,"Филолог КФУ объяснил, как классики заглядывают в души",context,0,missing_primary_evidence|not_editorially_useful,
,needs_review,high,0,1,evt_legacy_3f52bad07d3b9829398a75d1,2026-09-04T15:47:33Z,,public-14a00d861573a6ff,,False,territory,False,2026-09-02T00:00:00Z,True,False,https://media.kpfu.ru/news/v-den-znaniy-kfu-posetil-direktor-departamenta-gosudarstvennoy-molodezhnoy-politiki-i,200,official,,True,https://media.kpfu.ru/news/v-den-znaniy-kfu-posetil-direktor-departamenta-gosudarstvennoy-molodezhnoy-politiki-i,unknown,RU-TA,КФУ посетил директор Департамента государственной молодежной политики и воспитательной деятельности Минобрнауки России,context,0,missing_primary_evidence|not_editorially_useful,
,needs_review,high,0,1,evt_legacy_dcca8e0b2f81b648940f38a5,2026-09-04T15:47:33Z,,public-d518c4be799c727f,,False,territory,False,2026-09-02T00:00:00Z,True,False,https://media.kpfu.ru/news/melodii-vmesto-zvonkov-psikholog-kfu-o-tom-kak-muzyka-menyaet-shkolnuyu-atmosferu,200,official,,True,https://media.kpfu.ru/news/melodii-vmesto-zvonkov-psikholog-kfu-o-tom-kak-muzyka-menyaet-shkolnuyu-atmosferu,unknown,RU-TA,"Мелодии вместо звонков: психолог КФУ о том, как музыка меняет школьную атмосферу",context,16,missing_primary_evidence|not_editorially_useful,
,needs_review,high,0,1,evt_legacy_dd0966b7dde5ae1c6b8d9d91,2026-09-04T13:14:12Z,,public-38fab1c979562895,,False,territory,False,2026-09-02T00:00:00Z,True,False,,,official,URLError,False,https://16.rosstat.gov.ru/news/document/289545,unknown,RU-TA,С 3 сентября по 2 октября 2026 года Татарстанстат проводит Выборочное наблюдение состояния здоровья населения,context,0,missing_primary_evidence|not_editorially_useful,source_unreachable_at_audit
,needs_review,high,0,1,evt_legacy_fdc7fcfc906ddabf67b3e405,2026-09-04T15:47:33Z,,public-379afcfdf4fb0ab5,,False,territory,False,2026-09-02T00:00:00Z,True,False,https://media.kpfu.ru/news/nauchnyy-verdikt-zabluzhdeniya-o-fitoftore-razveyal-ekspert-kfu,200,official,,True,https://media.kpfu.ru/news/nauchnyy-verdikt-zabluzhdeniya-o-fitoftore-razveyal-ekspert-kfu,unknown,RU-TA,«Научный вердикт»: заблуждения о фитофторе развеял эксперт КФУ,context,16,missing_primary_evidence|not_editorially_useful,
Новое Ибрайкино,ready,low,1,1,evt_7541c268d9fe463c95f3ba2e,2026-09-05T19:31:45Z,54.8679981,,51.1654878,False,settlement,True,2026-09-01T20:08:26Z,False,False,https://t.me/selskayanovaksubaevo/34697,200,media,,True,https://t.me/selskayanovaksubaevo/34697,resolved,mo-92604430,В Новом Ибрайкине Аксубаевского района открыли новую дорогу после капитального ремонта.,useful,87,,
,needs_review,low,1,1,evt_466180abfe9a082564b1b505,2026-09-05T19:31:50Z,,,,False,territory,False,2026-09-01T18:39:37Z,False,False,https://t.me/pestresy/48334,200,media,,True,https://t.me/pestresy/48334,unknown,mo-92648000,В Татарстане идет набор в 50-ю отдельную бригаду Войск беспилотных систем «Варяг» для управления дронами «Герань»,context,0,not_editorially_useful,
,needs_review,low,1,1,evt_d462b25dd8a0a37d406612f8,2026-09-05T19:31:50Z,,,,False,territory,False,2026-09-01T18:35:18Z,False,False,https://t.me/shesmauk/35750,200,media,,True,https://t.me/shesmauk/35750,unknown,mo-92645000,В Татарстане идет набор в 50-ю отдельную бригаду Войск беспилотных систем «Варяг» для управления дронами «Герань»,context,0,not_editorially_useful,
,needs_review,medium,1,1,evt_c4a0038403fb9f7a82682008,2026-09-05T20:36:32Z,,,,False,territory,False,2026-09-01T17:53:16Z,False,False,https://t.me/arskmedia/27553,200,media,,True,https://t.me/arskmedia/27553,reported,mo-92612000,В Арче ныклап төзекләндерелгән күпфатирлы йорт,context,46,not_editorially_useful,
,ready,medium,1,2,evt_1e0096a8ae3c531d5cbc33a4,2026-09-05T20:37:34Z,,,,False,territory,True,2026-09-01T17:51:00Z,False,False,https://zamansulyshy.ru/news/jemgyiyat/axmatov-agere-raionynda-6-men-baska-isaplangan-terlekcelek-kompleksy-tozela,200,media,,True,https://zamansulyshy.ru/news/jemgyiyat/axmatov-agere-raionynda-6-men-baska-isaplangan-terlekcelek-kompleksy-tozela,in_progress,mo-92601440,В Агрязском районе строят животноводческий комплекс на 6 тысяч голов,useful,87,,
,needs_review,low,1,1,evt_3d55653564eaea1f7c41e6e4,2026-09-05T19:31:51Z,,,,False,territory,False,2026-09-01T17:46:06Z,False,False,https://t.me/yakti_ul/31250,200,media,,True,https://t.me/yakti_ul/31250,unknown,mo-92657000,В Татарстане идет набор в 50-ю отдельную бригаду Войск беспилотных систем «Варяг» для управления дронами «Герань»,context,0,not_editorially_useful,
,needs_review,low,1,1,evt_b13f6e781a63132e46ba0ec6,2026-09-05T19:31:47Z,,,,False,territory,False,2026-09-01T17:37:55Z,False,False,https://t.me/drozzanoe90/20729,200,media,,True,https://t.me/drozzanoe90/20729,reported,mo-92624000,"Сегодня, 1 сентября, здесь прошла торжественная линейка, открывшая новый учебный год.",context,20,not_editorially_useful,
,ready,low,1,1,evt_b5ecedf2f08b56f2509ef80f,2026-09-05T19:31:47Z,,,,False,territory,True,2026-09-01T17:35:50Z,False,False,https://t.me/drozzanoe90/20728,200,media,,True,https://t.me/drozzanoe90/20728,resolved,mo-92624000,"В День знаний Стародрожжановский многопрофильный лицей распахнул двери для нового образовательного проекта. Здесь торжественно открылись агротехнологические классы – современные учебные пространства, созданные в рамках федерального проекта «Кадры в АПК».",useful,79,,
,ready,medium,1,1,evt_366defcadce2e05af37603d4,2026-09-05T20:37:34Z,,,,False,territory,True,2026-09-01T17:25:00Z,False,False,https://agryz-rt.ru/news/po-materialam-tatar-inform/v-tatarstane-zapustili-kruzki-po-iskusstvennomu-intellektu-v-skolax-i-kolledzax,200,media,,True,https://agryz-rt.ru/news/po-materialam-tatar-inform/v-tatarstane-zapustili-kruzki-po-iskusstvennomu-intellektu-v-skolax-i-kolledzax,reported,mo-92601000,В Татарстане начали работу кружки по искусственному интеллекту в школах и колледжах,useful,87,,
,needs_review,low,1,1,evt_bda88f3d993e3f2225260ae1,2026-09-05T19:31:47Z,,,,False,territory,False,2026-09-01T17:23:44Z,False,False,https://t.me/drozzanoe90/20722,200,media,,True,https://t.me/drozzanoe90/20722,unknown,mo-92624000,В Татарстане идет набор в 50-ю отдельную бригаду Войск беспилотных систем «Варяг» для управления дронами «Герань»,context,0,not_editorially_useful,
улица 8 Марта,needs_review,low,1,1,evt_0261342f368982f17a4282e5,2026-09-05T19:31:45Z,54.9056558,,52.3287286,False,street,False,2026-09-01T17:10:28Z,False,False,https://t.me/uvt24/32587,200,media,,True,https://t.me/uvt24/32587,reported,mo-92608101,Директор «ЖЭУ-7» в Альметьевске получила штраф 50 тыс. рублей за грязь и мокриц в подъездах,context,46,not_editorially_useful,
,needs_review,medium,1,2,evt_4ef335d1defebc1e7be691fb,2026-09-05T20:38:11Z,,,,False,territory,False,2026-09-01T17:10:19Z,False,False,https://t.me/pestresy/48321,200,media,,True,https://t.me/pestresy/48321,reported,mo-92648000,Старо-Шигалеевская школа открылась после капитального ремонта,context,50,not_editorially_useful,
,needs_review,low,1,1,evt_ab014e25fdbffaba004db217,2026-09-05T19:31:46Z,,,,False,territory,False,2026-09-01T16:37:01Z,False,False,https://t.me/BavlyinformNEWS/44349,200,media,,True,https://t.me/BavlyinformNEWS/44349,reported,mo-92614000,"В кабинете появились новые стулья, парты, макеты оружия, бинокли, манекены для оказания первой медицинской помощи.",context,16,not_editorially_useful,
,needs_review,medium,1,1,evt_a230f6c8db39812390fe5cc2,2026-09-05T20:38:11Z,,,,False,territory,False,2026-09-01T16:09:01Z,False,False,https://t.me/pestresy/48320,200,media,,True,https://t.me/pestresy/48320,unknown,mo-92656445,«Август-Тюлячи» завершает уборку рапса в Пестречинском районе,context,36,not_editorially_useful,
,needs_review,low,1,1,evt_52e6dfbbf8dd2a929e09a0d2,2026-09-05T19:31:50Z,,,,False,territory,False,2026-09-01T16:02:41Z,False,False,https://t.me/kampolany/16354,200,media,,True,https://t.me/kampolany/16354,unknown,mo-92644000,В Татарстане идет набор в 50-ю отдельную бригаду Войск беспилотных систем «Варяг» для управления дронами «Герань»,context,0,not_editorially_useful,
,ready,low,1,1,evt_7196570a538159aa7c12b9d0,2026-09-05T19:31:58Z,,,,False,territory,True,2026-09-01T16:00:00Z,False,False,https://biektaw.ru/news/v-respublike/v-tatarstane-otkrylis-kruzki-po-iskusstvennomu-intellektu-dlia-skolnikov,200,media,,True,https://biektaw.ru/news/v-respublike/v-tatarstane-otkrylis-kruzki-po-iskusstvennomu-intellektu-dlia-skolnikov,resolved,mo-92622000,В Татарстане открылись кружки по искусственному интеллекту для школьников,useful,87,,
,needs_review,low,1,1,evt_13b9ff9fdaf78ef0bd5ba3c6,2026-09-05T19:31:45Z,,,,False,territory,False,2026-09-01T15:22:02Z,False,False,https://t.me/atannary/29026,200,media,,True,https://t.me/atannary/29026,unknown,mo-92608000,В Татарстане идет набор в 50-ю отдельную бригаду Войск беспилотных систем «Варяг» для управления дронами «Герань»,context,0,not_editorially_useful,
Ивановка,needs_review,medium,1,1,evt_f9cb8e16ce6b5dfed86b1610,2026-09-05T20:38:11Z,54.5055879,,52.4388623,False,settlement,False,2026-09-01T15:11:00Z,False,False,https://zamansulyshy.ru/news/kyiska-hdjbdjrldjr/raionybyznyn-ivanovka-avylynda-uzara-salym-akcasyna-cup-salu-ocen-konteinerlar-satyp-algannar,200,media,,True,https://zamansulyshy.ru/news/kyiska-hdjbdjrldjr/raionybyznyn-ivanovka-avylynda-uzara-salym-akcasyna-cup-salu-ocen-konteinerlar-satyp-algannar,reported,mo-92636415,В деревне Ивановка на средства самообложения купили контейнеры для мусора,context,20,not_editorially_useful,
,needs_review,low,1,1,evt_1b48d559c166381863ddbf3f,2026-09-05T19:31:51Z,,,,False,territory,False,2026-09-01T15:06:44Z,False,False,https://t.me/sarman_rt/31965,200,media,,True,https://t.me/sarman_rt/31965,unknown,mo-92653000,В Татарстане идет набор в 50-ю отдельную бригаду Войск беспилотных систем «Варяг» для управления дронами «Герань»,context,0,not_editorially_useful,
,ready,low,1,1,evt_d4e2fcda03caa2cef211cfb5,2026-09-05T19:31:46Z,,,,False,territory,True,2026-09-01T14:54:09Z,False,False,https://t.me/vgora_vesti/45600,200,media,,True,https://t.me/vgora_vesti/45600,resolved,mo-92622000,Сегодня в Высокогорском районе сразу две школы после капитального ремонта снова открыли свои двери для учеников — Куркачинская и Усадская.,useful,87,,
,needs_review,medium,1,2,evt_e043c753e18e3b339bec31df,2026-09-05T20:39:02Z,,,,False,territory,False,2026-09-01T14:48:00Z,False,False,https://shahrichalli.ru/news/kich-bgen-irtg/callyda-kapital-remonttan-son-balalar-muzyka-maktabe-ukucylarny-kabul-itte-fotoreportaz,200,media,,True,https://shahrichalli.ru/news/kich-bgen-irtg/callyda-kapital-remonttan-son-balalar-muzyka-maktabe-ukucylarny-kabul-itte-fotoreportaz,reported,mo-92730000,В Челнах после капремонта открылась 2-я детская музыкальная школа,context,0,not_editorially_useful,
,needs_review,low,1,1,evt_5d2d80a3749f1833e6e13653,2026-09-05T19:31:56Z,,,,False,territory,False,2026-09-01T14:27:00Z,False,False,https://almetievsk-ru.ru/news/stati-gazety-znamya-truda/grantovyi-konkurs-tatneft-profsoiuza-obieediniaia-liudei-sozdaem-budushhee-pomogaet-voploshhat-v-ziz,200,media,,True,https://almetievsk-ru.ru/news/stati-gazety-znamya-truda/grantovyi-konkurs-tatneft-profsoiuza-obieediniaia-liudei-sozdaem-budushhee-pomogaet-voploshhat-v-ziz,unknown,mo-92608000,Грантовый конкурс Татнефть Профсоюза «Объединяя людей – создаем будущее» помогает воплощать в жизнь инициативы членов профсоюза,context,0,not_editorially_useful,
,ready,low,2,2,evt_5ba9833f405ef69999927208,2026-09-05T19:31:56Z,,,,False,territory,True,2026-09-01T14:23:00Z,False,False,https://aksubayevo.ru/news/news/v-aksubaevskoi-skole-3-otkrylsia-agroklass,200,media,,True,https://aksubayevo.ru/news/news/v-aksubaevskoi-skole-3-otkrylsia-agroklass,resolved,mo-92604000,В Аксубаевской школе №3 открылся агрокласс,useful,87,,
Новое Ибрайкино,ready,low,1,1,evt_271e0489a2ddacff6994eea4,2026-09-05T19:31:45Z,54.8679981,,51.1654878,False,settlement,True,2026-09-01T14:22:20Z,False,False,https://t.me/selskayanovaksubaevo/34685,200,media,,True,https://t.me/selskayanovaksubaevo/34685,reported,mo-92604430,С начала года в селе выполнено немало важных дел.,useful,79,,
Мензелинск,ready,low,1,1,evt_caa58c145528c35ef673147a,2026-09-05T19:32:02Z,55.7255585,,53.1071815,False,settlement,True,2026-09-01T14:22:00Z,False,False,https://menzela.ru/news/tema-dnya/v-menzelinske-otkrylsia-sportkompleks-alga,200,media,,True,https://menzela.ru/news/tema-dnya/v-menzelinske-otkrylsia-sportkompleks-alga,resolved,mo-92640101,В Мензелинске открылся спорткомплекс «Алга»,useful,79,,
,ready,medium,1,2,evt_f24cfb7f213fdab414ce37d2,2026-09-05T20:39:02Z,,,,False,territory,True,2026-09-01T14:17:09Z,False,False,https://t.me/xezmet_gazetasi/59681,200,media,,True,https://t.me/xezmet_gazetasi/59681,reported,mo-92615000,В Орском авыле за загрязнение территории наложен штраф после проверки комиссии,useful,62,,
,needs_review,low,1,1,evt_3fe1c6edd6c625a44d68fc90,2026-09-05T19:31:50Z,,,,False,territory,False,2026-09-01T14:12:45Z,False,False,https://t.me/smi_menzela/28746,200,media,,True,https://t.me/smi_menzela/28746,unknown,mo-92640000,В Татарстане идет набор в 50-ю отдельную бригаду Войск беспилотных систем «Варяг» для управления дронами «Герань»,context,0,not_editorially_useful,
"улица дружба, 68",ready,low,1,1,evt_dcbe392adbfc6474cd7d579d,2026-09-05T19:32:02Z,54.4343204,,50.7835362,True,building,True,2026-09-01T14:04:00Z,False,False,https://nurlat-tat.ru/news/novosti/skola-4-v-nurlate-otkrylas-posle-kapremonta-1-sentiabria,200,media,,True,https://nurlat-tat.ru/news/novosti/skola-4-v-nurlate-otkrylas-posle-kapremonta-1-sentiabria,resolved,mo-92646000,Школа №4 в Нурлате открылась после капремонта 1 сентября,useful,87,,
,needs_review,low,1,1,evt_8de45b8529d75fd6a734ba8f,2026-09-05T19:31:47Z,,,,False,territory,False,2026-09-01T14:03:22Z,False,False,https://t.me/drozzanoe90/20719,200,media,,True,https://t.me/drozzanoe90/20719,unknown,mo-92624000,"В «Дрожжановском техникуме отраслевых технологий» прошла торжественная линейка, посвященная Дню Знаний. Смотрите наш видеоролик 😊",context,0,not_editorially_useful,
,ready,low,1,1,evt_7e37d5b47b8dd58b9b034b51,2026-09-05T19:31:58Z,,,,False,territory,True,2026-09-01T14:00:00Z,False,False,https://vuslon.ru/news/obschestvo/v-skolax-i-kolledzax-tatarstana-otkrylis-kruzki-po-iskusstvennomu-intellektu,200,media,,True,https://vuslon.ru/news/obschestvo/v-skolax-i-kolledzax-tatarstana-otkrylis-kruzki-po-iskusstvennomu-intellektu,resolved,mo-92620000,В школах и колледжах Татарстана открылись кружки по искусственному интеллекту,useful,87,,
,needs_review,low,1,1,evt_b884513fe0184b18255803b8,2026-09-05T19:31:58Z,,,,False,territory,False,2026-09-01T14:00:00Z,False,False,https://biektaw.ru/news/v-respublike/boicy-kazani-pobedili-v-komissarskom-konkurse-na-trasse-vsm,200,media,,True,https://biektaw.ru/news/v-respublike/boicy-kazani-pobedili-v-komissarskom-konkurse-na-trasse-vsm,reported,mo-92701000,Студенческий строительный отряд «Казань» из КГАСУ признан лучшим по комиссарской деятельности на строительстве высокоскоростной магистрали Москва – Санкт-Петерб,context,50,not_editorially_useful,
,needs_review,low,2,2,evt_d7e80c42307f2c545d28d276,2026-09-05T19:31:49Z,,,,False,territory,False,2026-09-01T13:59:56Z,False,False,https://t.me/len_vesti/29660,200,media,,True,https://t.me/len_vesti/29660,unknown,mo-92636000,В Татарстане идет набор в 50-ю отдельную бригаду Войск беспилотных систем «Варяг» для управления дронами «Герань»,context,0,not_editorially_useful,
,needs_review,low,1,1,evt_6dc18387ee652f8ee8a36bd2,2026-09-05T19:31:51Z,,,,False,territory,False,2026-09-01T13:54:13Z,False,False,https://t.me/TulInformm/35487,200,media,,True,https://t.me/TulInformm/35487,unknown,mo-92656000,В Татарстане идет набор в 50-ю отдельную бригаду Войск беспилотных систем «Варяг» для управления дронами «Герань»,context,0,not_editorially_useful,
,needs_review,low,1,1,evt_b57b3caa7ee624187ae7e499,2026-09-05T19:31:47Z,,,,False,territory,False,2026-09-01T13:32:37Z,False,False,https://t.me/drozzanoe90/20718,200,media,,True,https://t.me/drozzanoe90/20718,unknown,mo-92624000,Открытие агротехклассов в Стародрожжановском многопрофильном лицее смотрите в нашем видеорепортаже👆,context,20,not_editorially_useful,
Буинск,needs_review,low,1,1,evt_0e073412e4af221f680c69e9,2026-09-05T19:31:57Z,54.9712371,,48.2930213,False,settlement,False,2026-09-01T13:25:00Z,False,False,https://buinsk-tat.ru/news/vchera-segodnya-zavtra/v-buinske-novaia-skola-priniala-svoix-pervyx-ucenikov-fotoreportaz,200,media,,True,https://buinsk-tat.ru/news/vchera-segodnya-zavtra/v-buinske-novaia-skola-priniala-svoix-pervyx-ucenikov-fotoreportaz,reported,mo-92618101,Новый корпус лицея №2 открыл свои двери несколько дней назад.,context,36,not_editorially_useful,
улица Фурманова,needs_review,low,1,1,evt_4c8f92298b80613a69f74cd0,2026-09-05T19:31:57Z,54.5539095,,52.7976592,False,street,False,2026-09-01T13:21:00Z,False,False,https://bugulma-tatarstan.ru/news/crime/zitel-bugulmy-predstanet-pered-sudom-za-pozar-v-kotorom-pogibla-ego-mat,200,media,,True,https://bugulma-tatarstan.ru/news/crime/zitel-bugulmy-predstanet-pered-sudom-za-pozar-v-kotorom-pogibla-ego-mat,reported,mo-92617101,"Житель Бугульмы предстанет перед судом за пожар, в котором погибла его мать",context,30,not_editorially_useful,
,needs_review,low,1,1,evt_e65ebb8d5f3df980f915887d,2026-09-05T19:31:59Z,,,,False,territory,False,2026-09-01T13:18:00Z,False,False,https://elabuga-rt.ru/news/novosti/bexterevskaia-skola-vstretila-ucenikov-posle-masstabnogo-kapitalnogo-remonta,200,media,,True,https://elabuga-rt.ru/news/novosti/bexterevskaia-skola-vstretila-ucenikov-posle-masstabnogo-kapitalnogo-remonta,reported,mo-92626000,Бехтеревская школа встретила учеников после масштабного капитального ремонта,context,16,not_editorially_useful,
Данышево,ready,low,1,1,evt_30d792162fa5a582c89423b1,2026-09-05T19:32:00Z,55.2287916,,49.0306668,False,settlement,True,2026-09-01T13:16:00Z,False,False,https://kamskoe-ustie.ru/news/kultura/v-danysevo-otkryli-klub-posle-remonta,200,media,,True,https://kamskoe-ustie.ru/news/kultura/v-danysevo-otkryli-klub-posle-remonta,resolved,mo-92630420,В Данышево открыли клуб после ремонта,useful,79,,
,needs_review,low,1,1,evt_c0d6ba0c4f50d7161a58d3d6,2026-09-05T19:31:50Z,,,,False,territory,False,2026-09-01T13:04:31Z,False,False,https://t.me/pestresy/48319,200,media,,True,https://t.me/pestresy/48319,reported,mo-92648000,1 сентября Старо-Шигалеевская школа встретила учащихся после капитального ремонта.,context,36,not_editorially_useful,
,ready,low,1,1,evt_dd730face5e699b671792b71,2026-09-05T19:31:48Z,,,,False,territory,True,2026-09-01T13:02:01Z,False,False,https://t.me/volzhskie/36026,200,media,,True,https://t.me/volzhskie/36026,reported,mo-92630151,В Камском Устье идут строительно-ремонтные работы,useful,97,,
,needs_review,low,1,1,evt_c2618e29e7f625708d390205,2026-09-05T19:32:02Z,,,,False,territory,False,2026-09-01T13:01:00Z,False,False,https://nurlat-tat.ru/news/obschestvo/sobranie-trudovogo-kollektiva-nurlatskoi-crb-prosla-s-ucastiem-ministra-i-deputata,200,media,,True,https://nurlat-tat.ru/news/obschestvo/sobranie-trudovogo-kollektiva-nurlatskoi-crb-prosla-s-ucastiem-ministra-i-deputata,reported,mo-92646000,Собрание трудового коллектива Нурлатской ЦРБ прошла с участием министра и депутата,context,16,not_editorially_useful,
,needs_review,medium,1,3,evt_5504340a57d36e7beb4c94a2,2026-09-05T20:39:02Z,,,,False,territory,False,2026-09-01T13:00:00Z,False,False,https://baltaci.ru/news/xavef-xatar/kazanda-iangynda-bis-kesene-kotkargannar,200,media,,True,https://baltaci.ru/news/xavef-xatar/kazanda-iangynda-bis-kesene-kotkargannar,reported,mo-92615151,Пожар в Казани: спасли пять человек,context,30,not_editorially_useful,
,ready,low,1,1,evt_b297b245d5a1dc52f2dcf0d8,2026-09-05T19:31:58Z,,,,False,territory,True,2026-09-01T13:00:00Z,False,False,https://vuslon.ru/news/tema-dnya/tatarsko-burnasevskaia-skola-otkrylas-posle-kapremonta,200,media,,True,https://vuslon.ru/news/tema-dnya/tatarsko-burnasevskaia-skola-otkrylas-posle-kapremonta,resolved,mo-92620405,Татарско-Бурнашевская школа открылась после капремонта,useful,87,,
,needs_review,low,1,1,evt_31fcd6e01257e5ad5ca0840c,2026-09-05T19:31:56Z,,,,False,territory,False,2026-09-01T12:40:00Z,False,False,https://almetievsk-ru.ru/news/tatarstan-segodnia/sto-skol-tatarstana-zapustili-kruzki-po-iskusstvennomu-intellektu,200,media,,True,https://almetievsk-ru.ru/news/tatarstan-segodnia/sto-skol-tatarstana-zapustili-kruzki-po-iskusstvennomu-intellektu,reported,mo-92608000,Сто школ Татарстана запустили кружки по искусственному интеллекту,context,67,not_editorially_useful,
,ready,low,1,1,evt_0d7e70f5ff77422e847974b0,2026-09-05T19:31:55Z,,,,False,territory,True,2026-09-01T12:37:00Z,False,False,https://alekseyevsk.ru/news/obshchestvo/studenty-iz-tatarstana-stroiat-budushhee-pobeda-na-vsm-moskva-peterburg,200,media,,True,https://alekseyevsk.ru/news/obshchestvo/studenty-iz-tatarstana-stroiat-budushhee-pobeda-na-vsm-moskva-peterburg,reported,mo-92701000,Студенческий строительный отряд «Казань» из Казанского государственного архитектурно-строительного университета стал лучшим по комиссарской деятельности на прое,useful,62,,
,needs_review,medium,1,3,evt_17e8b022a48838cbef09e901,2026-09-05T20:37:34Z,,,,False,territory,False,2026-09-01T12:34:42Z,False,False,https://t.me/n_chrmshn/18554,200,media,,True,https://t.me/n_chrmshn/18554,reported,mo-92658000,Завершён капитальный ремонт столовой в Староильмовской школе,context,16,not_editorially_useful,
,needs_review,low,10,10,evt_6ad7e46361f7be370b534d1a,2026-09-05T19:31:52Z,,,,False,territory,False,2026-09-01T12:32:38Z,False,False,https://t.me/n_chrmshn/18532,200,media,,True,https://t.me/n_chrmshn/18532,reported,mo-92701000,С 29 по 31 октября в МВЦ «Казань Экспо» пройдёт Международный Форум Kazan Digital Week 2026,context,20,not_editorially_useful,
,ready,low,1,1,evt_03251be62858a23e87ee87f0,2026-09-05T19:32:01Z,,,,False,territory,True,2026-09-01T12:17:00Z,False,False,https://mamadysh-rt.ru/news/obshchestvo/mamadysskie-skolniki-otkryli-ucebnyi-god-lineikoi,200,media,,True,https://mamadysh-rt.ru/news/obshchestvo/mamadysskie-skolniki-otkryli-ucebnyi-god-lineikoi,resolved,mo-92638000,Мамадышские школьники открыли учебный год линейкой,useful,87,,
,ready,low,1,1,evt_a39b82888f4a75aeb6bdd514,2026-09-05T19:32:05Z,,,,False,territory,True,2026-09-01T12:15:00Z,False,False,https://yutazy.ru/news/obschestvo/skolniki-tatarstana-budut-proektirovat-cifrovyx-agentov-s-7-go-klassa,200,media,,True,https://yutazy.ru/news/obschestvo/skolniki-tatarstana-budut-proektirovat-cifrovyx-agentov-s-7-go-klassa,resolved,mo-92654000,С 1 сентября в Татарстане стартовал новый учебный год с важным нововведением: в 100 школах и 35 колледжах республики открылись кружки по искусственному интеллек,useful,87,,
,ready,low,1,1,evt_2eb796fb953ac9c1632c73f5,2026-09-05T19:32:05Z,,,,False,territory,True,2026-09-01T12:11:00Z,False,False,https://yutazy.ru/news/obschestvo/predstavitel-tatarstana-priznan-lucsim-masterom-na-proekte-vsm,200,media,,True,https://yutazy.ru/news/obschestvo/predstavitel-tatarstana-priznan-lucsim-masterom-na-proekte-vsm,reported,mo-92701000,Студенческий строительный отряд «Казань» из КГАСУ признан лучшим по комиссарской деятельности на строительстве высокоскоростной магистрали Москва — Санкт-Петерб,useful,70,,
,needs_review,low,1,1,evt_e3af32edf6aafa0471749bc8,2026-09-05T19:32:04Z,,,,False,territory,False,2026-09-01T12:10:00Z,False,False,https://chistopol-rt.ru/news/obschestvo/v-cistopolskom-licee-prosla-vstreca-s-sotrudnikami-gibdd-i-mcs,200,media,,True,https://chistopol-rt.ru/news/obschestvo/v-cistopolskom-licee-prosla-vstreca-s-sotrudnikami-gibdd-i-mcs,reported,mo-92659101,Гостями пятиклассников стали начальник РЭО ОГИБДД ОМВД России по Чистопольскому району майор полиции Ильнар Шамсутдинов и сотрудник МЧС Самат Забиров.,context,16,not_editorially_useful,
,ready,low,1,1,evt_304d9f23c32d7ec571554811,2026-09-05T19:31:56Z,,,,False,territory,True,2026-09-01T12:08:00Z,False,False,https://aksubayevo.ru/news/news/pobeda-tatarstanskix-studentov-na-pervoi-v-rossii-vysokoskorostnoi-magistrali,200,media,,True,https://aksubayevo.ru/news/news/pobeda-tatarstanskix-studentov-na-pervoi-v-rossii-vysokoskorostnoi-magistrali,reported,mo-92701000,Студенческий строительный отряд «Казань» из Казанского государственного архитектурно-строительного университета признан лучшим на строительстве первой в России,useful,70,,
,needs_review,low,1,1,evt_448e447551979494fee57df2,2026-09-05T19:32:03Z,,,,False,territory,False,2026-09-01T12:08:00Z,False,False,https://rsloboda-rt.ru/news/obschestvo-i-myi/torzestvennyi-start-ucebnogo-goda-v-rybno-slobodskom-agrotexniceskom-texnikume,200,media,,True,https://rsloboda-rt.ru/news/obschestvo-i-myi/torzestvennyi-start-ucebnogo-goda-v-rybno-slobodskom-agrotexniceskom-texnikume,reported,mo-92650000,"Новый учебный год в Рыбно-Слободском агротехническом техникуме начался с яркого и душевного праздника, объединившего студентов, преподавателей, мастеров произво",context,36,not_editorially_useful,
,needs_review,low,1,1,evt_7857eb252bec0ebefd9a7013,2026-09-05T19:31:44Z,,,,False,territory,False,2026-09-01T12:05:54Z,False,False,https://t.me/zariaaleks/32296,200,media,,True,https://t.me/zariaaleks/32296,unknown,mo-92606000,"Увеличится субсидия на содержание коров, расширятся возможности при покупке молодняка и появится новое направление поддержки мини-ферм.",context,0,not_editorially_useful,
,ready,low,1,1,evt_fd3d687d2c341063090f8d8f,2026-09-05T19:31:58Z,,,,False,territory,True,2026-09-01T12:00:00Z,False,False,https://vuslon.ru/news/obschestvo/tatarstanskii-studotriad-pobedil-na-stroike-vsm-moskva-sankt-peterburg,200,media,,True,https://vuslon.ru/news/obschestvo/tatarstanskii-studotriad-pobedil-na-stroike-vsm-moskva-sankt-peterburg,reported,mo-92701000,Студенческий строительный отряд «Казань» из Казанского государственного архитектурно-строительного университета занял первое место по комиссарской деятельности,useful,70,,
,needs_review,low,1,1,evt_5e837f78e21fea03b2879b59,2026-09-05T19:31:55Z,,,,False,territory,False,2026-09-01T11:58:00Z,False,False,https://alekseyevsk.ru/news/prazdniki/v-alekseevskom-agrarnom-kolledze-otmetili-den-znanii,200,media,,True,https://alekseyevsk.ru/news/prazdniki/v-alekseevskom-agrarnom-kolledze-otmetili-den-znanii,reported,mo-92606000,В Алексеевском аграрном колледже отметили День знаний,context,36,not_editorially_useful,
Менделеевск,ready,low,1,1,evt_61311cf4932ddc9c410e721c,2026-09-05T19:32:01Z,55.894251,,52.312064,False,settlement,True,2026-09-01T11:56:00Z,False,False,https://mendeleevskyi.ru/news/gorod-i-gorozhane/2-sentiabria-otkliucat-xolodnuiu-i-goriacuiu-vodu-po-neskolkim-adresam-v-mendeleevske,200,media,,True,https://mendeleevskyi.ru/news/gorod-i-gorozhane/2-sentiabria-otkliucat-xolodnuiu-i-goriacuiu-vodu-po-neskolkim-adresam-v-mendeleevske,planned,mo-92639101,2 сентября отключат холодную и горячую воду по нескольким адресам в Менделеевске,useful,79,,
Старое Шигалеево,needs_review,low,1,1,evt_8be540f384e57cf5a22d93c6,2026-09-05T19:32:02Z,55.8237152,,49.5081757,False,settlement,False,2026-09-01T11:56:00Z,False,False,https://pestrecy-rt.ru/news/%D0%BE%D0%B1%D1%80%D0%B0%D0%B7%D0%BE%D0%B2%D0%B0%D0%BD%D0%B8%D0%B5/v-starom-sigaleevo-ucebnyi-god-nacalsia-v-obnovlennoi-skole,200,media,,True,https://pestrecy-rt.ru/news/образование/v-starom-sigaleevo-ucebnyi-god-nacalsia-v-obnovlennoi-skole,reported,mo-92648475,После капитального ремонта учреждение распахнуло двери для 225 учеников,context,36,not_editorially_useful,
,ready,low,1,1,evt_ac52796ab2633aae7ac4a858,2026-09-05T19:32:02Z,,,,False,territory,True,2026-09-01T11:45:00Z,False,False,https://nurlat-tat.ru/news/obrazovanie-1701153903/v-tatarstane-otkryli-ii-kruzki-v-100-skolax-i-35-kolledzax,200,media,,True,https://nurlat-tat.ru/news/obrazovanie-1701153903/v-tatarstane-otkryli-ii-kruzki-v-100-skolax-i-35-kolledzax,resolved,mo-92646000,В Татарстане открыли ИИ-кружки в 100 школах и 35 колледжах,useful,87,,
,ready,low,1,1,evt_b1b6cde6e7ad74e28b2735af,2026-09-05T19:31:59Z,,,,False,territory,True,2026-09-01T11:40:00Z,False,False,https://zpravda.ru/news/novosti/studenceskii-otriad-iz-tatarstana-priznan-lucsim-na-stroitelstve-vsm-moskva-sankt-peterburg,200,media,,True,https://zpravda.ru/news/novosti/studenceskii-otriad-iz-tatarstana-priznan-lucsim-na-stroitelstve-vsm-moskva-sankt-peterburg,reported,mo-92628101,Студенческий отряд из Татарстана признан лучшим на строительстве ВСМ Москва – Санкт-Петербург,useful,70,,
,needs_review,low,1,1,evt_c149001357061f5fc10786d0,2026-09-05T19:31:52Z,,,,False,territory,False,2026-09-01T11:39:05Z,False,False,https://t.me/n_chrmshn/18551,200,media,,True,https://t.me/n_chrmshn/18551,reported,mo-92658000,Капитальный ремонт пищеблока завершился этим летом.,context,36,not_editorially_useful,
,needs_review,medium,1,2,evt_f13c5b91e80ac04325317101,2026-09-05T20:39:02Z,,,,False,territory,False,2026-09-01T11:34:00Z,False,False,https://nurlat-tat.ru/news/pogoda/tuman-nakroet-tatarstan-nociu-i-utrom-2-sentiabria,200,media,,True,https://nurlat-tat.ru/news/pogoda/tuman-nakroet-tatarstan-nociu-i-utrom-2-sentiabria,reported,mo-92646000,Туман в Татарстане ночью и утром 2 сентября,context,0,not_editorially_useful,
,needs_review,low,1,1,evt_8cd0131231de821546f77c08,2026-09-05T19:31:57Z,,,,False,territory,False,2026-09-01T11:32:00Z,False,False,https://buinsk-tat.ru/news/vchera-segodnya-zavtra/v-skolax-i-kolledzax-tatarstana-otkrylis-kruzki-po-iskusstvennomu-intellektu,200,media,,True,https://buinsk-tat.ru/news/vchera-segodnya-zavtra/v-skolax-i-kolledzax-tatarstana-otkrylis-kruzki-po-iskusstvennomu-intellektu,resolved,mo-92618000,В школах и колледжах Татарстана открылись кружки по искусственному интеллекту,context,67,not_editorially_useful,
,ready,low,1,1,evt_08f1bccf97d1aaa4fbc1acaa,2026-09-05T19:31:57Z,,,,False,territory,True,2026-09-01T11:30:00Z,False,False,https://buinsk-tat.ru/news/vchera-segodnya-zavtra/studotriad-iz-tatarstana-priznali-lucsim-na-stroitelstve-vsm,200,media,,True,https://buinsk-tat.ru/news/vchera-segodnya-zavtra/studotriad-iz-tatarstana-priznali-lucsim-na-stroitelstve-vsm,reported,mo-92618000,Студотряд из Татарстана признали лучшим на строительстве ВСМ,useful,70,,
,needs_review,low,1,1,evt_6d1d00f312ddc2341ea4ae5d,2026-09-05T19:31:56Z,,,,False,territory,False,2026-09-01T11:30:00Z,False,False,https://almetievsk-ru.ru/news/gorod/avariinoe-derevo-gorelo-vozle-doma-neftianikov-39,200,media,,True,https://almetievsk-ru.ru/news/gorod/avariinoe-derevo-gorelo-vozle-doma-neftianikov-39,unknown,mo-92608000,"Аварийное дерево горело возле дома Нефтяников, 39",context,30,not_editorially_useful,
,needs_review,low,1,1,evt_fa8812c0ffee73e5a56a4447,2026-09-05T19:32:02Z,,,,False,territory,False,2026-09-01T11:22:00Z,False,False,https://nizhnekamsk-rt.ru/news/obschestvo/v-skolax-i-kolledzax-tatarstana-otkrylis-kruzki-po-iskusstvennomu-intellektu,200,media,,True,https://nizhnekamsk-rt.ru/news/obschestvo/v-skolax-i-kolledzax-tatarstana-otkrylis-kruzki-po-iskusstvennomu-intellektu,resolved,mo-92644000,В школах и колледжах Татарстана открылись кружки по искусственному интеллекту,context,67,not_editorially_useful,
"ул. дружбы, 68",ready,medium,1,2,evt_004e5cfa04a234d73a9eea79,2026-09-05T20:41:33Z,54.434018949999995,,50.782846277744696,True,building,True,2026-09-01T11:21:00Z,False,False,https://nurlat-tat.ru/news/obrazovanie-1701153903/v-nurlate-otkryli-skolu-4-s-ucastiem-glavy-raiona-i-ministra,200,media,,True,https://nurlat-tat.ru/news/obrazovanie-1701153903/v-nurlate-otkryli-skolu-4-s-ucastiem-glavy-raiona-i-ministra,resolved,mo-92646101,Открытие школы № 4 после капремонта в Нурлате,useful,87,,
,needs_review,medium,1,2,evt_ef67fa04e3e5f2ece620a4c8,2026-09-05T20:39:39Z,,,,False,territory,False,2026-09-01T11:19:00Z,False,False,https://tulachi.ru/news/v-respublike/ike-kazanly-migrantlar-belan-ialgan-xezmat-kilesulare-tozegan,200,media,,True,https://tulachi.ru/news/v-respublike/ike-kazanly-migrantlar-belan-ialgan-xezmat-kilesulare-tozegan,unknown,mo-92656000,В Казани пресекли продажу фиктивных трудовых договоров мигрантам,context,0,not_editorially_useful,
,ready,low,1,1,evt_af500cdd0c9d4e1073f8cf18,2026-09-05T19:32:01Z,,,,False,territory,True,2026-09-01T11:17:00Z,False,False,https://mamadysh-rt.ru/news/obshchestvo/studenceskii-otriad-kgasu-pobedil-v-proekte-vsm,200,media,,True,https://mamadysh-rt.ru/news/obshchestvo/studenceskii-otriad-kgasu-pobedil-v-proekte-vsm,reported,mo-92701000,"Студенческий строительный отряд «Казань», представляющий КазГАСУ, одержал победу в номинации «Лучшая комиссарская деятельность» на объекте строительства высокос",useful,70,,
,ready,low,1,1,evt_8cdcb595a5971a6c50183882,2026-09-05T19:32:02Z,,,,False,territory,True,2026-09-01T11:16:00Z,False,False,https://nizhnekamsk-rt.ru/news/obschestvo/studotriad-iz-tatarstana-priznali-lucsim-na-stroitelstve-vsm,200,media,,True,https://nizhnekamsk-rt.ru/news/obschestvo/studotriad-iz-tatarstana-priznali-lucsim-na-stroitelstve-vsm,reported,mo-92701000,Студотряд из Татарстана признали лучшим на строительстве ВСМ,useful,70,,
,needs_review,low,1,1,evt_81468da957c0b30f18c464c4,2026-09-05T19:31:50Z,,,,False,territory,False,2026-09-01T11:12:01Z,False,False,https://t.me/pestresy/48317,200,media,,True,https://t.me/pestresy/48317,reported,mo-92648000,"Осенью дачникам важно не оставлять сад без ухода после завершения сбора урожая. Одной из главных задач в этот период является уборка гнилых и засохших плодов, а также борьба с сорняками, рассказал председатель Московского союза садоводов Андрей Туманов в беседе с «Радио 1",context,16,not_editorially_useful,
,needs_review,low,1,1,evt_dc2fb43011d21fa5edc9511e,2026-09-05T19:31:51Z,,,,False,territory,False,2026-09-01T11:09:52Z,False,False,https://t.me/yakti_ul/31242,200,media,,True,https://t.me/yakti_ul/31242,reported,mo-92657405,Праздничная линейка 1 сентября прошла в обновлённой школе посёлка Новый — после капитального ремонта.,context,36,not_editorially_useful,
,ready,low,2,2,evt_edccddadf78e4616965b6306,2026-09-05T19:32:07Z,,,,False,territory,True,2026-09-01T11:07:09Z,False,False,https://t.me/avianovsav/6303,200,official,,True,https://t.me/avianovsav/6303,resolved,mo-92701000,Сегодня на базе многопрофильного лицея №170 начал работу Центр кикбоксинга.,useful,79,,
,ready,low,1,1,evt_6cb87f21561b57075d559bf6,2026-09-05T19:32:02Z,,,,False,territory,True,2026-09-01T11:02:00Z,False,False,https://novoshishminsk.ru/news/v-respublike/v-135-ucrezdeniiax-obrazovaniia-respubliki-zarabotali-kruzki-po-iskusstvennomu-intellektu,200,media,,True,https://novoshishminsk.ru/news/v-respublike/v-135-ucrezdeniiax-obrazovaniia-respubliki-zarabotali-kruzki-po-iskusstvennomu-intellektu,resolved,mo-92645000,Сегодня в России начался новый учебный год.,useful,87,,
,needs_review,low,1,1,evt_312aaf0d3e9d781a68d3b5bb,2026-09-05T19:31:43Z,,,,False,territory,False,2026-09-01T11:01:01Z,False,False,https://t.me/universityinnopolis/3556,200,media,,True,https://t.me/universityinnopolis/3556,unknown,RU-TA,"Наш ректор Александр Гасников рассказал о том, как фундаментальная математика совершает скрытые технологические революции в сфере ИИ",context,0,not_editorially_useful,
Никольское,ready,low,1,1,evt_7eb0410143b50004ae4cf7fa,2026-09-05T19:31:48Z,55.5363071,,49.1938036,False,settlement,True,2026-09-01T11:00:30Z,False,False,https://t.me/novayakama/54755,200,media,,True,https://t.me/novayakama/54755,reported,mo-92634448,В селе Никольское после капитального ремонта распахнула свои двери обновленная гимназия имени Льва Николаевича Толстого.,useful,70,,
,needs_review,low,1,1,evt_7b6209cf6e9ce34d639af779,2026-09-05T19:31:59Z,,,,False,territory,False,2026-09-01T11:00:00Z,False,False,https://zpravda.ru/news/novosti/pozis-vrucil-kliuci-ot-novoi-kvartiry-seme-roshhupkinyx,200,media,,True,https://zpravda.ru/news/novosti/pozis-vrucil-kliuci-ot-novoi-kvartiry-seme-roshhupkinyx,resolved,mo-92617420,ПОЗиС» вручил ключи от новой квартиры семье Рощупкиных,context,16,not_editorially_useful,
,ready,low,1,1,evt_e0307a2ce8dc8623893703c1,2026-09-05T19:31:58Z,,,,False,territory,True,2026-09-01T11:00:00Z,False,False,https://biektaw.ru/news/v-selskih-poseleniyah/skola-v-usadax-otkrylas-posle-kapremonta-v-den-znanii,200,media,,True,https://biektaw.ru/news/v-selskih-poseleniyah/skola-v-usadax-otkrylas-posle-kapremonta-v-den-znanii,resolved,mo-92622467,Школа в Усадах открылась после капремонта в День знаний,useful,87,,
,ready,medium,2,2,evt_d60ecefc365a2287484e948e,2026-09-05T20:40:50Z,,,,False,territory,True,2026-09-01T10:47:00Z,False,False,https://kamskoe-ustie.ru/news/obrazovanie/v-skolax-i-kolledzax-respubliki-otkrylis-kruzki-po-iskusstvennomu-intellektu,200,media,,True,https://kamskoe-ustie.ru/news/obrazovanie/v-skolax-i-kolledzax-respubliki-otkrylis-kruzki-po-iskusstvennomu-intellektu,resolved,mo-92701000,В Татарстане открылись кружки по искусственному интеллекту в школах и колледжах,useful,87,,
,ready,low,1,1,evt_d473b060a5fc5564f2ca4961,2026-09-05T19:31:58Z,,,,False,territory,True,2026-09-01T10:46:00Z,False,False,https://chuprale-online.ru/news/obschestvo/pervye-agrotexnologiceskie-klassy-otkryli-v-drozzanovskom-raione,200,media,,True,https://chuprale-online.ru/news/obschestvo/pervye-agrotexnologiceskie-klassy-otkryli-v-drozzanovskom-raione,resolved,mo-92624000,Первые агротехнологические классы открыли в Дрожжановском районе,useful,79,,
,ready,low,1,1,evt_f7d1629d5050eecb5c1e4af9,2026-09-05T19:31:59Z,,,,False,territory,True,2026-09-01T10:39:00Z,False,False,https://zainsk-inform.ru/news/obschestvo/gitisfest-otkrylsia-v-saratove,200,media,,True,https://zainsk-inform.ru/news/obschestvo/gitisfest-otkrylsia-v-saratove,resolved,mo-92627000,ГИТИСФЕСТ» открылся в Саратове,useful,79,,
,needs_review,low,1,1,evt_d1a1e169b3242a9c9da6bd43,2026-09-05T19:32:02Z,,,,False,territory,False,2026-09-01T10:34:00Z,False,False,https://novoshishminsk.ru/news/novosti-rayona/novosesminskii-licei-otkryl-dveri-dlia-novyx-znanii-v-obnovlennom-zdanii-v-novom-statuse,200,media,,True,https://novoshishminsk.ru/news/novosti-rayona/novosesminskii-licei-otkryl-dveri-dlia-novyx-znanii-v-obnovlennom-zdanii-v-novom-statuse,unknown,mo-92645000,Новошешминский лицей открыл двери для новых знаний в обновленном здании в новом статусе,context,0,not_editorially_useful,
,ready,low,1,1,evt_12fda61854010ace0cfd0ddb,2026-09-05T19:32:02Z,,,,False,territory,True,2026-09-01T10:31:00Z,False,False,https://menzela.ru/news/zhizn-respubliki/v-tatarstane-v-100-skolax-i-35-kolledzax-otkrylis-kruzki-po-ii,200,media,,True,https://menzela.ru/news/zhizn-respubliki/v-tatarstane-v-100-skolax-i-35-kolledzax-otkrylis-kruzki-po-ii,resolved,mo-92640101,В Татарстане в 100 школах и 35 колледжах открылись кружки по ИИ,useful,87,,
,needs_review,low,1,1,evt_2275f4c581ce360e87e256bf,2026-09-05T19:31:50Z,,,,False,territory,False,2026-09-01T10:29:01Z,False,False,https://t.me/pestresy/48314,200,media,,True,https://t.me/pestresy/48314,unknown,mo-92648000,"В Пестречинском районном суде рассмотрено административное дело в отношении гражданина, который попытался скрыться от сотрудников правоохранительных органов во время оформления протокола.",context,36,not_editorially_useful,
,ready,low,1,1,evt_f6934e3dc78435b48d1a77bd,2026-09-05T19:32:02Z,,,,False,territory,True,2026-09-01T10:26:00Z,False,False,https://menzela.ru/news/zhizn-respubliki/studotriad-kgasu-kazan-priznali-lucsim-na-stroitelstve-vsm,200,media,,True,https://menzela.ru/news/zhizn-respubliki/studotriad-kgasu-kazan-priznali-lucsim-na-stroitelstve-vsm,reported,mo-92640101,Студотряд КГАСУ «Казань» признали лучшим на строительстве ВСМ,useful,70,,
,needs_review,low,1,1,evt_7de922edd8f6a1c9a73da75e,2026-09-05T19:31:59Z,,,,False,territory,False,2026-09-01T10:20:00Z,False,False,https://zpravda.ru/news/novosti/s-1-sentiabria-2026-goda-vvoditsia-mexanizm-avtostrafov-v-otnosenii-markirovannoi-produkcii,200,media,,True,https://zpravda.ru/news/novosti/s-1-sentiabria-2026-goda-vvoditsia-mexanizm-avtostrafov-v-otnosenii-markirovannoi-produkcii,unknown,mo-92628000,С 1 сентября 2026 года вводится механизм «автоштрафов» в отношении маркированной продукции,context,0,not_editorially_useful,
,needs_review,medium,1,2,evt_0faa1e69dab7a0a238038e45,2026-09-05T20:39:39Z,,,,False,territory,False,2026-09-01T10:18:00Z,False,False,https://laishevskyi.ru/news/kriminal/studenceskii-otriad-kazan-priznan-lucsim-na-stroike-vsm-moskva-sankt-peterburg,200,media,,True,https://laishevskyi.ru/news/kriminal/studenceskii-otriad-kazan-priznan-lucsim-na-stroike-vsm-moskva-sankt-peterburg,reported,mo-92634000,Студотряд «Казань» признан лучшим на стройке ВСМ Москва — Санкт-Петербург,context,50,not_editorially_useful,
,needs_review,low,1,1,evt_3f2280f883269c7302dfdb9e,2026-09-05T19:31:50Z,,,,False,territory,False,2026-09-01T10:13:48Z,False,False,https://t.me/shesmauk/35736,200,media,,True,https://t.me/shesmauk/35736,unknown,mo-92645000,Новошешминский лицей открыл свои двери для новых знаний и открытий в обновленном здании и новом статусе.,context,0,not_editorially_useful,
,needs_review,low,1,1,evt_056d318ad676f283742f8985,2026-09-05T19:31:53Z,,,,False,territory,False,2026-09-01T10:13:14Z,False,False,https://t.me/shahrichally/31348,200,media,,True,https://t.me/shahrichally/31348,reported,mo-92730000,Беренче автомобиль юлында мотоциклчы катнашында авария 🏍️,context,0,summary_too_short|not_editorially_useful,
,needs_review,low,1,1,evt_a3e16cb8e7707b74ece44996,2026-09-05T19:31:58Z,,,,False,territory,False,2026-09-01T10:12:00Z,False,False,https://chuprale-online.ru/news/obschestvo/den-znanii-v-drozzanovskom-texnikume-texnikume-otraslevyx-texnologii-start-dan,200,media,,True,https://chuprale-online.ru/news/obschestvo/den-znanii-v-drozzanovskom-texnikume-texnikume-otraslevyx-texnologii-start-dan,unknown,mo-92624000,Праздничная линейка началась с поднятия государственных флагов под гимны России и Татарстана.,context,0,not_editorially_useful,
,ready,medium,1,1,evt_504ce074b262c73339eece31,2026-09-05T20:40:50Z,,,,False,territory,True,2026-09-01T10:10:00Z,False,False,https://kaibicy.ru/news/novosti/v-skolax-i-kolledzax-tatarstana-otkrylis-kruzki-po-iskusstvennomu-intellektu,200,media,,True,https://kaibicy.ru/news/novosti/v-skolax-i-kolledzax-tatarstana-otkrylis-kruzki-po-iskusstvennomu-intellektu,reported,mo-92629000,В Татарстане открылись кружки по искусственному интеллекту в школах и колледжах,useful,87,,
,ready,medium,1,1,evt_91e7dc36874747794f692720,2026-09-05T20:40:50Z,,,,False,territory,True,2026-09-01T10:10:00Z,False,False,https://kaibicy.ru/news/novosti/v-skolax-i-kolledzax-tatarstana-otkrylis-kruzki-po-iskusstvennomu-intellektu,200,media,,True,https://kaibicy.ru/news/novosti/v-skolax-i-kolledzax-tatarstana-otkrylis-kruzki-po-iskusstvennomu-intellektu,reported,mo-92629000,В Казанском техникуме информационных технологий и связи началось обучение новой специальности по ИИ,useful,87,,
,ready,low,1,1,evt_9f24a2d92aac059b9d9cc121,2026-09-05T19:32:04Z,,,,False,territory,True,2026-09-01T10:10:00Z,False,False,https://tetyushy.ru/news/obshchestvo/v-skolax-i-kolledzax-tatarstana-startovali-kruzki-po-iskusstvennomu-intellektu,200,media,,True,https://tetyushy.ru/news/obshchestvo/v-skolax-i-kolledzax-tatarstana-startovali-kruzki-po-iskusstvennomu-intellektu,resolved,mo-92655000,В День знаний в Татарстане открылись кружки по работе с ИИ — они заработали в 100 школах и 35 колледжах республики в рамках региональной программы развития техн,useful,87,,
,ready,low,1,1,evt_8fa267ee42a9ecfe39fad0a0,2026-09-05T19:32:00Z,,,,False,territory,True,2026-09-01T10:08:00Z,False,False,https://kaibicy.ru/news/novosti/studotriad-iz-tatarstana-priznali-lucsim-na-stroitelstve-vsm,200,media,,True,https://kaibicy.ru/news/novosti/studotriad-iz-tatarstana-priznali-lucsim-na-stroitelstve-vsm,reported,mo-92629000,Студотряд из Татарстана признали лучшим на строительстве ВСМ,useful,70,,
,needs_review,low,1,1,evt_c5a197a53f3faa7d485fa5a2,2026-09-05T19:32:03Z,,,,False,territory,False,2026-09-01T10:06:00Z,False,False,https://rsloboda-rt.ru/news/obschestvo-i-myi/v-skolax-i-kolledzax-tatarstana-zapustili-kruzki-po-iskusstvennomu-intellektu,200,media,,True,https://rsloboda-rt.ru/news/obschestvo-i-myi/v-skolax-i-kolledzax-tatarstana-zapustili-kruzki-po-iskusstvennomu-intellektu,reported,mo-92650000,В школах и колледжах Татарстана запустили кружки по искусственному интеллекту,context,67,not_editorially_useful,
Челны,needs_review,low,1,1,evt_a2358fe05a45f081d5bb5191,2026-09-05T19:31:48Z,55.2280046,,48.9034293,False,settlement,False,2026-09-01T10:04:01Z,False,False,https://t.me/volzhskie/36023,200,media,,True,https://t.me/volzhskie/36023,reported,mo-92630415,"Жаль, что сейчас в хозяйстве практически нет скотины.",context,36,not_editorially_useful,
,ready,low,1,1,evt_98286dd9bc4e17fe4f381f93,2026-09-05T19:32:04Z,,,,False,territory,True,2026-09-01T10:03:00Z,False,False,https://tetyushy.ru/news/natsproekty/studotriad-iz-tatarstana-stal-lucsim-na-stroitelstve-vsm,200,media,,True,https://tetyushy.ru/news/natsproekty/studotriad-iz-tatarstana-stal-lucsim-na-stroitelstve-vsm,reported,mo-92701000,Студотряд из Татарстана стал лучшим на строительстве ВСМ,useful,62,,
,needs_review,low,1,1,evt_5aa4b298f6c0f774873e91ec,2026-09-05T19:32:02Z,,,,False,territory,False,2026-09-01T10:00:00Z,False,False,https://pestrecy-rt.ru/news/v-respublike/v-100-skolax-i-35-kolledzax-tatarstana-otkrylis-kruzki-po-iskusstvennomu-intellektu,200,media,,True,https://pestrecy-rt.ru/news/v-respublike/v-100-skolax-i-35-kolledzax-tatarstana-otkrylis-kruzki-po-iskusstvennomu-intellektu,resolved,mo-92648000,В 100 школах и 35 колледжах Татарстана открылись кружки по искусственному интеллекту,context,67,not_editorially_useful,
,needs_review,low,1,1,evt_ce111efa05a64184e091ae7b,2026-09-05T19:31:55Z,,,,False,territory,False,2026-09-01T09:35:00Z,False,False,https://alekseyevsk.ru/news/selskoe-hozyaystvo/s-2027-goda-izmeniatsia-usloviia-subsidii-dlia-vladelcev-lpx-v-tatarstane,200,media,,True,https://alekseyevsk.ru/news/selskoe-hozyaystvo/s-2027-goda-izmeniatsia-usloviia-subsidii-dlia-vladelcev-lpx-v-tatarstane,unknown,mo-92606000,С 2027 года изменятся условия субсидий для владельцев ЛПХ в Татарстане,context,0,not_editorially_useful,
"улица крупской, 2а",ready,low,2,2,evt_bc4470f69205c296079426fb,2026-09-05T19:32:01Z,54.5937507,,52.4444668376527,True,building,True,2026-09-01T09:31:00Z,False,False,https://leninogorsk-rt.ru/news/sobytie-nedeli/v-skole-10-leninogorska-otkrylas-aerokosmiceskaia-laboratoriia,200,media,,True,https://leninogorsk-rt.ru/news/sobytie-nedeli/v-skole-10-leninogorska-otkrylas-aerokosmiceskaia-laboratoriia,resolved,mo-92636101,В школе № 10 Лениногорска открылась аэрокосмическая лаборатория,useful,87,,
,needs_review,low,1,1,evt_b27e4c3be3aa8f346ad4c237,2026-09-05T19:31:58Z,,,,False,territory,False,2026-09-01T09:30:00Z,False,False,https://biektaw.ru/news/v-respublike/startoval-priem-zaiavok-na-konkurs-ekolider-v-tatarstane,200,media,,True,https://biektaw.ru/news/v-respublike/startoval-priem-zaiavok-na-konkurs-ekolider-v-tatarstane,reported,mo-92622000,Стартовал прием заявок на конкурс «ЭКОлидер» в Татарстане,context,42,not_editorially_useful,
,ready,low,1,1,evt_a1077986ed0052028dcdd8f2,2026-09-05T19:31:59Z,,,,False,territory,True,2026-09-01T09:28:00Z,False,False,https://zainsk-inform.ru/news/obschestvo/studenty-iz-tatarstana-otlicilis-na-stroitelstve-pervoi-vsm-v-rossii,200,media,,True,https://zainsk-inform.ru/news/obschestvo/studenty-iz-tatarstana-otlicilis-na-stroitelstve-pervoi-vsm-v-rossii,reported,mo-92627101,Студенты из Татарстана отличились на строительстве первой ВСМ в России,useful,70,,
,needs_review,low,1,1,evt_ebc03187cede3c36ae9c0882,2026-09-05T19:32:05Z,,,,False,territory,False,2026-09-01T09:13:00Z,False,False,https://tvchelny.ru/news/tsentralnye-temy/ncts-v-celnax-so-2-sentiabria-startuet-itogovaia-opressovka-teplovyx-setei,200,media,,True,https://tvchelny.ru/news/tsentralnye-temy/ncts-v-celnax-so-2-sentiabria-startuet-itogovaia-opressovka-teplovyx-setei,unknown,mo-92730000,Эти испытания проводятся ежегодно после завершения летней ремонтной кампании.,context,20,not_editorially_useful,
,ready,low,1,1,evt_ac2f629e1df750c745ae1e78,2026-09-05T19:31:53Z,,,,False,territory,True,2026-09-01T09:09:00Z,False,False,https://agryz-rt.ru/news/po-materialam-tatar-inform/studenceskii-otriad-iz-tatarstana-stal-lucsim-na-stroitelstve-vysokoskorostnoi-magistrali,200,media,,True,https://agryz-rt.ru/news/po-materialam-tatar-inform/studenceskii-otriad-iz-tatarstana-stal-lucsim-na-stroitelstve-vysokoskorostnoi-magistrali,reported,mo-92601000,Студенческий отряд из Татарстана стал лучшим на строительстве высокоскоростной магистрали,useful,70,,
,needs_review,low,1,1,evt_8d84a6b4a7ee0503d9b72cc5,2026-09-05T19:32:02Z,,,,False,territory,False,2026-09-01T09:04:00Z,False,False,https://nizhnekamsk-rt.ru/news/obschestvo/v-kamskix-polianax-prozvenel-pervyi-zvonok,200,media,,True,https://nizhnekamsk-rt.ru/news/obschestvo/v-kamskix-polianax-prozvenel-pervyi-zvonok,reported,mo-92644156,школа № 2 открыла новый учебный год.,context,36,not_editorially_useful,
,needs_review,low,1,1,evt_0e621c21561591ffabcbf756,2026-09-05T19:31:58Z,,,,False,territory,False,2026-09-01T09:00:00Z,False,False,https://biektaw.ru/news/v-rossii/cifrovoi-rubl-i-ipotecnye-kanikuly-cto-meniaetsia-s-1-sentiabria,200,media,,True,https://biektaw.ru/news/v-rossii/cifrovoi-rubl-i-ipotecnye-kanikuly-cto-meniaetsia-s-1-sentiabria,reported,mo-92622000,Финансовая сфера: цифровой рубль и поддержка семей Одним из главных новшеств станет начало массового внедрения цифрового рубля — третьей формы национальной валю,context,16,not_editorially_useful,
Альметьевск,needs_review,low,1,1,evt_e9d6861fb89795ccefddf6c3,2026-09-05T19:31:56Z,54.9005008,,52.2963777,False,settlement,False,2026-09-01T08:56:00Z,False,False,https://almetievsk-ru.ru/news/novosti-zkx/direktor-zeu-7-v-almetevske-polucila-straf-50-tys-rublei-za-griaz-i-mokric-v-podieezdax,200,media,,True,https://almetievsk-ru.ru/news/novosti-zkx/direktor-zeu-7-v-almetevske-polucila-straf-50-tys-rublei-za-griaz-i-mokric-v-podieezdax,unknown,mo-92608101,Директор «ЖЭУ-7» в Альметьевске получила штраф 50 тыс. рублей за грязь и мокриц в подъездах,context,36,not_editorially_useful,
,ready,low,1,1,evt_f421f22ea54c91cdb2252384,2026-09-05T19:32:01Z,,,,False,territory,True,2026-09-01T08:48:00Z,False,False,https://leninogorsk-rt.ru/news/novostnaya-lenta/studotriad-iz-tatarstana-priznali-lucsim-na-stroitelstve-vysokoskorostnoi-magistrali,200,media,,True,https://leninogorsk-rt.ru/news/novostnaya-lenta/studotriad-iz-tatarstana-priznali-lucsim-na-stroitelstve-vysokoskorostnoi-magistrali,reported,mo-92636000,Студотряд из Татарстана признали лучшим на строительстве высокоскоростной магистрали,useful,70,,
,needs_review,low,1,1,evt_e5d0a535dbbb98d0185b6049,2026-09-05T19:31:47Z,,,,False,territory,False,2026-09-01T08:38:46Z,False,False,https://t.me/drozzanoe90/20713,200,media,,True,https://t.me/drozzanoe90/20713,unknown,mo-92624000,В Стародрожжановском многопрофильном лицее сегодня также проходит открытие агротехклассов👍,context,20,not_editorially_useful,
,needs_review,low,1,1,evt_8a1d8a362f71c2b53d88100a,2026-09-05T19:32:04Z,,,,False,territory,False,2026-09-01T08:36:00Z,False,False,https://spas-rt.ru/news/obschestvo/v-tatarstane-otkrylsia-priem-zaiavok-na-soiskanie-premii-ekolider,200,media,,True,https://spas-rt.ru/news/obschestvo/v-tatarstane-otkrylsia-priem-zaiavok-na-soiskanie-premii-ekolider,resolved,mo-92632000,В Татарстане открылся приём заявок на соискание премии «ЭКОлидер»,context,67,not_editorially_useful,
Казань,needs_review,low,1,1,evt_8460c99ed58c61d62eee1802,2026-09-05T19:31:53Z,55.7946485,,49.1115022,False,settlement,False,2026-09-01T08:34:00Z,False,False,https://agryz-rt.ru/news/po-materialam-tatar-inform/vladimir-putin-soobshhil-o-vozmoznosti-provedenii-igr-kocevnikov-v-kazani-v-2028-godu,200,media,,True,https://agryz-rt.ru/news/po-materialam-tatar-inform/vladimir-putin-soobshhil-o-vozmoznosti-provedenii-igr-kocevnikov-v-kazani-v-2028-godu,resolved,mo-92701000,Россия открыта для участия всех заинтересованных стран в будущих соревнованиях,context,20,not_editorially_useful,
,ready,low,1,1,evt_0380041a8be55870b78ff50c,2026-09-05T19:32:02Z,,,,False,territory,True,2026-09-01T08:25:00Z,False,False,https://pestrecy-rt.ru/news/v-respublike/studotriad-iz-tatarstana-priznan-lucsim-na-stroitelstve-vsm-moskva-sankt-peterburg,200,media,,True,https://pestrecy-rt.ru/news/v-respublike/studotriad-iz-tatarstana-priznan-lucsim-na-stroitelstve-vsm-moskva-sankt-peterburg,reported,mo-92701000,Студотряд из Татарстана признан лучшим на строительстве ВСМ Москва – Санкт-Петербург,useful,70,,
,ready,low,1,1,evt_c431d99d7039f9f21a17ca2d,2026-09-05T19:32:02Z,,,,False,territory,True,2026-09-01T08:25:00Z,False,False,https://novoshishminsk.ru/news/v-respublike/studenty-iz-tatarstana-zavoevali-pobedu-na-stroitelstve-vsm,200,media,,True,https://novoshishminsk.ru/news/v-respublike/studenty-iz-tatarstana-zavoevali-pobedu-na-stroitelstve-vsm,reported,mo-92701000,Студенты из Татарстана завоевали победу на строительстве ВСМ,useful,70,,
Менделеевск,needs_review,low,1,1,evt_cbe29ebd0feaa06622a862c2,2026-09-05T19:32:01Z,55.894251,,52.312064,False,settlement,False,2026-09-01T08:17:00Z,False,False,https://mendeleevskyi.ru/news/afisha/ledovyi-dvorec-aisberg-v-mendeleevske-otkryvaet-novyi-sezon-posle-remonta,200,media,,True,https://mendeleevskyi.ru/news/afisha/ledovyi-dvorec-aisberg-v-mendeleevske-otkryvaet-novyi-sezon-posle-remonta,reported,mo-92639101,Ледовый дворец «Айсберг» в Менделеевске открывает новый сезон после ремонта,context,20,not_editorially_useful,
,ready,low,1,1,evt_89b2ecf28685bf09aec89e50,2026-09-05T19:32:01Z,,,,False,territory,True,2026-09-01T08:16:00Z,False,False,https://mamadysh-rt.ru/news/obshchestvo/v-mamadysskom-raione-otkryta-zapis-na-registraciiu-braka-na-2027-god,200,media,,True,https://mamadysh-rt.ru/news/obshchestvo/v-mamadysskom-raione-otkryta-zapis-na-registraciiu-braka-na-2027-god,resolved,mo-92638000,В Мамадышском районе открыта запись на регистрацию брака на 2027 год,useful,79,,
,ready,low,1,1,evt_a2331cb76f5bdb7580e13b95,2026-09-05T19:31:59Z,,,,False,territory,True,2026-09-01T08:10:00Z,False,False,https://zainsk-inform.ru/news/obschestvo/v-rossii-zapustili-mobilnoe-prilozenie-s-knopkoi-sos-dlia-skol-cerez-era-glonass,200,media,,True,https://zainsk-inform.ru/news/obschestvo/v-rossii-zapustili-mobilnoe-prilozenie-s-knopkoi-sos-dlia-skol-cerez-era-glonass,reported,mo-92627101,В России запустили мобильное приложение с кнопкой SOS для школ через «ЭРА-ГЛОНАСС»,useful,87,,
,ready,low,1,1,evt_8e497f8820a516b3df5b008d,2026-09-05T19:32:03Z,,,,False,territory,True,2026-09-01T08:09:00Z,False,False,https://rsloboda-rt.ru/news/obschestvo-i-myi/studenceskii-otriad-iz-tatarstana-stal-lucsim-na-stroitelstve-vsm,200,media,,True,https://rsloboda-rt.ru/news/obschestvo-i-myi/studenceskii-otriad-iz-tatarstana-stal-lucsim-na-stroitelstve-vsm,reported,mo-92701000,Студенческий отряд из Татарстана стал лучшим на строительстве ВСМ,useful,62,,
,needs_review,low,1,1,evt_faa1ebea447752b2ab4f40b2,2026-09-05T19:31:55Z,,,,False,territory,False,2026-09-01T08:07:00Z,False,False,https://alekseyevsk.ru/news/chelovek-i-zakon/sud-alekseevskogo-raiona-ostrafoval-dvux-pianyx-voditelei-na-45-tysiac-rublei,200,media,,True,https://alekseyevsk.ru/news/chelovek-i-zakon/sud-alekseevskogo-raiona-ostrafoval-dvux-pianyx-voditelei-na-45-tysiac-rublei,reported,mo-92606000,Суд Алексеевского района оштрафовал двух пьяных водителей на 45 тысяч рублей,context,0,not_editorially_useful,
,ready,medium,1,2,evt_bde39f719e76f3ee6b167b33,2026-09-05T20:40:50Z,,,,False,territory,True,2026-09-01T08:06:00Z,False,False,https://chistopol-rt.ru/news/obschestvo/studotriad-iz-tatarstana-priznan-lucsim-na-stroitelstve-vsm-moskva-sankt-peterburg,200,media,,True,https://chistopol-rt.ru/news/obschestvo/studotriad-iz-tatarstana-priznan-lucsim-na-stroitelstve-vsm-moskva-sankt-peterburg,reported,mo-92659101,Студотряд из Татарстана признан лучшим на строительстве ВСМ Москва – Санкт-Петербург,useful,70,,
,ready,low,1,1,evt_9c853236c4788845e0bca172,2026-09-05T19:31:57Z,,,,False,territory,True,2026-09-01T08:03:00Z,False,False,https://bugulma-tatarstan.ru/news/news/studotriad-iz-tatarstana-priznan-lucsim-na-stroitelstve-vsm-moskva-sankt-peterburg,200,media,,True,https://bugulma-tatarstan.ru/news/news/studotriad-iz-tatarstana-priznan-lucsim-na-stroitelstve-vsm-moskva-sankt-peterburg,reported,mo-92617101,Студотряд из Татарстана признан лучшим на строительстве ВСМ Москва – Санкт-Петербург,useful,70,,
Новошешминск,needs_review,low,1,1,evt_822c198e7106eab05a67c039,2026-09-05T19:31:50Z,55.0616447,,51.224884,False,settlement,False,2026-09-01T08:00:37Z,False,False,https://t.me/shesmauk/35720,200,media,,True,https://t.me/shesmauk/35720,reported,mo-92645432,Новое назначение в Новошешминске,context,20,not_editorially_useful,
,ready,low,1,1,evt_beb7990158028dfa4c856628,2026-09-05T19:31:58Z,,,,False,territory,True,2026-09-01T08:00:00Z,False,False,https://vuslon.ru/news/obschestvo/vystavka-zdravstvui-k-znaniiam-doroga-otkrylas-v-biblioteke-verxnego-uslona,200,media,,True,https://vuslon.ru/news/obschestvo/vystavka-zdravstvui-k-znaniiam-doroga-otkrylas-v-biblioteke-verxnego-uslona,resolved,mo-92620415,"Выставка «Здравствуй, к знаниям дорога!» открылась в библиотеке Верхнего Услона",useful,87,,
Казань,needs_review,low,1,1,evt_c7230c243d046848c3ad346e,2026-09-05T19:31:56Z,55.7946485,,49.1115022,False,settlement,False,2026-09-01T07:42:00Z,False,False,https://almetievsk-ru.ru/news/goryachie-novosti/putin-predlozil-provesti-igry-kocevnikov-2028-goda-v-kazani,200,media,,True,https://almetievsk-ru.ru/news/goryachie-novosti/putin-predlozil-provesti-igry-kocevnikov-2028-goda-v-kazani,unknown,mo-92701000,"С таким заявлением президент выступил на саммите ШОС в Бишкеке, отметив успешное открытие игр в Киргизии.",context,20,not_editorially_useful,
,needs_review,low,1,1,evt_19775e79470087adec68eb63,2026-09-05T19:31:59Z,,,,False,territory,False,2026-09-01T07:27:00Z,False,False,https://elabuga-rt.ru/news/avtovesti/voditeliam-razresat-pokazyvat-prava-i-sts-cerez-messendzer-maks,200,media,,True,https://elabuga-rt.ru/news/avtovesti/voditeliam-razresat-pokazyvat-prava-i-sts-cerez-messendzer-maks,planned,mo-92626000,Водителям разрешат показывать права и СТС через мессенджер МАКС,context,0,not_editorially_useful,
,needs_review,low,1,1,evt_2d7e65b3d37788343dd27662,2026-09-05T19:32:00Z,,,,False,territory,False,2026-09-01T07:22:00Z,False,False,https://laishevskyi.ru/news/kriminal/ekolider-v-tatarstane-otkryt-dlia-predpriiatii-skol-i-zitelei,200,media,,True,https://laishevskyi.ru/news/kriminal/ekolider-v-tatarstane-otkryt-dlia-predpriiatii-skol-i-zitelei,resolved,mo-92634000,"ЭКОлидер в Татарстане открыт для предприятий, школ и жителей",context,67,not_editorially_useful,
,ready,low,1,1,evt_eff01b161753c5e6a5ff9941,2026-09-05T19:31:58Z,,,,False,territory,True,2026-09-01T07:20:00Z,False,False,https://biektaw.ru/news/v-selskih-poseleniyah/obnovlennaia-kurkacinskaia-skola-otkrylas-ko-dniu-znanii,200,media,,True,https://biektaw.ru/news/v-selskih-poseleniyah/obnovlennaia-kurkacinskaia-skola-otkrylas-ko-dniu-znanii,resolved,mo-92622000,Обновленная Куркачинская школа открылась ко Дню знаний,useful,87,,
,needs_review,low,1,1,evt_837d4be84efe92f2488704a9,2026-09-05T19:31:59Z,,,,False,territory,False,2026-09-01T07:05:00Z,False,False,https://elabuga-rt.ru/news/avtovesti/v-sabinskom-raione-voditel-vaz-pogib-posle-stolknoveniia-s-polupricepom,200,media,,True,https://elabuga-rt.ru/news/avtovesti/v-sabinskom-raione-voditel-vaz-pogib-posle-stolknoveniia-s-polupricepom,reported,mo-92626000,В Сабинском районе водитель ВАЗ погиб после столкновения с полуприцепом,context,20,not_editorially_useful,
Квантовый бульвар,ready,low,1,1,evt_d2dc855d8b06332fe77189d3,2026-09-05T20:40:56Z,55.747386,,48.7448872,True,street,True,2026-09-01T07:00:00Z,False,False,https://vuslon.ru/news/obschestvo/kvantovyi-bulvar-v-innopolise-rekonstruiruiut-po-nacproektu,200,media,,True,https://vuslon.ru/news/obschestvo/kvantovyi-bulvar-v-innopolise-rekonstruiruiut-po-nacproektu,reported,mo-92620000,"Сейчас на объекте продолжаются финальные работы: специалисты устанавливают малые архитектурные формы, досаживают кустарники и деревья, достраивают павильоны ряд",useful,72,,location_provenance_missing
,needs_review,low,1,1,evt_afaa5b2be236d260de269ef3,2026-09-05T19:31:57Z,,,,False,territory,False,2026-09-01T06:34:00Z,False,False,https://buinsk-tat.ru/news/vchera-segodnya-zavtra/zitelnica-buinska-otpravitsia-v-koloniiu-za-narusenie-nadzora,200,media,,True,https://buinsk-tat.ru/news/vchera-segodnya-zavtra/zitelnica-buinska-otpravitsia-v-koloniiu-za-narusenie-nadzora,unknown,mo-92618101,Жительница Буинска отправится в колонию за нарушение надзора,context,0,not_editorially_useful,
,needs_review,low,1,1,evt_854e3ac031efdc3947294e60,2026-09-05T19:31:55Z,,,,False,territory,False,2026-09-01T06:29:00Z,False,False,https://alekseyevsk.ru/news/obrazovanie/privivka-ot-grippa-pocemu-skolnikam-vazno-sdelat-ee-v-sentiabre-oktiabre,200,media,,True,https://alekseyevsk.ru/news/obrazovanie/privivka-ot-grippa-pocemu-skolnikam-vazno-sdelat-ee-v-sentiabre-oktiabre,reported,mo-92606000,"С началом учебного года в школах резко возрастает риск распространения ОРВИ, гриппа и других инфекций.",context,36,not_editorially_useful,
,needs_review,medium,1,1,evt_ac8298c29fa6e14c8a8b8939,2026-09-05T20:41:33Z,,,,False,territory,False,2026-09-01T06:20:00Z,False,False,https://shahrichalli.ru/news/kich-bgen-irtg/cally-mery-nail-mahdiev-45nce-maktap-ukucylaryn-belem-bairame-belan-kotlady,200,media,,True,https://shahrichalli.ru/news/kich-bgen-irtg/cally-mery-nail-mahdiev-45nce-maktap-ukucylaryn-belem-bairame-belan-kotlady,reported,mo-92730000,45нче мәктәп капиталь ремонттан соң укучыларны кабул итте,context,59,not_editorially_useful,
,needs_review,low,1,1,evt_e8a7e8f32be53f92c895e827,2026-09-05T19:32:03Z,,,,False,territory,False,2026-09-01T05:58:00Z,False,False,https://pestrecy-rt.ru/news/obschestvo/zitel-pestrecinskogo-raiona-ostrafovan-za-popytku-skrytsia-ot-policii,200,media,,True,https://pestrecy-rt.ru/news/obschestvo/zitel-pestrecinskogo-raiona-ostrafovan-za-popytku-skrytsia-ot-policii,unknown,mo-92648000,Житель Пестречинского района оштрафован за попытку скрыться от полиции,context,0,not_editorially_useful,
,needs_review,low,1,1,evt_fb63a6adfc7eabf09948fae2,2026-09-05T19:32:02Z,,,,False,territory,False,2026-09-01T05:40:00Z,False,False,https://nurlat-tat.ru/news/novosti/v-tatarstane-startoval-priem-zaiavok-na-konkurs-ekolider,200,media,,True,https://nurlat-tat.ru/news/novosti/v-tatarstane-startoval-priem-zaiavok-na-konkurs-ekolider,reported,mo-92646000,В Татарстане стартовал прием заявок на конкурс «ЭКОлидер»,context,50,not_editorially_useful,
,needs_review,medium,1,1,evt_66363f55755709bf380302e0,2026-09-05T20:41:33Z,,,,False,territory,False,2026-09-01T05:09:01Z,False,False,https://t.me/atannary/29019,200,media,,True,https://t.me/atannary/29019,reported,mo-92608000,К началу учебного года отремонтировали две школы и две детсады в районе Альметьевска,context,0,not_editorially_useful,
,needs_review,medium,1,2,evt_68029399ebf1958b37d7afef,2026-09-05T20:41:33Z,,,,False,territory,False,2026-09-01T05:09:01Z,False,False,https://t.me/atannary/29019,200,media,,True,https://t.me/atannary/29019,reported,mo-92608000,В Альметьевске организовали подвоз 2423 школьников к школе,context,0,not_editorially_useful,
,needs_review,medium,1,2,evt_6924d7edd4564a5cef791dbe,2026-09-05T20:43:28Z,,,,False,territory,False,2026-09-01T05:05:00Z,False,False,https://tetyushy.ru/news/natsproekty/ziteli-tatarstana-mogut-ucastvovat-v-ekologiceskom-konkurse-rossii,200,media,,True,https://tetyushy.ru/news/natsproekty/ziteli-tatarstana-mogut-ucastvovat-v-ekologiceskom-konkurse-rossii,resolved,mo-92655000,В Татарстане стартовал конкурс «ЭКОлидер»,context,59,not_editorially_useful,
,needs_review,low,1,1,evt_a762962f359d29d42cec3447,2026-09-05T19:32:01Z,,,,False,territory,False,2026-09-01T05:01:00Z,False,False,https://mendeleevskyi.ru/news/obschestvo/s-sentiabria-vse-banki-zapustiat-universalnyi-qr-kod-dlia-oplaty,200,media,,True,https://mendeleevskyi.ru/news/obschestvo/s-sentiabria-vse-banki-zapustiat-universalnyi-qr-kod-dlia-oplaty,reported,mo-92639000,С сентября все банки запустят универсальный QR-код для оплаты,context,0,not_editorially_useful,
,needs_review,medium,1,1,evt_90070bd509dfd8c73c4d3475,2026-09-05T20:43:28Z,,,,False,territory,False,2026-09-01T04:19:47Z,False,False,https://t.me/zamansulyshy/17325,200,media,,True,https://t.me/zamansulyshy/17325,reported,mo-92636101,Капитальный ремонт завершён в четырёх школах района,context,20,not_editorially_useful,
,needs_review,medium,1,1,evt_ac98b6436f8ee85d63312bf8,2026-09-05T20:43:28Z,,,,False,territory,False,2026-09-01T04:19:47Z,False,False,https://t.me/zamansulyshy/17325,200,media,,True,https://t.me/zamansulyshy/17325,reported,mo-92636101,1 сентября в районе откроются образовательные учреждения,context,20,not_editorially_useful,
,needs_review,high,0,1,evt_legacy_2d5d693f4ac9685522875175,2026-09-04T15:47:33Z,,public-de1ff80dea047d18,,False,territory,False,2026-09-01T00:00:00Z,True,False,https://media.kpfu.ru/news/pozdravlenie-rektora-kfu-lenara-safina-s-nachalom-novogo-uchebnogo-goda-i-dnyom-znaniy,200,official,,True,https://media.kpfu.ru/news/pozdravlenie-rektora-kfu-lenara-safina-s-nachalom-novogo-uchebnogo-goda-i-dnyom-znaniy,unknown,RU-TA,Поздравление ректора КФУ Ленара Сафина с началом нового учебного года и Днём знаний,noise,0,missing_primary_evidence|not_editorially_useful,
,needs_review,high,0,1,evt_legacy_35f0646c94c9e69a19bdd5ee,2026-09-04T15:47:33Z,,public-f125372dd9e0d6c9,,False,territory,False,2026-09-01T00:00:00Z,True,False,https://media.kpfu.ru/news/1-sentyabrya-v-it-licee,200,official,,True,https://media.kpfu.ru/news/1-sentyabrya-v-it-licee,unknown,RU-TA,Торжественные линейки состоялись в лицеях Казанского университета,context,20,missing_primary_evidence|not_editorially_useful,
,needs_review,high,0,1,evt_legacy_4d92d826b5e5c6ebbcd8e71e,2026-09-04T15:47:33Z,,public-a0e042f1936a9179,,False,territory,False,2026-09-01T00:00:00Z,True,False,https://media.kpfu.ru/news/bolee-1000-shkolnikov-i-ikh-roditeley-posetili-ploschadku-malogo-universiteta-kfu,200,official,,True,https://media.kpfu.ru/news/bolee-1000-shkolnikov-i-ikh-roditeley-posetili-ploschadku-malogo-universiteta-kfu,unknown,mo-92701000,Более 1000 школьников и их родителей посетили площадку Малого университета КФУ,context,16,missing_primary_evidence|not_editorially_useful,
,needs_review,high,0,1,evt_legacy_5baf46bb211e69232a6f43a9,2026-09-04T15:47:31Z,,public-0961be0c2aea8b43,,False,territory,False,2026-09-01T00:00:00Z,True,False,https://media.innopolis.university/news/knowledge-day-2026/,200,official,,True,https://innopolis.university/news/knowledge-day-2026/,unknown,mo-92620109,Дмитрий Чернышенко поздравил студентов и преподавателей Университета Иннополис с Днём знаний,noise,20,missing_primary_evidence|not_editorially_useful,
,needs_review,high,0,1,evt_legacy_697dc3252a16508bd9ca6673,2026-09-04T15:47:33Z,,public-b93c6b6cfb4829bb,,False,territory,False,2026-09-01T00:00:00Z,True,False,https://media.kpfu.ru/news/v-kfu-v-den-znaniy-sostoyalsya-masshtabnyy-koncert,200,official,,True,https://media.kpfu.ru/news/v-kfu-v-den-znaniy-sostoyalsya-masshtabnyy-koncert,unknown,RU-TA,В КФУ в День знаний состоялся масштабный концерт,noise,20,missing_primary_evidence|not_editorially_useful,
,needs_review,high,0,1,evt_legacy_a1b26a9aa67cac7111c27d9e,2026-09-04T15:47:33Z,,public-3d46d723018ea8fa,,False,territory,False,2026-09-01T00:00:00Z,True,False,https://media.kpfu.ru/news/valeriy-falkov-pozdravil-studentov-i-prepodavateley-s-nachalom-uchebnogo-goda,200,official,,True,https://media.kpfu.ru/news/valeriy-falkov-pozdravil-studentov-i-prepodavateley-s-nachalom-uchebnogo-goda,unknown,RU-TA,Валерий Фальков поздравил студентов и преподавателей с началом учебного года,noise,0,missing_primary_evidence|not_editorially_useful,
,needs_review,high,0,1,evt_legacy_a7bd1af54fc32f945a428453,2026-09-04T15:47:33Z,,public-75446eb9bc7e0f11,,False,territory,False,2026-09-01T00:00:00Z,True,False,https://media.kpfu.ru/news/pervokursnikov-ifmk-pozdravili-s-dnem-znaniy-v-kfu,200,official,,True,https://media.kpfu.ru/news/pervokursnikov-ifmk-pozdravili-s-dnem-znaniy-v-kfu,unknown,RU-TA,День знаний отпраздновали в ИФМК КФУ,context,36,missing_primary_evidence|not_editorially_useful,
,needs_review,high,0,1,evt_legacy_c937776e0dc452204869b752,2026-09-04T15:47:34Z,,public-734046566447bda3,,False,territory,False,2026-09-01T00:00:00Z,True,False,https://16.mchs.gov.ru/deyatelnost/press-centr/novosti/5819617,200,official,,True,https://16.mchs.gov.ru/deyatelnost/press-centr/novosti/5819617,unknown,RU-TA,Сотрудники МЧС России обеспечивают безопасность в День знаний,context,20,missing_primary_evidence|not_editorially_useful,
,needs_review,high,0,1,evt_legacy_cd2d4363a78b85a16c7a753d,2026-09-04T15:47:33Z,,public-7db044b1beec7a6b,,False,territory,False,2026-09-01T00:00:00Z,True,False,https://media.kpfu.ru/news/provedi-den-znanry-v-muzee-kazanskogo-federalnogo-universiteta,200,official,,True,https://media.kpfu.ru/news/provedi-den-znanry-v-muzee-kazanskogo-federalnogo-universiteta,unknown,RU-TA,Желающие смогли провести День знаний в музеях КФУ,context,20,missing_primary_evidence|not_editorially_useful,
,needs_review,high,0,1,evt_legacy_d5eddb0f3c3e093015e80cab,2026-09-04T15:47:33Z,,public-c972bef6395161d4,,False,territory,False,2026-09-01T00:00:00Z,True,False,https://media.kpfu.ru/news/v-shestvii-pervokursnikov-prinyalo-uchastie-tri-tysyachi-chelovek,200,official,,True,https://media.kpfu.ru/news/v-shestvii-pervokursnikov-prinyalo-uchastie-tri-tysyachi-chelovek,unknown,RU-TA,Студенты Елабужского института КФУ приняли участие в трехтысячном шествии первокурсников,context,20,missing_primary_evidence|not_editorially_useful,
,needs_review,medium,1,1,evt_3fc622758f45b4146b049010,2026-09-05T20:46:21Z,,,,False,territory,False,2026-08-31T21:00:00Z,False,False,https://media.kpfu.ru/news/v-shestvii-pervokursnikov-prinyalo-uchastie-tri-tysyachi-chelovek,200,media,,True,http://media.kpfu.ru/news/v-shestvii-pervokursnikov-prinyalo-uchastie-tri-tysyachi-chelovek,reported,mo-92626101,В Елабуге прошло трехтысячное шествие первокурсников,context,36,not_editorially_useful,
,needs_review,medium,1,2,evt_96ab504cd8a391e8a5df771d,2026-09-05T20:46:21Z,,,,False,territory,False,2026-08-31T21:00:00Z,False,False,https://media.kpfu.ru/news/pervokursnikov-ifmk-pozdravili-s-dnem-znaniy-v-kfu,200,media,,True,http://media.kpfu.ru/news/pervokursnikov-ifmk-pozdravili-s-dnem-znaniy-v-kfu,reported,mo-92701000,В ИФМК КФУ отметили День знаний,context,36,not_editorially_useful,
,needs_review,low,1,1,evt_288abc7f07c325483afbe5f6,2026-09-05T19:31:50Z,,,,False,territory,False,2026-08-31T16:27:02Z,False,False,https://t.me/pestresy/48307,200,media,,True,https://t.me/pestresy/48307,reported,mo-92648000,Двух водителей оштрафовали и лишили прав за пьяную езду,context,0,not_editorially_useful,
,needs_review,medium,1,1,evt_06634ca7cf79ac08daf17457,2026-09-05T20:44:08Z,,,,False,territory,False,2026-08-31T16:14:37Z,False,False,https://t.me/shahrichally/31335,200,media,,True,https://t.me/shahrichally/31335,unknown,mo-92730000,С 1 сентября вводится учет птицы в личных хозяйствах с более чем 10 головами,context,0,not_editorially_useful,
,needs_review,low,1,1,evt_c3657f685172a1203d117181,2026-09-05T19:31:58Z,,,,False,territory,False,2026-08-31T16:00:00Z,False,False,https://biektaw.ru/news/v-respublike/v-tatarstane-otkryli-registraciiu-na-xakaton-tatarbu,200,media,,True,https://biektaw.ru/news/v-respublike/v-tatarstane-otkryli-registraciiu-na-xakaton-tatarbu,resolved,mo-92622000,В Татарстане открыли регистрацию на хакатон «Татар.Бу»,context,59,not_editorially_useful,
Вокзальная улица,ready,low,1,1,evt_29fb586bad0c1853bf161610,2026-09-05T19:31:53Z,56.5214859,,53.0016665,True,street,True,2026-08-31T13:27:00Z,False,False,https://agryz-rt.ru/news/nasha-zhizn/v-agryze-otkryli-novuiu-mnogofunkcionalnuiu-sportivnuiu-ploshhadku-v-parke-lokomotiv,200,media,,True,https://agryz-rt.ru/news/nasha-zhizn/v-agryze-otkryli-novuiu-mnogofunkcionalnuiu-sportivnuiu-ploshhadku-v-parke-lokomotiv,resolved,mo-92601000,В Агрызе открыли новую многофункциональную спортивную площадку в парке «Локомотив»,useful,97,,
,needs_review,medium,1,2,evt_fd5f0576a1b8e2b09c6222e0,2026-09-05T20:44:08Z,,,,False,territory,False,2026-08-31T13:25:18Z,False,False,https://t.me/atannary/29012,200,media,,True,https://t.me/atannary/29012,unknown,mo-92608000,«Новация» идарәче компаниясе штраф түләргә тиеш калды,context,0,not_editorially_useful,
улица Кирова,ready,medium,1,2,evt_5ae12f02f5a302db3863020c,2026-09-05T20:44:08Z,56.5148222,,52.9997274,True,street,True,2026-08-31T13:23:00Z,False,False,https://agryz-rt.ru/news/nasha-zhizn/v-agryze-otkryli-blagoustroennyi-dvor-po-ulice-kirov,200,media,,True,https://agryz-rt.ru/news/nasha-zhizn/v-agryze-otkryli-blagoustroennyi-dvor-po-ulice-kirov,resolved,mo-92601000,Открытие благоустроенного двора на улице Кирова в Агрызе,useful,97,,
,ready,low,1,1,evt_3a9980762b1845117b83a228,2026-09-05T19:31:53Z,,,,False,territory,True,2026-08-31T13:19:00Z,False,False,https://agryz-rt.ru/news/god-voinskoi-i-trudovoi-doblesti-v-respublike-tatarstan/v-agryze-otkryli-memorialnuiu-dosku-v-cest-ruslana-fatxullina,200,media,,True,https://agryz-rt.ru/news/god-voinskoi-i-trudovoi-doblesti-v-respublike-tatarstan/v-agryze-otkryli-memorialnuiu-dosku-v-cest-ruslana-fatxullina,resolved,mo-92601000,В Агрызе открыли мемориальную доску в честь Руслана Фатхуллина,useful,87,,
улица Строителей,ready,low,1,1,evt_6a95c4d8deb29e27aa2ccbfd,2026-09-05T19:31:59Z,55.7616505,,52.0171943,True,street,True,2026-08-31T13:19:00Z,False,False,https://elabuga-rt.ru/news/novosti/na-ulice-stroitelei-v-elabuge-vremenno-otkliucili-goriacuiu-vodu-iz-za-avariinyx-rabot,200,media,,True,https://elabuga-rt.ru/news/novosti/na-ulice-stroitelei-v-elabuge-vremenno-otkliucili-goriacuiu-vodu-iz-za-avariinyx-rabot,reported,mo-92626101,На улице Строителей в Елабуге временно отключили горячую воду из-за аварийных работ,useful,97,,
,needs_review,medium,1,2,evt_976fad7abba248848ad8a789,2026-09-05T20:44:08Z,,,,False,territory,False,2026-08-31T13:17:00Z,False,False,https://almet-rt.ru/news/mgyiyat/66359,200,media,,True,https://almet-rt.ru/news/mgyiyat/66359,reported,mo-92608000,Суд подтвердил штраф управляющей компании «Новация» в Альметьевске,context,0,not_editorially_useful,
,needs_review,medium,2,3,evt_793686820719d7e122b6f6b0,2026-09-05T20:47:24Z,,,,False,territory,False,2026-08-31T13:07:06Z,False,False,https://atnya-rt.ru/news/beznen-geroilar/oly-mangar-kitapxanasenda-airat-sakirov-belan-ocrasu-utte,200,media,,True,https://atnya-rt.ru/news/beznen-geroilar/oly-mangar-kitapxanasenda-airat-sakirov-belan-ocrasu-utte,reported,mo-92613410,В библиотеке Олы Мәңгәр прошла встреча с Айратом Шакировым,context,0,not_editorially_useful,
Кадряково,ready,low,1,1,evt_f4cb0fc7a6129e9b9e71476c,2026-09-05T19:31:53Z,56.1368832,,53.1392541,False,settlement,True,2026-08-31T13:07:00Z,False,False,https://agryz-rt.ru/news/nasha-zhizn/v-kadriakovo-otkryli-mnogofunkcionalnyi-centr-s-domom-kultury-i-bibliotekoi,200,media,,True,https://agryz-rt.ru/news/nasha-zhizn/v-kadriakovo-otkryli-mnogofunkcionalnyi-centr-s-domom-kultury-i-bibliotekoi,resolved,mo-92601438,В Кадряково открыли многофункциональный центр с Домом культуры и библиотекой,useful,79,,
,needs_review,medium,1,2,evt_c9b9d06d6512e6da25a1f0b4,2026-09-05T20:44:54Z,,,,False,territory,False,2026-08-31T13:03:54Z,False,False,https://t.me/atnatani/13970,200,media,,True,https://t.me/atnatani/13970,reported,mo-92613447,Түбән Көек мәктәбе ашханәсе капиталь ремонттан соң яңартылган,context,67,not_editorially_useful,
,needs_review,medium,1,1,evt_06a8c3f8e786562fb6cb074f,2026-09-05T20:44:54Z,,,,False,territory,False,2026-08-31T13:00:00Z,False,False,https://yashel-uzan.ru/news/yash%D3%99esh/kazanda-esmakarlar-ikencel-cimal-yiu-punktlary-ocen-1-mln-sumga-kadar-akca-ala-ala,200,media,,True,https://yashel-uzan.ru/news/yashәesh/kazanda-esmakarlar-ikencel-cimal-yiu-punktlary-ocen-1-mln-sumga-kadar-akca-ala-ala,reported,mo-92628000,С 1 сентября в Казани начнут принимать заявки на субсидии для пунктов сбора вторсырья,context,16,not_editorially_useful,
,needs_review,low,1,1,evt_70e545090ad7870da938fdfc,2026-09-05T19:31:58Z,,,,False,territory,False,2026-08-31T13:00:00Z,False,False,https://biektaw.ru/news/v-respublike/v-gosavtoinspekcii-tatarstana-napomnili-o-bezopasnosti-detei,200,media,,True,https://biektaw.ru/news/v-respublike/v-gosavtoinspekcii-tatarstana-napomnili-o-bezopasnosti-detei,planned,mo-92622000,Врио начальника Управления Госавтоинспекции республики Айрат Самигуллин призвал водителей и родителей уделить особое внимание безопасности детей на дорогах.,context,36,not_editorially_useful,
,ready,low,1,1,evt_bdf2140b52e0ccf792e1045a,2026-09-05T19:31:57Z,,,,False,territory,True,2026-08-31T12:54:00Z,False,False,https://bavly-tat.ru/news/obschestvo/poznavatelnyi-cas-dlia-detei-prosel-v-bavlinskom-raione,200,media,,True,https://bavly-tat.ru/news/obschestvo/poznavatelnyi-cas-dlia-detei-prosel-v-bavlinskom-raione,unknown,mo-92614000,Познавательный час для детей прошел в Бавлинском районе,useful,79,,
,needs_review,low,1,1,evt_1e8165ad50bb68be5a5bf464,2026-09-05T19:32:00Z,,,,False,territory,False,2026-08-31T12:45:00Z,False,False,https://laishevskyi.ru/news/bezopasnost-doroznogo-dvizeniia/pocti-80-pogibsix-v-dtp-pesexodov-v-tatarstane-narusili-pravila-perexoda,200,media,,True,https://laishevskyi.ru/news/bezopasnost-doroznogo-dvizeniia/pocti-80-pogibsix-v-dtp-pesexodov-v-tatarstane-narusili-pravila-perexoda,reported,mo-92634000,С начала года статистика дорожных аварий в республике приобрела тревожный характер.,context,16,not_editorially_useful,
,needs_review,low,1,1,evt_3ef2964b0a41fc433bedd6db,2026-09-05T19:31:48Z,,,,False,territory,False,2026-08-31T12:29:38Z,False,False,https://t.me/kaibicy/45801,200,media,,True,https://t.me/kaibicy/45801,planned,mo-92629000,Оценки за поведение и запрет телефонов: что изменится в школах с 1 сентября,context,16,not_editorially_useful,
,needs_review,low,1,1,evt_50400575baca24ed17d2c669,2026-09-05T19:31:59Z,,,,False,territory,False,2026-08-31T12:23:00Z,False,False,https://zainsk-inform.ru/news/obschestvo/rospotrebnadzor-razieiasnil-novye-avtostrafy-po-sisteme-cestnyi-znak,200,media,,True,https://zainsk-inform.ru/news/obschestvo/rospotrebnadzor-razieiasnil-novye-avtostrafy-po-sisteme-cestnyi-znak,unknown,mo-92627000,Роспотребнадзор разъяснил новые автоштрафы по системе «Честный знак»,context,0,not_editorially_useful,
,needs_review,medium,1,1,evt_d331d375198b73f7d011aa4e,2026-09-05T20:44:54Z,,,,False,territory,False,2026-08-31T12:22:05Z,False,False,https://t.me/universityinnopolis/3553,200,media,,True,https://t.me/universityinnopolis/3553,reported,RU-TA,Форум «Цифровые дни Иннополиса»,context,0,not_editorially_useful,
,needs_review,low,1,1,evt_cc1919d77914c41bedc4b5dc,2026-09-05T19:31:53Z,,,,False,territory,False,2026-08-31T12:18:00Z,False,False,https://agryz-rt.ru/news/po-materialam-tatar-inform/tri-cetverti-pogibsix-pesexodov-v-rt-perexodili-dorogu-s-naruseniem-pdd,200,media,,True,https://agryz-rt.ru/news/po-materialam-tatar-inform/tri-cetverti-pogibsix-pesexodov-v-rt-perexodili-dorogu-s-naruseniem-pdd,reported,mo-92601000,Три четверти погибших пешеходов в РТ переходили дорогу с нарушением ПДД,context,36,not_editorially_useful,
,needs_review,medium,1,2,evt_f22513cf8f711c35f4b4bd23,2026-09-05T20:45:51Z,,,,False,territory,False,2026-08-31T12:16:00Z,False,False,https://alki-rt.ru/news/ya%D2%A3alyiklar/alki-raiony-kolos-kinoteatr-binasy-ianadan-tozela,200,media,,True,https://alki-rt.ru/news/yaңalyiklar/alki-raiony-kolos-kinoteatr-binasy-ianadan-tozela,in_progress,mo-92607000,Кинотеатр «Колос» в Алькеевском районе реконструируют,context,59,not_editorially_useful,
,ready,low,1,1,evt_6722fdeca9de6396686ed4a5,2026-09-05T19:31:53Z,,,,False,territory,True,2026-08-31T12:12:00Z,False,False,https://agryz-rt.ru/news/po-materialam-tatar-inform/bolee-poloviny-pogibsix-na-dorogax-tatarstana-pesexodov-stali-zertvami-dtp-v-temnoe-vremia-sutok,200,media,,True,https://agryz-rt.ru/news/po-materialam-tatar-inform/bolee-poloviny-pogibsix-na-dorogax-tatarstana-pesexodov-stali-zertvami-dtp-v-temnoe-vremia-sutok,reported,mo-92701000,"С начала года в республике зафиксирован рост аварий с участием пешеходов в условиях недостаточной видимости, сообщили в Госавтоинспекции Татарстана По данным ве",useful,97,,
,needs_review,low,1,1,evt_37025eb36bc0b34b5f14ba8d,2026-09-05T19:32:04Z,,,,False,territory,False,2026-08-31T12:10:00Z,False,False,https://chistopol-rt.ru/news/obschestvo/kak-biznes-cistopolia-mozet-izbezat-cifrovyx-sankcii,200,media,,True,https://chistopol-rt.ru/news/obschestvo/kak-biznes-cistopolia-mozet-izbezat-cifrovyx-sankcii,reported,mo-92659101,Автоштрафы вместо проверок: как бизнесу Чистополя избежать цифровых санкций,context,0,not_editorially_useful,
,needs_review,medium,1,2,evt_b7134b902c0d0dfa67d36551,2026-09-05T20:45:51Z,,,,False,territory,False,2026-08-31T12:07:44Z,False,False,https://t.me/smi_menzela/28715,200,media,,True,https://t.me/smi_menzela/28715,reported,mo-92640000,Плановое отключение холодной воды в Мензелинске,context,59,not_editorially_useful,
,needs_review,medium,1,2,evt_db14bb84b972466cc4439b41,2026-09-05T20:45:51Z,,,,False,territory,False,2026-08-31T12:06:00Z,False,False,https://pestrecy-rt.ru/news/bezopasnoe-dvizhenie/v-pestrecax-dvux-voditelei-ostrafovali-i-lisili-prav-za-pianuiu-ezdu,200,media,,True,https://pestrecy-rt.ru/news/bezopasnoe-dvizhenie/v-pestrecax-dvux-voditelei-ostrafovali-i-lisili-prav-za-pianuiu-ezdu,reported,mo-92648000,Вострова в Пестречинском районе наказали за пьяную езду,context,46,not_editorially_useful,
,needs_review,medium,1,2,evt_ed9ff58ae36e51ac73fbe043,2026-09-05T20:45:51Z,,,,False,territory,False,2026-08-31T12:06:00Z,False,False,https://pestrecy-rt.ru/news/bezopasnoe-dvizhenie/v-pestrecax-dvux-voditelei-ostrafovali-i-lisili-prav-za-pianuiu-ezdu,200,media,,True,https://pestrecy-rt.ru/news/bezopasnoe-dvizhenie/v-pestrecax-dvux-voditelei-ostrafovali-i-lisili-prav-za-pianuiu-ezdu,reported,mo-92648000,В Пестрецах водителя оштрафовали и лишили прав за пьяную езду,context,46,not_editorially_useful,
,needs_review,medium,1,2,evt_40693fadb1641cadac39a642,2026-09-05T20:45:51Z,,,,False,territory,False,2026-08-31T12:00:00Z,False,False,https://vuslon.ru/news/respublikanskie-novosti/gosavtoinspekciia-tatarstana-prizvala-pesexodov-ispolzovat-svetovozvrashhateli,200,media,,True,https://vuslon.ru/news/respublikanskie-novosti/gosavtoinspekciia-tatarstana-prizvala-pesexodov-ispolzovat-svetovozvrashhateli,reported,mo-92701000,Смертельный наезд на пешехода в Кировском районе Казани,context,36,not_editorially_useful,
,needs_review,medium,1,3,evt_208ebd9616e707dace7c3d39,2026-09-05T20:46:21Z,,,,False,territory,False,2026-08-31T11:46:00Z,False,False,https://mamadysh-rt.ru/news/obshchestvo/s-1-sentiabria-vvoditsia-mexanizm-avtostrafov-v-otnosenii-markirovannoi-produkcii,200,media,,True,https://mamadysh-rt.ru/news/obshchestvo/s-1-sentiabria-vvoditsia-mexanizm-avtostrafov-v-otnosenii-markirovannoi-produkcii,unknown,mo-92638000,Вводится механизм «автоштрафов» для маркированной продукции,context,20,not_editorially_useful,
,needs_review,low,1,1,evt_94949e1741b9ef038c3e75f3,2026-09-05T19:32:04Z,,,,False,territory,False,2026-08-31T11:46:00Z,False,False,https://nashcheremshan.ru/news/bezga-yazalar/iske-serezkino-buasyn-remontladylar,200,media,,True,https://nashcheremshan.ru/news/bezga-yazalar/iske-serezkino-buasyn-remontladylar,unknown,mo-92658460,Иске Сережкино буасын ремонтладылар,context,16,not_editorially_useful,
,needs_review,medium,1,1,evt_1901057a294c390f51dfaed7,2026-09-05T20:46:21Z,,,,False,territory,False,2026-08-31T11:40:22Z,False,False,https://t.me/avianovsav/6299,200,official,,True,https://t.me/avianovsav/6299,reported,mo-92701000,Субсидии до 1 млн рублей на создание пунктов приема вторсырья в Казани,context,36,not_editorially_useful,
,needs_review,low,1,1,evt_6b08a870f985c504aed62bdf,2026-09-05T19:31:58Z,,,,False,territory,False,2026-08-31T11:40:00Z,False,False,https://chuprale-online.ru/news/obschestvo/gosavtoinspekciia-rt-zafiksirovala-rost-avarii-s-gibeliu-pesexodov,200,media,,True,https://chuprale-online.ru/news/obschestvo/gosavtoinspekciia-rt-zafiksirovala-rost-avarii-s-gibeliu-pesexodov,reported,mo-92624000,Госавтоинспекция РТ зафиксировала рост аварий с гибелью пешеходов,context,16,not_editorially_useful,
,needs_review,low,1,1,evt_90912504116a8e929b51955d,2026-09-05T19:31:59Z,,,,False,territory,False,2026-08-31T11:27:00Z,False,False,https://elabuga-rt.ru/news/novosti/novyi-detskii-sad-na-ulice-azina-v-elabuge-proxodit-proverku-gosstroinadzora,200,media,,True,https://elabuga-rt.ru/news/novosti/novyi-detskii-sad-na-ulice-azina-v-elabuge-proxodit-proverku-gosstroinadzora,reported,mo-92626101,Новый детский сад на улице Азина в Елабуге проходит проверку Госстройнадзора,context,46,not_editorially_useful,
,needs_review,low,1,1,evt_411e3afaa13f87c017ceded5,2026-09-05T19:31:43Z,,,,False,territory,False,2026-08-31T11:24:01Z,False,False,https://t.me/universityinnopolis/3552,200,media,,True,https://t.me/universityinnopolis/3552,reported,RU-TA,Наш первокурсник магистратуры «Информационное технологическое предпринимательство» Артур Уркин запустил маркетплейс лизинга «ЛизХаб» и уже вышел на выручку в 193 млн рублей,context,16,not_editorially_useful,
,needs_review,low,1,1,evt_7765d55459363b3847f8bfc1,2026-09-05T19:32:04Z,,,,False,territory,False,2026-08-31T11:16:00Z,False,False,https://spas-rt.ru/news/obschestvo/strafy-za-otcetnost-v-tatarstane-mozno-oplatit-so-skidkoi-50,200,media,,True,https://spas-rt.ru/news/obschestvo/strafy-za-otcetnost-v-tatarstane-mozno-oplatit-so-skidkoi-50,unknown,mo-92632000,Штрафы за отчётность в Татарстане можно оплатить со скидкой 50%,context,0,not_editorially_useful,
,needs_review,medium,1,2,evt_762eea3493f9128f0e40cbaf,2026-09-05T20:47:24Z,,,,False,territory,False,2026-08-31T11:11:00Z,False,False,https://shahrichalli.ru/news/kich-bgen-irtg/malakas-elgasy-asa-kupernen-ikence-iagyn-remontlyilar,200,media,,True,https://shahrichalli.ru/news/kich-bgen-irtg/malakas-elgasy-asa-kupernen-ikence-iagyn-remontlyilar,reported,mo-92730000,Ремонт второй стороны моста через реку Мелекес в Челнах,context,16,not_editorially_useful,
,ready,medium,1,2,evt_fc6df59f70411e7c15e3996c,2026-09-05T20:47:24Z,,,,False,territory,True,2026-08-31T11:05:00Z,False,False,https://laishevskyi.ru/news/kriminal/rasskazyvaem-kak-skolnikam-i-studentam-popast-v-final-kazan-digital-week,200,media,,True,https://laishevskyi.ru/news/kriminal/rasskazyvaem-kak-skolnikam-i-studentam-popast-v-final-kazan-digital-week,resolved,mo-92634000,Открыта регистрация на IT-состязание «Татар.Бu»,useful,87,,
,ready,low,1,1,evt_308ba87b524f9c2ae65c7b82,2026-09-05T19:31:57Z,,,,False,territory,True,2026-08-31T11:00:00Z,False,False,https://baltaci.ru/news/trud/v-malolyzinskom-selskom-poselenii-otkryli-pamiatnyi-stend-v-cest-geroev-zemliakov,200,media,,True,https://baltaci.ru/news/trud/v-malolyzinskom-selskom-poselenii-otkryli-pamiatnyi-stend-v-cest-geroev-zemliakov,resolved,mo-92615000,В Малолызинском сельском поселении открыли памятный стенд в честь героев-земляков,useful,79,,
,needs_review,low,1,1,evt_e658a8a25d00368d34e35221,2026-09-05T19:32:04Z,,,,False,territory,False,2026-08-31T10:36:00Z,False,False,https://tetyushy.ru/news/okno-gibdd/svyse-poloviny-dtp-s-pesexodami-v-tatarstane-proizoslo-v-temnoe-vremia-sutok,200,media,,True,https://tetyushy.ru/news/okno-gibdd/svyse-poloviny-dtp-s-pesexodami-v-tatarstane-proizoslo-v-temnoe-vremia-sutok,unknown,mo-92655000,С начала года в Республике Татарстан зафиксирован резкий рост числа смертельных аварий с участием пешеходов.,context,0,not_editorially_useful,
,needs_review,low,1,1,evt_47f93b6ca7fc8f806eeaab8d,2026-09-05T19:32:01Z,,,,False,territory,False,2026-08-31T10:33:00Z,False,False,https://mamadysh-rt.ru/news/obshchestvo/mnogodetnye-semi-i-detei-ucastnikov-svo-priglasili-na-ledovoe-predstavlenie,200,media,,True,https://mamadysh-rt.ru/news/obshchestvo/mnogodetnye-semi-i-detei-ucastnikov-svo-priglasili-na-ledovoe-predstavlenie,unknown,mo-92701000,Многодетные семьи и детей участников СВО пригласили на ледовое представление,context,20,not_editorially_useful,
Старое Серёжкино,ready,low,1,1,evt_f98b4a993665eda193843693,2026-09-05T19:31:52Z,54.5849206,,51.6478399,False,settlement,True,2026-08-31T10:26:38Z,False,False,https://t.me/n_chrmshn/18526,200,media,,True,https://t.me/n_chrmshn/18526,resolved,mo-92658460,В Старом Сережкине отремонтировали плотину,useful,87,,
"проспект Победы, 17",ready,low,1,1,evt_6496de12351568535da8318f,2026-09-05T19:31:59Z,55.2910747,,51.9848475,True,building,True,2026-08-31T10:23:00Z,False,False,https://zainsk-inform.ru/news/obschestvo/v-skole-6-zainska-otkrylas-obnovlennaia-stolovaia-posle-kapremonta,200,media,,True,https://zainsk-inform.ru/news/obschestvo/v-skole-6-zainska-otkrylas-obnovlennaia-stolovaia-posle-kapremonta,resolved,mo-92627101,В школе №6 Заинска открылась обновлённая столовая после капремонта,useful,87,,
,needs_review,medium,1,1,evt_3c0bc216922a928904aa82e8,2026-09-05T20:48:18Z,,,,False,territory,False,2026-08-31T10:21:00Z,False,False,https://baltaci.ru/news/magarif/2026-elda-kazan-magarifen-finanslauny-milliard-sumga-arttyrdylar,200,media,,True,https://baltaci.ru/news/magarif/2026-elda-kazan-magarifen-finanslauny-milliard-sumga-arttyrdylar,reported,mo-92615151,Казанда мәктәп туклануын оештыруга финанслау артты,context,16,not_editorially_useful,
,needs_review,medium,1,1,evt_efb9b445b7f4643ee97b473f,2026-09-05T20:48:18Z,,,,False,territory,False,2026-08-31T10:21:00Z,False,False,https://baltaci.ru/news/magarif/2026-elda-kazan-magarifen-finanslauny-milliard-sumga-arttyrdylar,200,media,,True,https://baltaci.ru/news/magarif/2026-elda-kazan-magarifen-finanslauny-milliard-sumga-arttyrdylar,reported,mo-92615151,Казанда мәгарифне финанслау артты,context,16,not_editorially_useful,
Казань,ready,low,29,29,evt_9f09616efdb591b854364c8d,2026-09-05T19:32:05Z,55.7946485,,49.1115022,False,settlement,True,2026-08-31T10:08:00Z,False,False,https://tvchelny.ru/news/tsentralnye-novosti/centr-razvitiia-futbola-otkryt-v-kazani,200,media,,True,https://tvchelny.ru/news/tsentralnye-novosti/centr-razvitiia-futbola-otkryt-v-kazani,resolved,mo-92701000,Центр развития футбола открыт в Казани,useful,79,,
,ready,low,1,1,evt_18cd5c7e8b9b2dc31ae39cf0,2026-09-05T19:31:59Z,,,,False,territory,True,2026-08-31T10:05:00Z,False,False,https://zainsk-inform.ru/news/obschestvo/23-pesexoda-pogibli-v-tatarstane-v-temnote-s-nacala-goda,200,media,,True,https://zainsk-inform.ru/news/obschestvo/23-pesexoda-pogibli-v-tatarstane-v-temnote-s-nacala-goda,reported,mo-92627101,В темноте — без световозвращателей: трагическая статистика,useful,87,,
Камское Устье,ready,low,1,1,evt_82c73e3722efff04b1a55dfb,2026-09-05T19:31:48Z,55.2015629,,49.2680082,False,settlement,True,2026-08-31T10:04:01Z,False,False,https://t.me/volzhskie/36001,200,media,,True,https://t.me/volzhskie/36001,paused,mo-92630151,"1 сентября, в связи с плановыми ремонтными работами будет временно приостановлена подача газа в Камском Устье.",useful,79,,
Бугульма,needs_review,low,1,1,evt_2e2bc875b835319efdaa42f2,2026-09-05T19:31:57Z,54.5384152,,52.7955953,False,settlement,False,2026-08-31T10:02:00Z,False,False,https://bugulma-tatarstan.ru/news/news/v-bugulme-provodili-kontraktnikov-v-zonu-svo-i-na-oxranu-obieektov,200,media,,True,https://bugulma-tatarstan.ru/news/news/v-bugulme-provodili-kontraktnikov-v-zonu-svo-i-na-oxranu-obieektov,unknown,mo-92617101,В Бугульме проводили контрактников в зону СВО и на охрану объектов,context,20,not_editorially_useful,
Казань,needs_review,low,1,1,evt_8a125888e3b0c9fe5c66958a,2026-09-05T19:32:01Z,55.7946485,,49.1115022,False,settlement,False,2026-08-31T09:53:00Z,False,False,https://leninogorsk-rt.ru/news/novostnaya-lenta/mnogodetnye-semi-i-detei-ucastnikov-svo-priglasili-na-ledovoe-sou-v-kazani,200,media,,True,https://leninogorsk-rt.ru/news/novostnaya-lenta/mnogodetnye-semi-i-detei-ucastnikov-svo-priglasili-na-ledovoe-sou-v-kazani,unknown,mo-92701000,Многодетные семьи и детей участников СВО пригласили на ледовое шоу в Казани,context,20,not_editorially_useful,
,needs_review,low,1,1,evt_daabd3758ac904f0926b1810,2026-09-05T19:31:42Z,,,,False,territory,False,2026-08-31T09:19:00Z,False,False,https://16.mchs.gov.ru/deyatelnost/press-centr/novosti/5819013,200,official,,True,https://16.mchs.gov.ru/deyatelnost/press-centr/novosti/5819013,reported,mo-92615430,ИтогиНедели Обстановка с пожарами и происшествиями на воде c 24 по 30 августа,context,0,not_editorially_useful,
,needs_review,medium,1,2,evt_aae439d0fd6ae32e5c7d069b,2026-09-05T20:48:18Z,,,,False,territory,False,2026-08-31T09:04:53Z,False,False,https://t.me/atannary/29007,200,media,,True,https://t.me/atannary/29007,reported,mo-92608101,Эзләү: Әлмәттә Төзүчеләр проспектында яшүсмерне бәрдергән машина йөртүче качкан,context,0,not_editorially_useful,
,ready,medium,1,3,evt_6628417f46feb74a37537300,2026-09-05T20:48:18Z,,,,False,territory,True,2026-08-31T09:00:00Z,False,False,https://nurlat-tat.ru/news/novosti/startuet-priem-zaiavok-na-xakaton-tatarbu-pobediteli-vystupiat-na-kazan-digital-week,200,media,,True,https://nurlat-tat.ru/news/novosti/startuet-priem-zaiavok-na-xakaton-tatarbu-pobediteli-vystupiat-na-kazan-digital-week,reported,mo-92646000,Хакатон «Татар.Бу»,useful,70,,
,needs_review,medium,1,3,evt_2959c334a3df7d05e0aa7256,2026-09-05T20:48:18Z,,,,False,territory,False,2026-08-31T08:50:41Z,False,False,https://t.me/kzn_official/23530,200,official,,True,https://t.me/kzn_official/23530,reported,mo-92701000,Субсидия на создание пунктов сбора вторсырья для бизнеса в Казани,context,36,not_editorially_useful,
Бугульма,ready,low,1,1,evt_566b4dfbd06cea981a44e21e,2026-09-05T19:31:57Z,54.5384152,,52.7955953,False,settlement,True,2026-08-31T08:41:00Z,False,False,https://bugulma-tatarstan.ru/news/news/v-bugulme-otkryli-stelu-v-cest-prosvetitelia-xadi-atlasi,200,media,,True,https://bugulma-tatarstan.ru/news/news/v-bugulme-otkryli-stelu-v-cest-prosvetitelia-xadi-atlasi,resolved,mo-92617101,В Бугульме открыли стелу в честь просветителя Хади Атласи,useful,79,,
,needs_review,low,1,1,evt_c3f8a9533bc3bde1b1e80f8c,2026-09-05T19:31:52Z,,,,False,territory,False,2026-08-31T08:32:17Z,False,False,https://t.me/n_chrmshn/18523,200,media,,True,https://t.me/n_chrmshn/18523,reported,mo-92658462,Один день — три больших праздника,context,36,not_editorially_useful,
,needs_review,low,1,1,evt_ee94abbf98811ad13e857854,2026-09-05T19:32:02Z,,,,False,territory,False,2026-08-31T08:25:00Z,False,False,https://novoshishminsk.ru/news/v-respublike/centr-patriot-ucit-takticeskoi-medicine-u-casi,200,media,,True,https://novoshishminsk.ru/news/v-respublike/centr-patriot-ucit-takticeskoi-medicine-u-casi,resolved,mo-92701000,На праздновании Дня Республики Татарстан у Центра семьи «Казан» открылась выставка центра «Патриот».,context,59,not_editorially_useful,
,needs_review,medium,1,1,evt_5b874fba885bb71ac0c060ab,2026-09-05T20:49:01Z,,,,False,territory,False,2026-08-31T08:16:00Z,False,False,https://zamansulyshy.ru/news/yanaliklar/uku-ely-aldynnan-leninogorsk-iangyn-sunderucelare-iangyn-kurkynycsyzlygy-turynda-iska-tosera,200,media,,True,https://zamansulyshy.ru/news/yanaliklar/uku-ely-aldynnan-leninogorsk-iangyn-sunderucelare-iangyn-kurkynycsyzlygy-turynda-iska-tosera,reported,mo-92636101,В Лениногорском районе напомнили о правилах пожарной безопасности перед учебным годом,context,0,not_editorially_useful,
,needs_review,low,1,1,evt_7febc3b9eb86a061ea729e0f,2026-09-05T19:32:00Z,,,,False,territory,False,2026-08-31T08:12:00Z,False,False,https://laishevskyi.ru/news/bezopasnost-doroznogo-dvizeniia/v-laisevskom-raioe-zaderzali-voditelia-s-cerescur-temnymi-steklami,200,media,,True,https://laishevskyi.ru/news/bezopasnost-doroznogo-dvizeniia/v-laisevskom-raioe-zaderzali-voditelia-s-cerescur-temnymi-steklami,unknown,mo-92634101,В Лаишевском райое задержали водителя с чересчур тёмными стёклами,context,20,not_editorially_useful,
,needs_review,low,1,1,evt_917df3f968afda5deb4998f8,2026-09-05T19:31:58Z,,,,False,territory,False,2026-08-31T08:10:00Z,False,False,https://chuprale-online.ru/news/obschestvo/ledovaia-feeriia-dlia-semei-geroev-kak-tatarstan-daril-prazdnik,200,media,,True,https://chuprale-online.ru/news/obschestvo/ledovaia-feeriia-dlia-semei-geroev-kak-tatarstan-daril-prazdnik,unknown,mo-92624000,Ледовая феерия для семей героев: как Татарстан дарил праздник,context,0,not_editorially_useful,
,needs_review,low,1,1,evt_cebc62c8ed94bed9b3f4d1cd,2026-09-05T19:32:01Z,,,,False,territory,False,2026-08-31T08:01:00Z,False,False,https://mamadysh-rt.ru/news/obshchestvo/pobediteli-xakatona-tatarbu-vystupiat-na-kazan-digital-week,200,media,,True,https://mamadysh-rt.ru/news/obshchestvo/pobediteli-xakatona-tatarbu-vystupiat-na-kazan-digital-week,resolved,mo-92638000,Приём заявок уже открыт и продлится до 7 сентября.,context,59,not_editorially_useful,
,needs_review,low,1,1,evt_ebfa032333a5ebb57c91d964,2026-09-05T19:31:58Z,,,,False,territory,False,2026-08-31T08:00:00Z,False,False,https://biektaw.ru/news/v-selskih-poseleniyah/istoriia-otca-privela-lenu-usmanovu-na-fabriku-v-dubieiazax,200,media,,True,https://biektaw.ru/news/v-selskih-poseleniyah/istoriia-otca-privela-lenu-usmanovu-na-fabriku-v-dubieiazax,reported,mo-92622000,История отца привела Лену Усманову на фабрику в Дубъязах,context,36,not_editorially_useful,
,needs_review,low,1,1,evt_e7a74338528f200b306fcd84,2026-09-05T19:31:48Z,,,,False,territory,False,2026-08-31T07:56:01Z,False,False,https://t.me/volzhskie/35998,200,media,,True,https://t.me/volzhskie/35998,reported,mo-92630000,Ветераны СВО Камского Устья занимаются спортом и путешествуют по стране,context,20,not_editorially_useful,
,needs_review,medium,1,4,evt_05505197603ed624251cf0c3,2026-09-05T20:49:01Z,,,,False,territory,False,2026-08-31T07:50:12Z,False,False,https://t.me/arskmedia/27529,200,media,,True,https://t.me/arskmedia/27529,reported,mo-92612151,Школы Арского района подготовлены к новому учебному году,context,59,not_editorially_useful,
,needs_review,low,1,1,evt_ad55d723daa34ddefd9bc02d,2026-09-05T19:31:57Z,,,,False,territory,False,2026-08-31T07:49:00Z,False,False,https://bavly-tat.ru/news/zdorove/mysinaia-lixoradka-ne-otstupaet-oseniu-rekomendacii-dlia-zitelei-bavlinskogo-raiona,200,media,,True,https://bavly-tat.ru/news/zdorove/mysinaia-lixoradka-ne-otstupaet-oseniu-rekomendacii-dlia-zitelei-bavlinskogo-raiona,unknown,mo-92614000,Мышиная лихорадка» не отступает осенью: рекомендации для жителей Бавлинского района,context,16,not_editorially_useful,
,needs_review,low,1,1,evt_3f087179d272cd9386633bb5,2026-09-05T19:31:57Z,,,,False,territory,False,2026-08-31T07:09:00Z,False,False,https://bavly-tat.ru/news/obschestvo/priem-zaiavok-dlia-itrazrabotcikov-otkryt-na-xakaton-tatarbu,200,media,,True,https://bavly-tat.ru/news/obschestvo/priem-zaiavok-dlia-itrazrabotcikov-otkryt-na-xakaton-tatarbu,resolved,mo-92614000,Приём заявок для IT‑разработчиков открыт на хакатон «Татар.Бу»,context,59,not_editorially_useful,
Школьная улица,ready,low,1,1,evt_e578ebe9c7005eaae9da466e,2026-09-05T19:31:57Z,54.5722661,,52.7843521,True,street,True,2026-08-31T07:06:00Z,False,False,https://bugulma-tatarstan.ru/news/news/glava-bugulminskogo-raiona-provel-sxod-grazdan-v-berezovskom-selskom-poselenii,200,media,,True,https://bugulma-tatarstan.ru/news/news/glava-bugulminskogo-raiona-provel-sxod-grazdan-v-berezovskom-selskom-poselenii,resolved,mo-92617460,"За год отремонтировали 12 улиц, благоустраивают 3 двора по программе «Наш двор», всего за 5 лет — более 40 объектов.",useful,97,,
,needs_review,low,1,1,evt_2e4a4013ba52202b033141c2,2026-09-05T19:32:04Z,,,,False,territory,False,2026-08-31T06:50:00Z,False,False,https://tetyushy.ru/news/obshchestvo/v-tetiusskom-raione-roditeliam-rasskazali-kak-zashhitit-rebenka-v-seti,200,media,,True,https://tetyushy.ru/news/obshchestvo/v-tetiusskom-raione-roditeliam-rasskazali-kak-zashhitit-rebenka-v-seti,reported,mo-92655000,"В Тетюшском районе родителям рассказали, как защитить ребёнка в сети",context,36,not_editorially_useful,
,needs_review,low,1,1,evt_1ef2c0e2b0848b137fa6fc12,2026-09-05T19:32:03Z,,,,False,territory,False,2026-08-31T06:24:00Z,False,False,https://pestrecy-rt.ru/news/zdravoohranenie/fitnes-trener-obieiasnil-kakie-uprazneniia-delat-dlia-osanki-spiny,200,media,,True,https://pestrecy-rt.ru/news/zdravoohranenie/fitnes-trener-obieiasnil-kakie-uprazneniia-delat-dlia-osanki-spiny,unknown,mo-92648000,"Фитнес-тренер объяснил, какие упражнения делать для осанки спины",context,0,not_editorially_useful,
Камское Устье,ready,low,1,1,evt_1305af4f64be397fc1b439d2,2026-09-05T19:32:00Z,55.2015629,,49.2680082,False,settlement,True,2026-08-31T06:18:00Z,False,False,https://kamskoe-ustie.ru/news/obshestvo/v-kamskom-uste-1-sentiabria-otkliucat-gaz,200,media,,True,https://kamskoe-ustie.ru/news/obshestvo/v-kamskom-uste-1-sentiabria-otkliucat-gaz,planned,mo-92630151,В Камском Устье 1 сентября отключат газ,useful,79,,
,needs_review,medium,1,2,evt_7f36ca60494baf8a34ffd523,2026-09-05T20:49:01Z,,,,False,territory,False,2026-08-31T06:03:00Z,False,False,https://tulachi.ru/news/v-respublike/2026-elda-kazan-magarifen-finanslauny-milliard-sumga-arttyrdylar,200,media,,True,https://tulachi.ru/news/v-respublike/2026-elda-kazan-magarifen-finanslauny-milliard-sumga-arttyrdylar,reported,mo-92701000,В Казани увеличили финансирование образования на 2026 год,context,16,not_editorially_useful,
,needs_review,low,3,3,evt_213a2b05bc49e9f9b819b527,2026-09-05T19:32:00Z,,,,False,territory,False,2026-08-31T05:41:00Z,False,False,https://kaibicy.ru/news/novosti/ucim-takticeskoi-medicine-u-casi-rabotaet-vystavka-centra-patriot,200,media,,True,https://kaibicy.ru/news/novosti/ucim-takticeskoi-medicine-u-casi-rabotaet-vystavka-centra-patriot,resolved,mo-92701000,На праздновании Дня Республики Татарстан у Центра семьи «Казан» открылась выставка Республиканского центра спортивно-патриотической и допризывной подготовки мол,context,59,not_editorially_useful,
,ready,low,1,1,evt_a90255c01cb970fe2467297f,2026-09-05T19:32:04Z,,,,False,territory,True,2026-08-31T05:40:00Z,False,False,https://tetyushy.ru/news/beznengeroilar/u-casi-otkrylas-vystavka-centra-patriot-gostei-ucat-takticeskoi-medicine-i-rabote-s-bpla,200,media,,True,https://tetyushy.ru/news/beznengeroilar/u-casi-otkrylas-vystavka-centra-patriot-gostei-ucat-takticeskoi-medicine-i-rabote-s-bpla,resolved,mo-92701000,У «Чаши» открылась выставка центра «Патриот»: гостей учат тактической медицине и работе с БПЛА,useful,79,,
,needs_review,low,1,1,evt_32f7a1e57821c0868454c47d,2026-09-05T19:31:59Z,,,,False,territory,False,2026-08-31T05:22:00Z,False,False,https://zainsk-inform.ru/news/obschestvo/k-slesariu-gazovoi-sluzby-kamiliu-gilfanovu-idut-za-sovetom-i-pomoshhiu-bolee-30-let,200,media,,True,https://zainsk-inform.ru/news/obschestvo/k-slesariu-gazovoi-sluzby-kamiliu-gilfanovu-idut-za-sovetom-i-pomoshhiu-bolee-30-let,unknown,mo-92627432,Камиль Гильфанов из села Верхние Пинячи трудится слесарем по эксплуатации и ремонту газового оборудования Заинской районной эксплуатационной газовой службы,context,0,not_editorially_useful,
,needs_review,medium,1,2,evt_f7296a471991cf1b6827ff00,2026-09-05T20:49:28Z,,,,False,territory,False,2026-08-31T04:08:00Z,False,False,https://baltaci.ru/news/kon-temasy/tatarstan-respublikasy-konenda-kontrakt-buenca-xezmatka-sailap-alu-mobil-punkty-acyldy,200,media,,True,https://baltaci.ru/news/kon-temasy/tatarstan-respublikasy-konenda-kontrakt-buenca-xezmatka-sailap-alu-mobil-punkty-acyldy,unknown,mo-92615000,Открыт мобильный пункт отбора на контрактную службу в Татарстане,context,59,not_editorially_useful,
,needs_review,high,0,1,evt_legacy_564a90f75011a3eda703fcd7,2026-09-04T15:47:33Z,,public-2ab3cafefc02591a,,False,territory,False,2026-08-31T00:00:00Z,True,False,https://media.kpfu.ru/news/nobelevskiy-laureat-na-pronauke-v-kfu-rasskazal-kak-vyzhit-v-epokhu-iskusstvennogo-intellekta,200,official,,True,https://media.kpfu.ru/news/nobelevskiy-laureat-na-pronauke-v-kfu-rasskazal-kak-vyzhit-v-epokhu-iskusstvennogo-intellekta,unknown,RU-TA,"Нобелевский лауреат на «PROнауке в КФУ» рассказал, как выжить в эпоху искусственного интеллекта и климатического кризиса",noise,20,missing_primary_evidence|not_editorially_useful,
,needs_review,high,0,1,evt_legacy_ce9b6d330f540bb5952ff767,2026-09-04T15:47:33Z,,public-247e9f86f2a82534,,False,territory,False,2026-08-31T00:00:00Z,True,False,https://media.kpfu.ru/news/v-kfu-rasskazali-o-glavnykh-pravilakh-stilya-dlya-mam-na-1-sentyabrya,200,official,,True,https://media.kpfu.ru/news/v-kfu-rasskazali-o-glavnykh-pravilakh-stilya-dlya-mam-na-1-sentyabrya,unknown,RU-TA,В КФУ рассказали о главных правилах подбора образа для мам на 1 сентября,context,0,missing_primary_evidence|not_editorially_useful,
,needs_review,high,0,1,evt_legacy_e07ed172694b2af23a9cf53d,2026-09-04T15:47:34Z,,public-3eb7b2a49577b85e,,False,territory,False,2026-08-31T00:00:00Z,True,False,https://16.mchs.gov.ru/deyatelnost/press-centr/novosti/5819013,200,official,,True,https://16.mchs.gov.ru/deyatelnost/press-centr/novosti/5819013,unknown,RU-TA,#ИтогиНедели Обстановка с пожарами и происшествиями на воде c 24 по 30 августа,context,0,missing_primary_evidence|not_editorially_useful,
,needs_review,high,0,1,evt_legacy_f62aba737d3cca3913828d70,2026-09-04T15:47:34Z,,public-66ab63b7d82e3220,,False,territory,False,2026-08-31T00:00:00Z,True,False,https://16.mchs.gov.ru/deyatelnost/press-centr/novosti/5819103,200,official,,True,https://16.mchs.gov.ru/deyatelnost/press-centr/novosti/5819103,unknown,RU-TA,‎Напутствие первоклассникам: нижнекамские пожарные подарили детям яркий праздник,context,0,missing_primary_evidence|not_editorially_useful,
,needs_review,low,1,1,evt_fc0b287dd8c72a4f49bd76fd,2026-09-05T19:31:58Z,,,,False,territory,False,2026-08-30T17:50:00Z,False,False,https://vuslon.ru/news/obschestvo/u-casi-otkrylas-vystavka-centra-patriot,200,media,,True,https://vuslon.ru/news/obschestvo/u-casi-otkrylas-vystavka-centra-patriot,resolved,mo-92620000,У «Чаши» открылась выставка центра «Патриот»,context,59,not_editorially_useful,
Казань,ready,low,1,1,evt_653314e492154591360c387f,2026-09-05T19:32:01Z,55.7946485,,49.1115022,False,settlement,True,2026-08-30T17:03:00Z,False,False,https://mendeleevskyi.ru/news/v-respublike-1708003091/na-dne-respubliki-v-kazani-otkrylsia-punkt-otbora-na-kontraktnuiu-sluzbu,200,media,,True,https://mendeleevskyi.ru/news/v-respublike-1708003091/na-dne-respubliki-v-kazani-otkrylsia-punkt-otbora-na-kontraktnuiu-sluzbu,resolved,mo-92701000,На Дне республики в Казани открылся пункт отбора на контрактную службу,useful,79,,
Казань,ready,low,1,1,evt_796ec6ad55ff78f2b37dd204,2026-09-05T19:31:59Z,55.7946485,,49.1115022,False,settlement,True,2026-08-30T17:00:00Z,False,False,https://zpravda.ru/news/novosti/v-kazani-otkryli-mobilnyi-punkt-otbora-na-kontrakt-na-dne-respubliki,200,media,,True,https://zpravda.ru/news/novosti/v-kazani-otkryli-mobilnyi-punkt-otbora-na-kontrakt-na-dne-respubliki,resolved,mo-92701000,В Казани открыли мобильный пункт отбора на контракт на Дне республики,useful,79,,
,ready,low,1,1,evt_85777afe9fe07654ec059055,2026-09-05T19:32:01Z,,,,False,territory,True,2026-08-30T16:47:00Z,False,False,https://mamadysh-rt.ru/news/obshchestvo/mobilnyi-punkt-nabora-kontraktnikov-otkrylsia-v-den-respubliki,200,media,,True,https://mamadysh-rt.ru/news/obshchestvo/mobilnyi-punkt-nabora-kontraktnikov-otkrylsia-v-den-respubliki,resolved,mo-92701000,Мобильный пункт набора контрактников открылся в День Республики,useful,79,,
Казань,needs_review,low,2,2,evt_38d13bb44b83418908af68b8,2026-09-05T19:32:01Z,55.7946485,,49.1115022,False,settlement,False,2026-08-30T16:38:00Z,False,False,https://leninogorsk-rt.ru/news/novostnaya-lenta/na-prazdnovanii-dnia-respubliki-otkrylsia-punkt-otbora-na-sluzbu-po-kontraktu,200,media,,True,https://leninogorsk-rt.ru/news/novostnaya-lenta/na-prazdnovanii-dnia-respubliki-otkrylsia-punkt-otbora-na-sluzbu-po-kontraktu,resolved,mo-92701000,На праздновании Дня республики открылся пункт отбора на службу по контракту,context,59,not_editorially_useful,
,needs_review,low,1,1,evt_f6c6f425b72d138cd292bceb,2026-09-05T19:32:00Z,,,,False,territory,False,2026-08-30T16:19:00Z,False,False,https://kamskoe-ustie.ru/news/patrioticheskoe-vospitanie/takticeskaia-medicina-bpla-i-zarplaty-do-milliona-rublei,200,media,,True,https://kamskoe-ustie.ru/news/patrioticheskoe-vospitanie/takticeskaia-medicina-bpla-i-zarplaty-do-milliona-rublei,resolved,mo-92701000,"Сегодня, в рамках празднования Дня Республики Татарстан, на территории у Центра семьи «Казан» открылась масштабная выставка Республиканского центра спортивно-па",context,59,not_editorially_useful,
,needs_review,low,1,1,evt_40daa75ebbb14babc3ce6d94,2026-09-05T19:31:57Z,,,,False,territory,False,2026-08-30T16:12:00Z,False,False,https://bavly-tat.ru/news/obschestvo/punkt-otbora-na-voennuiu-sluzbu-po-kontraktu-rabotal-na-prazdnovanii-dnia-respubliki,200,media,,True,https://bavly-tat.ru/news/obschestvo/punkt-otbora-na-voennuiu-sluzbu-po-kontraktu-rabotal-na-prazdnovanii-dnia-respubliki,unknown,mo-92614000,Пункт отбора на военную службу по контракту работал на праздновании Дня республики,context,0,not_editorially_useful,
,needs_review,low,1,1,evt_99a6f5a4d384a0f647c0bab6,2026-09-05T19:32:04Z,,,,False,territory,False,2026-08-30T16:10:00Z,False,False,https://chistopol-rt.ru/news/obschestvo/punkt-otbora-na-sluzbu-po-kontraktu-razvernuli-na-prazdnike-v-cest-dnia-respubliki,200,media,,True,https://chistopol-rt.ru/news/obschestvo/punkt-otbora-na-sluzbu-po-kontraktu-razvernuli-na-prazdnike-v-cest-dnia-respubliki,unknown,mo-92701000,Пункт отбора на службу по контракту развернули на празднике в честь Дня республики,context,0,not_editorially_useful,
Новое Ибрайкино,needs_review,low,1,1,evt_381059e9e9215c015885db15,2026-09-05T19:31:56Z,54.8679981,,51.1654878,False,settlement,False,2026-08-30T14:30:00Z,False,False,https://aksubayevo.ru/news/news/v-novom-ibraikine-aksubaevskogo-raiona-prolozili-novuiu-dorogu,200,media,,True,https://aksubayevo.ru/news/news/v-novom-ibraikine-aksubaevskogo-raiona-prolozili-novuiu-dorogu,resolved,mo-92604430,Сегодня в Новом Ибрайкине состоялось открытие дороги после капитального ремонта.,context,20,not_editorially_useful,
,needs_review,medium,1,1,evt_7de51c59c1f0dcfa024e2ea9,2026-09-05T20:50:10Z,,,,False,territory,False,2026-08-30T14:19:09Z,False,False,https://t.me/atannary/28990,200,media,,True,https://t.me/atannary/28990,reported,mo-92608101,Многодетной семье из Альметьевского района передали новый автомобиль,context,0,not_editorially_useful,
,needs_review,medium,1,2,evt_c8985b3c6f622020fc989620,2026-09-05T20:50:10Z,,,,False,territory,False,2026-08-30T13:31:00Z,False,False,https://saby-rt.ru/news/fotoreportazhlar/ocnaratta-sport-maidancygy-acyldyfotoreportaz,200,media,,True,https://saby-rt.ru/news/fotoreportazhlar/ocnaratta-sport-maidancygy-acyldyfotoreportaz,reported,mo-92652000,В Өчнаратта открыли спортивную площадку,context,59,not_editorially_useful,
Караса,ready,low,1,1,evt_154c02984655bd87c8e92c3e,2026-09-05T19:31:56Z,54.7416484,,50.6776236,False,settlement,True,2026-08-30T13:30:00Z,False,False,https://aksubayevo.ru/news/news/v-derevne-karase-aksubaevskogo-raiona-otkryli-novuiu-dorogu,200,media,,True,https://aksubayevo.ru/news/news/v-derevne-karase-aksubaevskogo-raiona-otkryli-novuiu-dorogu,resolved,mo-92604414,В деревне Карасе Аксубаевского района открыли новую дорогу,useful,87,,
,needs_review,medium,1,2,evt_28f19ce75b329714ad926e8a,2026-09-05T20:50:10Z,,,,False,territory,False,2026-08-30T12:22:20Z,False,False,https://t.me/avianovsav/6293,200,official,,True,https://t.me/avianovsav/6293,resolved,mo-92701000,Обновлен двор у домов на ул. Ф. Амирхана и ул. Маршала Чуйкова,context,30,not_editorially_useful,
"улица Четаева, 18А",ready,low,1,1,evt_bfd3b7e990a4b131e14109b0,2026-09-05T19:32:05Z,55.82083405,,49.136138900122546,True,building,True,2026-08-30T11:59:01Z,False,False,https://t.me/kzn_official/23518,200,official,,True,https://t.me/kzn_official/23518,resolved,mo-92701000,На территории КНИТУ-КАИ им.Туполева открылся интерактивный музей техники на базе сверхзвукового пассажирского самолета Ту-144.,useful,89,,
,needs_review,low,1,1,evt_4a4bd09a2dd5ae79183b2123,2026-09-05T19:31:50Z,,,,False,territory,False,2026-08-30T11:51:01Z,False,False,https://t.me/smi_menzela/28697,200,media,,True,https://t.me/smi_menzela/28697,reported,mo-92640000,"Татьяна Сахаухова, сотрудник ЦРБ:",context,16,not_editorially_useful,
Заинск,needs_review,low,1,1,evt_72bbbf21cf1117e8ff8f4dba,2026-09-05T19:31:59Z,55.2866509,,52.0056047,False,settlement,False,2026-08-30T11:49:00Z,False,False,https://zainsk-inform.ru/news/obschestvo/v-zainske-sostoialos-otkrytie-dvorca-edinoborstv-v-prazdnicnyi-den,200,media,,True,https://zainsk-inform.ru/news/obschestvo/v-zainske-sostoialos-otkrytie-dvorca-edinoborstv-v-prazdnicnyi-den,reported,mo-92627101,В Заинске состоялось открытие Дворца единоборств в праздничный день,context,20,not_editorially_useful,
Бугульма,ready,low,1,1,evt_f84f24939a9a4d1602b464a4,2026-09-05T19:31:57Z,54.5384152,,52.7955953,False,settlement,True,2026-08-30T11:09:00Z,False,False,https://bugulma-tatarstan.ru/news/news/v-bugulme-otkryli-novye-korpusa-liceia-2-i-skoly-6,200,media,,True,https://bugulma-tatarstan.ru/news/news/v-bugulme-otkryli-novye-korpusa-liceia-2-i-skoly-6,resolved,mo-92617101,В Бугульме открыли новые корпуса лицея № 2 и школы № 6,useful,87,,
,needs_review,medium,1,2,evt_7e7555140f3a238af398cd91,2026-09-05T20:51:06Z,,,,False,territory,False,2026-08-30T10:45:00Z,False,False,https://t.me/kvb_kzn/3856,200,official,,True,https://t.me/kvb_kzn/3856,resolved,mo-92701000,В Ново-Савиновском районе открыли благоустроенный двор по программе «Наш двор»,context,59,not_editorially_useful,
,needs_review,medium,1,1,evt_b76ea5509b9cc5a7683d0ad6,2026-09-05T20:51:06Z,,,,False,territory,False,2026-08-30T10:24:43Z,False,False,https://t.me/kzn_official/23517,200,official,,True,https://t.me/kzn_official/23517,resolved,mo-92701000,Открыт обновленный двор в Казани на улицах Амирхана и Чуйкова,context,59,not_editorially_useful,
,needs_review,low,1,1,evt_d833e2e7284e26e4590c542e,2026-09-05T19:32:00Z,,,,False,territory,False,2026-08-30T10:22:00Z,False,False,https://kamskoe-ustie.ru/news/pravonaruchenie/pianym-i-bez-prav-za-rul-saditsia-sebe-doroze,200,media,,True,https://kamskoe-ustie.ru/news/pravonaruchenie/pianym-i-bez-prav-za-rul-saditsia-sebe-doroze,reported,mo-92630000,Пьяным и без прав за руль садиться - себе дороже,context,16,not_editorially_useful,
,needs_review,medium,1,2,evt_3a0bef5ac6972a1a6873dc16,2026-09-05T20:51:06Z,,,,False,territory,False,2026-08-30T10:03:00Z,False,False,https://nashcheremshan.ru/news/avyl-khualygy/cirmesan-raiony-avyllarynda-43-xualyk-kos-kort-ustererga-subsidiia-algan,200,media,,True,https://nashcheremshan.ru/news/avyl-khualygy/cirmesan-raiony-avyllarynda-43-xualyk-kos-kort-ustererga-subsidiia-algan,unknown,mo-92658470,В селах Черемшанского района 43 хозяйства получили субсидию на выращивание птицы,context,0,not_editorially_useful,
,needs_review,medium,1,1,evt_c2e1b44b275f4002f9d915b4,2026-09-05T20:51:06Z,,,,False,territory,False,2026-08-30T10:00:00Z,False,False,https://yashel-uzan.ru/news/yashelznrayonytuganavylym/tatar-avyly-etnomuzeenda-milli-tradiciialar-doniasyna-saiaxat-davam-ita,200,media,,True,https://yashel-uzan.ru/news/yashelznrayonytuganavylym/tatar-avyly-etnomuzeenda-milli-tradiciialar-doniasyna-saiaxat-davam-ita,resolved,mo-92628000,В этномузее «Татар авылы» в Исаке завершается очередной этап проекта «Милли традицияләр дөньясына сәяхәт»,context,20,not_editorially_useful,
,needs_review,low,1,1,evt_23d045182f40d43af5b7c0e1,2026-09-05T19:31:49Z,,,,False,territory,False,2026-08-30T09:58:20Z,False,False,https://t.me/len_vesti/29617,200,media,,True,https://t.me/len_vesti/29617,reported,mo-92636415,В селе Ивановка Лениногорского района на средства самообложения закупили мусорные контейнеры,context,30,not_editorially_useful,
Менделеевск,ready,low,1,1,evt_3ffabd004f0d65186a50614f,2026-09-05T19:32:01Z,55.894251,,52.312064,False,settlement,True,2026-08-30T09:36:00Z,False,False,https://mendeleevskyi.ru/news/obschestvo/v-den-respubliki-v-mendeleevske-otkryli-dorogu-po-ulicam-ximikov-i-tatarstana,200,media,,True,https://mendeleevskyi.ru/news/obschestvo/v-den-respubliki-v-mendeleevske-otkryli-dorogu-po-ulicam-ximikov-i-tatarstana,resolved,mo-92639101,В День республики в Менделеевске открыли дорогу по улицам Химиков и Татарстана,useful,79,,
,needs_review,medium,1,2,evt_8cf25f456d37376b3f2b33df,2026-09-05T20:51:36Z,,,,False,territory,False,2026-08-30T09:32:00Z,False,False,https://muslumirc.ru/news/aktual/kapital-remonttan-son-moslimnen-iangyn-sunderu-bulege-binasy-faidanuga-tapsyryldy,200,media,,True,https://muslumirc.ru/news/aktual/kapital-remonttan-son-moslimnen-iangyn-sunderu-bulege-binasy-faidanuga-tapsyryldy,reported,mo-92642000,После капремонта в Муслиме сдано здание пожарно-спасательной части,context,0,not_editorially_useful,
Буинск,ready,low,1,1,evt_a174fdacbf1ccd1968fb82c0,2026-09-05T19:31:57Z,54.9712371,,48.2930213,False,settlement,True,2026-08-30T09:26:00Z,False,False,https://buinsk-tat.ru/news/vchera-segodnya-zavtra/v-buinske-otkrylsia-novyi-korpus-liceia-2,200,media,,True,https://buinsk-tat.ru/news/vchera-segodnya-zavtra/v-buinske-otkrylsia-novyi-korpus-liceia-2,resolved,mo-92618101,В Буинске открылся новый корпус лицея №2,useful,79,,
,needs_review,medium,1,2,evt_8a6e96d2721f18c150ca88bd,2026-09-05T20:51:36Z,,,,False,territory,False,2026-08-30T09:00:00Z,False,False,https://atnya-rt.ru/news/khbrlr/el-basynnan-tatarstannyn-daulat-burycy-24-milliard-sumga-kimegan,200,media,,True,https://atnya-rt.ru/news/khbrlr/el-basynnan-tatarstannyn-daulat-burycy-24-milliard-sumga-kimegan,unknown,mo-92613000,Госдолг Татарстана снизился на 24 млрд рублей,context,16,not_editorially_useful,
,ready,low,1,1,evt_7ccfac7edb5c8f94b9ce183a,2026-09-05T19:32:01Z,,,,False,territory,True,2026-08-30T08:45:00Z,False,False,https://mendeleevskyi.ru/news/obschestvo/v-den-goroda-v-priiute-kamskie-zori-otkryli-novuiu-universalnuiu-ploshhadku,200,media,,True,https://mendeleevskyi.ru/news/obschestvo/v-den-goroda-v-priiute-kamskie-zori-otkryli-novuiu-universalnuiu-ploshhadku,resolved,mo-92639101,В День города в приюте «Камские зори» открыли новую универсальную площадку,useful,79,,
,needs_review,low,1,1,evt_6035e0914dbb8c35b5d5796e,2026-09-05T19:31:58Z,,,,False,territory,False,2026-08-30T08:00:00Z,False,False,https://biektaw.ru/news/v-selskih-poseleniyah/istoriia-zenshhiny-kotoraia-pletet-seti-dlia-boicov,200,media,,True,https://biektaw.ru/news/v-selskih-poseleniyah/istoriia-zenshhiny-kotoraia-pletet-seti-dlia-boicov,unknown,mo-92622000,"История женщины, которая плетёт сети для бойцов",context,0,not_editorially_useful,
улица Куйбышева,needs_review,low,1,1,evt_bf9e4893322cee4cc2191885,2026-09-05T19:32:01Z,54.5984085,,52.4581743,False,street,False,2026-08-30T07:53:00Z,False,False,https://leninogorsk-rt.ru/news/sobytie-nedeli/v-leninogorske-prosel-ocerednoi-prazdnik-v-cest-zaverseniia-remonta-dvora,200,media,,True,https://leninogorsk-rt.ru/news/sobytie-nedeli/v-leninogorske-prosel-ocerednoi-prazdnik-v-cest-zaverseniia-remonta-dvora,reported,mo-92636101,В Лениногорске прошёл очередной праздник в честь завершения ремонта двора,context,30,not_editorially_useful,
,needs_review,low,1,1,evt_c538e7b3ea88697d618a6888,2026-09-05T19:32:00Z,,,,False,territory,False,2026-08-30T07:41:00Z,False,False,https://laishevskyi.ru/news/obschestvo/studenty-laisevskogo-texnikuma-podtverdili-svoi-professionalizm,200,media,,True,https://laishevskyi.ru/news/obschestvo/studenty-laisevskogo-texnikuma-podtverdili-svoi-professionalizm,unknown,mo-92634000,"В Калуге прошел финал Чемпионата по профессиональному мастерству «Профессионалы» по компетенциям «Ремонт БПЛА», «Промышленный дизайн» в основном и индустриально",context,20,not_editorially_useful,
,needs_review,low,1,1,evt_2a70350f424c6632b94c4435,2026-09-05T19:31:55Z,,,,False,territory,False,2026-08-30T07:32:00Z,False,False,https://alekseyevsk.ru/news/bezopasnost-na-dorogah/dtp-v-alekseevskom-raione-stalo-mense-no-deti-po-preznemu-v-zone-riska,200,media,,True,https://alekseyevsk.ru/news/bezopasnost-na-dorogah/dtp-v-alekseevskom-raione-stalo-mense-no-deti-po-preznemu-v-zone-riska,reported,mo-92606000,"ДТП в Алексеевском районе стало меньше, но дети по-прежнему в зоне риска",context,20,not_editorially_useful,
Тураево,ready,low,1,1,evt_b553795da20d8da29727d4e1,2026-09-05T19:32:01Z,55.9512219,,52.5745514,False,settlement,True,2026-08-30T07:32:00Z,False,False,https://mendeleevskyi.ru/news/selo/v-den-respubliki-i-goroda-v-mendeleevskom-raione-otkryli-zdanie-ispolkoma-v-turaevo,200,media,,True,https://mendeleevskyi.ru/news/selo/v-den-respubliki-i-goroda-v-mendeleevskom-raione-otkryli-zdanie-ispolkoma-v-turaevo,resolved,mo-92639488,В День республики и города в Менделеевском районе открыли здание исполкома в Тураево,useful,79,,
,ready,low,1,1,evt_454652b54bf395e947b83278,2026-09-05T19:32:02Z,,,,False,territory,True,2026-08-30T07:27:00Z,False,False,https://novoshishminsk.ru/news/novosti-rayona/doskoliata-otkryli-volsebnyi-mir-tatarstana,200,media,,True,https://novoshishminsk.ru/news/novosti-rayona/doskoliata-otkryli-volsebnyi-mir-tatarstana,resolved,mo-92645000,Дошколята открыли Волшебный мир Татарстана,useful,87,,
,needs_review,low,1,1,evt_3a0bed69647b22b3d51264d4,2026-09-05T19:31:54Z,,,,False,territory,False,2026-08-30T07:00:00Z,False,False,https://agryz-rt.ru/news/pecatnaia-versiia/obucenie-i-vospitanie-ot-istoriceskoi-pamiati-k-texnologiceskomu-liderstvu,200,media,,True,https://agryz-rt.ru/news/pecatnaia-versiia/obucenie-i-vospitanie-ot-istoriceskoi-pamiati-k-texnologiceskomu-liderstvu,unknown,mo-92601000,Обучение и воспитание: от исторической памяти к технологическому лидерству,context,20,not_editorially_useful,
,needs_review,low,1,1,evt_bbd0276454ab5bcf9a0033dc,2026-09-05T19:31:48Z,,,,False,territory,False,2026-08-30T06:26:42Z,False,False,https://t.me/kaibicy/45780,200,media,,True,https://t.me/kaibicy/45780,resolved,mo-92629000,Мы хотим отремонтировать левый придел.,context,59,not_editorially_useful,
,needs_review,high,0,1,evt_legacy_62dc76bfbdaad6377a4ab068,2026-09-04T15:47:33Z,,public-31fa51fd4b7c5b12,,False,territory,False,2026-08-30T00:00:00Z,True,False,https://media.kpfu.ru/news/poryadka-4000-chelovek-posetili-pronauku-v-kfu,200,official,,True,https://media.kpfu.ru/news/poryadka-4000-chelovek-posetili-pronauku-v-kfu,unknown,RU-TA,Порядка 4000 человек посетили «PROнауку в КФУ»,noise,0,missing_primary_evidence|not_editorially_useful,
,needs_review,high,0,1,evt_legacy_7eec780994864c84b1889c51,2026-09-04T15:47:33Z,,public-10880594a1ad4900,,False,territory,False,2026-08-30T00:00:00Z,True,False,https://media.kpfu.ru/news/gosti-pronauki-v-kfu-prinyali-uchastie-v-master-klassakh,200,official,,True,https://media.kpfu.ru/news/gosti-pronauki-v-kfu-prinyali-uchastie-v-master-klassakh,unknown,RU-TA,Гости «PROнауки в КФУ» приняли участие в увлекательных мастер-классах,noise,0,missing_primary_evidence|not_editorially_useful,
,needs_review,high,0,1,evt_legacy_a4a8de3e92b7139471eb25e1,2026-09-04T15:47:34Z,,public-04291ca843b718d8,,False,territory,False,2026-08-30T00:00:00Z,True,False,https://16.mchs.gov.ru/deyatelnost/press-centr/novosti/5817978,200,official,,True,https://16.mchs.gov.ru/deyatelnost/press-centr/novosti/5817978,unknown,mo-92701000,Сотрудники ГУ МЧС России по Республике Татарстан обеспечивают безопасность во время празднования Дня Республики Татарстан и Дня города Казани,context,0,missing_primary_evidence|not_editorially_useful,
"улица Нариманова, 27",ready,low,1,1,evt_be130a67a1a276afc03e3357,2026-09-05T19:31:54Z,56.5195576,,52.9907896,True,building,True,2026-08-29T17:47:00Z,False,False,https://agryz-rt.ru/news/nasha-zhizn/v-agryze-v-onlain-formate-otkryli-novuiu-gimnaziiu,200,media,,True,https://agryz-rt.ru/news/nasha-zhizn/v-agryze-v-onlain-formate-otkryli-novuiu-gimnaziiu,resolved,mo-92601000,В Агрызе в онлайн-формате открыли новую гимназию,useful,87,,
,needs_review,low,1,1,evt_8fd337ab2914ba42ca73947e,2026-09-05T19:32:00Z,,,,False,territory,False,2026-08-29T16:15:00Z,False,False,https://kaibicy.ru/news/novosti/v-kaibickom-raione-v-xode-reida-zaderzali-netrezvogo-voditelia-mopeda,200,media,,True,https://kaibicy.ru/news/novosti/v-kaibickom-raione-v-xode-reida-zaderzali-netrezvogo-voditelia-mopeda,reported,mo-92629435,"Об этом сообщил врио начальника отделения, старший лейтенант Ильфир Юсупов.27 августа в селе Надеждино инспекторы ГИБДД остановили мопед.",context,36,not_editorially_useful,
,needs_review,low,1,1,evt_1043b2a4bd962aa9bcf0c8a9,2026-09-05T19:32:07Z,,,,False,territory,False,2026-08-29T15:45:30Z,False,False,https://t.me/avianovsav/6279,200,official,,True,https://t.me/avianovsav/6279,resolved,mo-92701000,Интерактивный музей открылся внутри легендарного самолета Ту-144,context,67,not_editorially_useful,
,needs_review,low,1,1,evt_ec6a6b9946d76a40b627f81c,2026-09-05T19:32:05Z,,,,False,territory,False,2026-08-29T15:42:23Z,False,False,https://t.me/kzn_official/23513,200,official,,True,https://t.me/kzn_official/23513,reported,mo-92701000,Здесь появится самая протяженная речная набережная страны — 12 км.,context,50,not_editorially_useful,
,needs_review,medium,1,1,evt_29f3fcaddf06874362e06912,2026-09-05T20:51:36Z,,,,False,territory,False,2026-08-29T15:37:00Z,False,False,https://zamansulyshy.ru/news/yanaliklar/tatarstanda-iagu-sezonyna-azerlek-94-procent-taskil-ita,200,media,,True,https://zamansulyshy.ru/news/yanaliklar/tatarstanda-iagu-sezonyna-azerlek-94-procent-taskil-ita,reported,mo-92701000,В Татарстане готовность к отопительному сезону составляет 94%,context,42,not_editorially_useful,
,needs_review,medium,1,5,evt_430cca25f8ccfb10d4d23f6e,2026-09-05T20:52:03Z,,,,False,territory,False,2026-08-29T15:34:00Z,False,False,https://sarman-rt.ru/news/rubriki-dlya-gazetyi-na-tatarskom/tatarstanda-urmannarny-iangynnan-saklau-plany-tulysynca-utalde,200,media,,True,https://sarman-rt.ru/news/rubriki-dlya-gazetyi-na-tatarskom/tatarstanda-urmannarny-iangynnan-saklau-plany-tulysynca-utalde,resolved,mo-92653000,В Татарстане завершили план противопожарной защиты лесов,context,59,not_editorially_useful,
,needs_review,medium,1,2,evt_4daf74f11442857e2ed7a15d,2026-09-05T20:52:03Z,,,,False,territory,False,2026-08-29T15:34:00Z,False,False,https://sarman-rt.ru/news/rubriki-dlya-gazetyi-na-tatarskom/tatarstanda-urmannarny-iangynnan-saklau-plany-tulysynca-utalde-1788017830,200,media,,True,https://sarman-rt.ru/news/rubriki-dlya-gazetyi-na-tatarskom/tatarstanda-urmannarny-iangynnan-saklau-plany-tulysynca-utalde-1788017830,resolved,mo-92653000,В Татарстане полностью выполнен план по защите лесов от пожаров,context,59,not_editorially_useful,
Мензелинск,needs_review,low,1,1,evt_6593808c161a48c2e56054d3,2026-09-05T19:32:02Z,55.7255585,,53.1071815,False,settlement,False,2026-08-29T15:20:00Z,False,False,https://menzela.ru/news/tema-dnya/v-menzelinske-v-onlain-formate-otkryli-novuiu-gimnaziiu,200,media,,True,https://menzela.ru/news/tema-dnya/v-menzelinske-v-onlain-formate-otkryli-novuiu-gimnaziiu,resolved,mo-92640101,В Мензелинске в онлайн-формате открыли новую гимназию,useful,79,summary_too_short,
,needs_review,low,1,1,evt_7a8203c2ba88875f264dd0a8,2026-09-05T19:31:58Z,,,,False,territory,False,2026-08-29T14:10:00Z,False,False,https://chuprale-online.ru/news/obschestvo/v-tatarstane-obieiavleno-stormovoe-preduprezdenie-iz-za-zamorozkov-i-tumana,200,media,,True,https://chuprale-online.ru/news/obschestvo/v-tatarstane-obieiavleno-stormovoe-preduprezdenie-iz-za-zamorozkov-i-tumana,reported,mo-92624000,В Татарстане объявлено штормовое предупреждение из-за заморозков и тумана,context,24,not_editorially_useful,
,ready,low,1,1,evt_c02bca880c1e25203d56c708,2026-09-05T19:31:58Z,,,,False,territory,True,2026-08-29T14:00:00Z,False,False,https://biektaw.ru/news/v-selskih-poseleniyah/v-vysokoi-gore-otkryli-administrativno-bytovoi-korpus-stadiona-versina,200,media,,True,https://biektaw.ru/news/v-selskih-poseleniyah/v-vysokoi-gore-otkryli-administrativno-bytovoi-korpus-stadiona-versina,resolved,mo-92622000,В Высокой Горе открыли административно-бытовой корпус стадиона «Вершина»,useful,79,,
,needs_review,medium,1,2,evt_893ec7895a7337fb4d98af98,2026-09-05T20:52:03Z,,,,False,territory,False,2026-08-29T13:11:00Z,False,False,https://almet-rt.ru/news/ekologiya/66345,200,media,,True,https://almet-rt.ru/news/ekologiya/66345,reported,mo-92608101,В Альметьевском районе юрлицу назначат штраф почти на 2 млн рублей за порчу сельхозземель,context,20,not_editorially_useful,
,needs_review,medium,1,2,evt_ac6e9381454780d4300333b3,2026-09-05T20:52:03Z,,,,False,territory,False,2026-08-29T13:00:00Z,False,False,https://biektaw.ru/news/v-respublike/v-tatarstane-obieiavili-stormovoe-preduprezdenie-iz-za-zamorozkov-1788024723,200,media,,True,https://biektaw.ru/news/v-respublike/v-tatarstane-obieiavili-stormovoe-preduprezdenie-iz-za-zamorozkov-1788024723,reported,mo-92622000,В Татарстане объявлено штормовое предупреждение из-за ожидаемого похолодания,context,24,not_editorially_useful,
,ready,low,1,1,evt_1ccabf1a476783b4e5f2eb5e,2026-09-05T19:32:06Z,,,,False,territory,True,2026-08-29T12:17:35Z,False,False,https://t.me/kvb_kzn/3855,200,official,,True,https://t.me/kvb_kzn/3855,resolved,mo-92701000,Набережная Нижнего Кабана открыта для вас!,useful,89,,
,ready,medium,1,4,evt_ba42afaadce960ff919d2e0a,2026-09-05T20:52:33Z,,,,False,territory,True,2026-08-29T12:05:00Z,False,False,https://nashcheremshan.ru/news/beznen-rayonda/iugary-cegodaida-kuper-remontlanacak,200,media,,True,https://nashcheremshan.ru/news/beznen-rayonda/iugary-cegodaida-kuper-remontlanacak,in_progress,mo-92636101,Югары Чегодайда күпер ремонты планлаштырылган,useful,87,,
,ready,low,1,1,evt_3b6e61a2f55eb1b5f005944e,2026-09-05T19:32:05Z,,,,False,territory,True,2026-08-29T11:48:12Z,False,False,https://t.me/kzn_official/23503,200,official,,True,https://t.me/kzn_official/23503,resolved,mo-92701000,Сегодня открылся участок набережной озера Кабан вдоль улицы Марджани.,useful,89,,
,needs_review,low,1,1,evt_efd96a4e51b1d12b6dfff4d3,2026-09-05T19:32:05Z,,,,False,territory,False,2026-08-29T11:48:00Z,False,False,https://tvchelny.ru/news/obshchestvo/kapitalnyi-remont-dvora-zaversaetsia-v-38-komplekse-celnov,200,media,,True,https://tvchelny.ru/news/obshchestvo/kapitalnyi-remont-dvora-zaversaetsia-v-38-komplekse-celnov,reported,mo-92730000,Капитальный ремонт двора завершается в 38 комплексе Челнов,context,0,summary_too_short|not_editorially_useful,
Ивановка,needs_review,low,1,1,evt_71723b966b09fa24853d31ed,2026-09-05T19:32:01Z,54.5055879,,52.4388623,False,settlement,False,2026-08-29T11:36:00Z,False,False,https://leninogorsk-rt.ru/news/novostnaya-lenta/v-sele-ivanovka-leninogorskogo-raiona-na-sredstva-samooblozeniia-zakupili-musornye-konteinery,200,media,,True,https://leninogorsk-rt.ru/news/novostnaya-lenta/v-sele-ivanovka-leninogorskogo-raiona-na-sredstva-samooblozeniia-zakupili-musornye-konteinery,reported,mo-92636415,В селе Ивановка Лениногорского района на средства самообложения закупили мусорные контейнеры,context,20,not_editorially_useful,
,needs_review,low,1,1,evt_ebd2b0ab47eadc80a3827a23,2026-09-05T19:32:05Z,,,,False,territory,False,2026-08-29T11:36:00Z,False,False,https://tvchelny.ru/news/obshchestvo/stormovoe-preduprezdenie-obieiavleno-v-rt,200,media,,True,https://tvchelny.ru/news/obshchestvo/stormovoe-preduprezdenie-obieiavleno-v-rt,reported,mo-92730000,Штормовое предупреждение объявлено в РТ,context,24,summary_too_short|not_editorially_useful,
,ready,medium,1,2,evt_7815fb98c99cea1f232eb3c2,2026-09-05T20:52:33Z,,,,False,territory,True,2026-08-29T11:25:21Z,False,False,https://t.me/atannary/28982,200,media,,True,https://t.me/atannary/28982,resolved,mo-92608101,Әлмәт районында законсыз чүплекне бетерделәр,useful,62,,
,ready,medium,1,2,evt_b131e2095900087d21e00c31,2026-09-05T20:52:33Z,,,,False,territory,True,2026-08-29T11:21:00Z,False,False,https://almet-rt.ru/news/ekologiya/66344,200,media,,True,https://almet-rt.ru/news/ekologiya/66344,resolved,mo-92608101,В Альметьевском районе ликвидировали незаконную свалку в СНТ,useful,62,,
,needs_review,medium,2,3,evt_557c634f3529f656d67eedfe,2026-09-05T20:54:35Z,,,,False,territory,False,2026-08-29T10:43:00Z,False,False,https://tulachi.ru/news/v-respublike/tatarstanda-urmannarny-iangynga-karsy-tozeklanderu-tulysynca-togallande,200,media,,True,https://tulachi.ru/news/v-respublike/tatarstanda-urmannarny-iangynga-karsy-tozeklanderu-tulysynca-togallande,reported,mo-92656000,Татарстанда урманнарны янгынга каршы төзекләндерү тулысынча төгәлләнде,context,42,not_editorially_useful,
,needs_review,low,1,1,evt_f8ed6ed249861db8114ceba1,2026-09-05T19:32:03Z,,,,False,territory,False,2026-08-29T10:36:00Z,False,False,https://pestrecy-rt.ru/news/obschestvo/v-tatarstane-obieiavleno-stormovoe-preduprezdenie-iz-za-zamorozkov,200,media,,True,https://pestrecy-rt.ru/news/obschestvo/v-tatarstane-obieiavleno-stormovoe-preduprezdenie-iz-za-zamorozkov,reported,mo-92648000,В Татарстане объявлено штормовое предупреждение из-за заморозков,context,24,not_editorially_useful,
,needs_review,low,1,1,evt_0273b757d0494fd52e5d0786,2026-09-05T19:31:56Z,,,,False,territory,False,2026-08-29T09:30:00Z,False,False,https://aksubayevo.ru/news/news/krasota-bozego-mira-predstavlena-na-stenax-skoly-iskusstv,200,media,,True,https://aksubayevo.ru/news/news/krasota-bozego-mira-predstavlena-na-stenax-skoly-iskusstv,reported,mo-92604000,"В Детской школе искусств состоялось открытие персональной выставки художника, искусствоведа и профессора Веры Филипповой «Красота Божьего мира».",context,36,not_editorially_useful,
,needs_review,low,1,1,evt_9fad99e687f25209afef07d7,2026-09-05T19:32:05Z,,,,False,territory,False,2026-08-29T09:03:00Z,False,False,https://spas-rt.ru/news/natsionalnye-proekty/lesnye-massivy-tatarstana-podgotovili-k-pozaroopasnomu-sezonu,200,media,,True,https://spas-rt.ru/news/natsionalnye-proekty/lesnye-massivy-tatarstana-podgotovili-k-pozaroopasnomu-sezonu,resolved,mo-92632000,Лесные массивы Татарстана подготовили к пожароопасному сезону,context,16,not_editorially_useful,
,needs_review,low,1,1,evt_2d0220d0008c29e271cb0a39,2026-09-05T19:31:54Z,,,,False,territory,False,2026-08-29T09:00:00Z,False,False,https://agryz-rt.ru/news/pecatnaia-versiia/podderzka-selcan-novye-subsidii-na-skot-i-pticu-v-agryzskom-raione,200,media,,True,https://agryz-rt.ru/news/pecatnaia-versiia/podderzka-selcan-novye-subsidii-na-skot-i-pticu-v-agryzskom-raione,unknown,mo-92601000,Поддержка сельчан: новые субсидии на скот в Агрызском районе,context,20,summary_too_short|not_editorially_useful,
,needs_review,medium,1,1,evt_e4db7da3e923949dbc9ecbfe,2026-09-05T20:53:12Z,,,,False,territory,False,2026-08-29T08:32:00Z,False,False,https://arskmedia.ru/news/rayon-yaalyklary/tatarstanda-urmannarny-iangynga-karsy-tozeklanderu-togallande,200,media,,True,https://arskmedia.ru/news/rayon-yaalyklary/tatarstanda-urmannarny-iangynga-karsy-tozeklanderu-togallande,resolved,mo-92612000,В Татарстане завершили противопожарное обустройство лесов,context,42,not_editorially_useful,
,needs_review,medium,1,1,evt_2d953d0552f6fda8fa627f45,2026-09-05T20:53:12Z,,,,False,territory,False,2026-08-29T08:29:00Z,False,False,https://muslumirc.ru/news/statit/tatarstanda-urmannarny-iangynga-karsy-tozeklanderu-tulysynca-togallande,200,media,,True,https://muslumirc.ru/news/statit/tatarstanda-urmannarny-iangynga-karsy-tozeklanderu-tulysynca-togallande,resolved,mo-92642000,Татарстанда урманнарны янгынга каршы төзекләндерү тәмамланды,context,42,not_editorially_useful,
,needs_review,medium,5,8,evt_629195304fd3d6fd2955da64,2026-09-05T20:55:42Z,,,,False,territory,False,2026-08-29T08:24:00Z,False,False,https://baltaci.ru/news/amgyiat-1736397691/tatarstanda-urmannarny-iangynga-karsy-tozeklanderu-tulysynca-togallande,200,media,,True,https://baltaci.ru/news/amgyiat-1736397691/tatarstanda-urmannarny-iangynga-karsy-tozeklanderu-tulysynca-togallande,reported,mo-92615151,В Татарстане полностью завершили противопожарное обустройство лесов,context,42,not_editorially_useful,
,ready,low,1,1,evt_6128e50138401d012263599d,2026-09-05T19:32:01Z,,,,False,territory,True,2026-08-29T07:59:00Z,False,False,,,media,URLError,False,https://mamadysh-rt.ru/news/obshchestvo/v-mamadysskoi-crb-v-2027-godu-otkroiut-kruglosutocnoe-reabilitacionnoe-otdelenie,planned,mo-92638000,В ГАУЗ «Мамадышская ЦРБ» анонсировано открытие круглосуточного реабилитационного отделения.,useful,70,,source_unreachable_at_audit
,needs_review,medium,1,1,evt_faa61b013ff0cebfdd69807f,2026-09-05T20:53:12Z,,,,False,territory,False,2026-08-29T07:15:00Z,False,False,https://kukmor-rt.ru/news/ilklm-proekt-kysalarynda/tatarstanda-urmannarny-iangynnardan-saklau-buenca-eslar-kocaitelde,200,media,,True,https://kukmor-rt.ru/news/ilklm-proekt-kysalarynda/tatarstanda-urmannarny-iangynnardan-saklau-buenca-eslar-kocaitelde,reported,mo-92633101,В Татарстане усилили работы по защите лесов от пожаров,context,59,not_editorially_useful,
,ready,low,1,1,evt_807a33f8a447f129bfe4f256,2026-09-05T19:31:57Z,,,,False,territory,True,2026-08-29T07:09:00Z,False,False,https://bavly-tat.ru/news/ekologiia/zashhitu-lesov-ot-pozarov-usilili-v-tatarstane,200,media,,True,https://bavly-tat.ru/news/ekologiia/zashhitu-lesov-ot-pozarov-usilili-v-tatarstane,resolved,mo-92614101,Защиту лесов от пожаров усилили в Татарстане,useful,87,,
,needs_review,medium,1,2,evt_f49e1b7eb62d6a3efbac8263,2026-09-05T20:54:00Z,,,,False,territory,False,2026-08-29T06:26:00Z,False,False,https://nashcheremshan.ru/news/respublikada/tatarstan-urmannaryn-iangynga-karsy-tozeklanderu-ttamamlandy,200,media,,True,https://nashcheremshan.ru/news/respublikada/tatarstan-urmannaryn-iangynga-karsy-tozeklanderu-ttamamlandy,resolved,mo-92658000,Татарстан урманнарында янгынга каршы төзекләндерү эшләре тәмамланды,context,42,not_editorially_useful,
,needs_review,medium,1,1,evt_95d14a1d9c830844c2fabccc,2026-09-05T20:54:00Z,,,,False,territory,False,2026-08-29T06:24:00Z,False,False,https://almet-rt.ru/news/tatar-inform/66348,200,media,,True,https://almet-rt.ru/news/tatar-inform/66348,reported,mo-92608000,В Татарстане завершили план по защите лесов от пожаров на 2026 год,context,16,not_editorially_useful,
,ready,low,1,1,evt_a29e0a8065fcffe46a77de66,2026-09-05T19:31:55Z,,,,False,territory,True,2026-08-29T06:19:00Z,False,False,https://alekseyevsk.ru/news/nacionalnye-proekty/po-nacproektu-ekologiceskoe-blagopolucie-v-tatarstane-obustroili-lesa-ot-pozarov,200,media,,True,https://alekseyevsk.ru/news/nacionalnye-proekty/po-nacproektu-ekologiceskoe-blagopolucie-v-tatarstane-obustroili-lesa-ot-pozarov,resolved,mo-92606000,По нацпроекту «Экологическое благополучие» в Татарстане обустроили леса от пожаров,useful,97,,
,needs_review,medium,1,2,evt_f4c06ad14a65d9dc0226e3e3,2026-09-05T20:54:35Z,,,,False,territory,False,2026-08-29T06:15:00Z,False,False,https://zamansulyshy.ru/news/jemgyiyat/tatarstanda-urmannarny-iangynga-karsy-tozeklanderu-tulysynca-togallande,200,media,,True,https://zamansulyshy.ru/news/jemgyiyat/tatarstanda-urmannarny-iangynga-karsy-tozeklanderu-tulysynca-togallande,reported,mo-92636000,Татарстанда урманнарны янгынга каршы төзекләндерү тәмамланды,context,42,not_editorially_useful,
,needs_review,medium,1,2,evt_6c6f933121e605b129364ab2,2026-09-05T20:54:35Z,,,,False,territory,False,2026-08-29T06:06:00Z,False,False,https://saby-rt.ru/news/amgyiat/tatarstanda-urmannarny-iangynga-karsy-tozeklanderu-tulysynca-togallande,200,media,,True,https://saby-rt.ru/news/amgyiat/tatarstanda-urmannarny-iangynga-karsy-tozeklanderu-tulysynca-togallande,reported,mo-92652000,В Татарстане полностью завершили работы по противопожарному обустройству лесов,context,42,not_editorially_useful,
,needs_review,low,1,1,evt_c7bb64c3d005b929fd84a78c,2026-09-05T19:31:48Z,,,,False,territory,False,2026-08-29T04:34:28Z,False,False,https://t.me/kaibicy/45766,200,media,,True,https://t.me/kaibicy/45766,reported,mo-92629000,Рост аварийности с пешеходами в республике,context,16,not_editorially_useful,
,needs_review,low,1,1,evt_26aedf08288c01c9262f164e,2026-09-05T19:32:01Z,,,,False,territory,False,2026-08-29T03:18:00Z,False,False,https://leninogorsk-rt.ru/news/sobytie-nedeli/leninogorec-ucastnik-svo-zanial-1-mesto-po-girevomu-vidu-sporta-na-turnire-kubka-raisa,200,media,,True,https://leninogorsk-rt.ru/news/sobytie-nedeli/leninogorec-ucastnik-svo-zanial-1-mesto-po-girevomu-vidu-sporta-na-turnire-kubka-raisa,reported,mo-92636000,"Лениногорец, участник СВО, занял 1 место по гиревому виду спорта на турнире Кубка Раиса",context,16,not_editorially_useful,
,needs_review,high,0,1,evt_legacy_517798fc6e8736899cabf639,2026-09-04T15:47:33Z,,public-7135b5f754d63251,,False,territory,False,2026-08-29T00:00:00Z,True,False,https://media.kpfu.ru/news/kak-pronauka-v-kfu-prevratila-universitet-v-interaktivnuyu-vselennuyu,200,official,,True,https://media.kpfu.ru/news/kak-pronauka-v-kfu-prevratila-universitet-v-interaktivnuyu-vselennuyu,unknown,RU-TA,Как «PROнаука в КФУ» превратила университет в интерактивную Вселенную,noise,0,missing_primary_evidence|not_editorially_useful,
,needs_review,high,0,1,evt_legacy_53fb27ab625777a55ae5be90,2026-09-04T15:47:33Z,,public-350c6d429d11ee25,,False,territory,False,2026-08-29T00:00:00Z,True,False,https://media.kpfu.ru/news/na-xx-pronauke-v-kfu-obsudili-rol-ii-v-obschestve-i-zhizni-zhiteley-tatarstana,200,official,,True,https://media.kpfu.ru/news/na-xx-pronauke-v-kfu-obsudili-rol-ii-v-obschestve-i-zhizni-zhiteley-tatarstana,unknown,RU-TA,"«ИИ – это помощник, но не хозяин»: в КФУ обсудили, как искусственный интеллект меняет город и промышленность",noise,0,missing_primary_evidence|not_editorially_useful,
,needs_review,high,0,1,evt_legacy_574276e0c41d51483502dfd0,2026-09-04T15:47:34Z,,public-9f36c8955e749ab2,,False,territory,False,2026-08-29T00:00:00Z,True,False,https://16.mchs.gov.ru/deyatelnost/press-centr/novosti/5817926,200,official,,True,https://16.mchs.gov.ru/deyatelnost/press-centr/novosti/5817926,unknown,RU-TA,Зеленодольские пожарные организовали праздник для будущих первоклашек,context,0,missing_primary_evidence|not_editorially_useful,
,needs_review,high,0,1,evt_legacy_82441b9b0c5d92966e550a5c,2026-09-04T15:47:33Z,,public-2bad67ef16779fb0,,False,territory,False,2026-08-29T00:00:00Z,True,False,https://media.kpfu.ru/news/molodezhnyy-sammit,200,official,,True,https://media.kpfu.ru/news/molodezhnyy-sammit,unknown,RU-TA,Ленар Сафин о глобальном молодежном саммите: «Наша цель - услышать молодежь и дать ей пространство для диалога»,context,0,missing_primary_evidence|not_editorially_useful,
,needs_review,high,0,1,evt_legacy_a91226a2a3372f99152d349c,2026-09-04T15:47:33Z,,public-ccd5018359b15856,,False,territory,False,2026-08-29T00:00:00Z,True,False,https://media.kpfu.ru/news/pronauka-v-kfu-zony-lektoriya-eksperimentalnye-shou-i-nastoyaschiy-prazdnik-nauki,200,official,,True,https://media.kpfu.ru/news/pronauka-v-kfu-zony-lektoriya-eksperimentalnye-shou-i-nastoyaschiy-prazdnik-nauki,unknown,RU-TA,"«PROнаука в КФУ»: зоны лектория, экспериментальные шоу и настоящий праздник науки",noise,16,missing_primary_evidence|not_editorially_useful,
,needs_review,high,0,1,evt_legacy_bdd94e5225bf90c1169ee8fb,2026-09-04T15:47:33Z,,public-37bd6c032987bdf4,,False,territory,False,2026-08-29T00:00:00Z,True,False,https://media.kpfu.ru/news/pronauka-v-kfu-vystupili-s-nauchnymi-stendapami,200,official,,True,https://media.kpfu.ru/news/pronauka-v-kfu-vystupili-s-nauchnymi-stendapami,unknown,RU-TA,«PROнаука»: эксперты выступили с научными стендапами в Казанском федеральном,noise,20,missing_primary_evidence|not_editorially_useful,
Бугульма,needs_review,low,1,1,evt_eeb2b194fe4787d360e51633,2026-09-05T19:31:57Z,54.5384152,,52.7955953,False,settlement,False,2026-08-28T16:50:00Z,False,False,https://bugulma-tatarstan.ru/news/news/v-bugulme-provodili-kontraktnikov-odin-iz-nix-budet-zashhishhat-obieekty-ot-bpla,200,media,,True,https://bugulma-tatarstan.ru/news/news/v-bugulme-provodili-kontraktnikov-odin-iz-nix-budet-zashhishhat-obieekty-ot-bpla,reported,mo-92617101,"В Бугульме проводили контрактников, один из них будет защищать объекты от БПЛА",context,20,not_editorially_useful,
,needs_review,low,1,1,evt_dbfc4baeae25eb304a621a4e,2026-09-05T19:31:49Z,,,,False,territory,False,2026-08-28T16:39:52Z,False,False,https://t.me/zamansulyshy/17284,200,media,,True,https://t.me/zamansulyshy/17284,reported,mo-92636000,Рост аварийности с пешеходами в республике,context,16,not_editorially_useful,
,needs_review,low,1,1,evt_0fb22dd747cb98618d19f043,2026-09-05T19:31:58Z,,,,False,territory,False,2026-08-28T16:11:00Z,False,False,https://chuprale-online.ru/news/obschestvo/smertnost-pesexodov-v-tatarstane-vyrosla-na-vosem-celovek-s-nacala-goda,200,media,,True,https://chuprale-online.ru/news/obschestvo/smertnost-pesexodov-v-tatarstane-vyrosla-na-vosem-celovek-s-nacala-goda,unknown,mo-92624000,Смертность пешеходов в Татарстане выросла на восемь человек с начала года,context,0,not_editorially_useful,
,needs_review,low,2,2,evt_f7e1f835033a4f68e90c2b49,2026-09-05T19:32:07Z,,,,False,territory,False,2026-08-28T14:53:17Z,False,False,https://t.me/avianovsav/6270,200,official,,True,https://t.me/avianovsav/6270,reported,mo-92701000,День города к нам приходит 🎉,context,16,not_editorially_useful,
,needs_review,low,1,1,evt_984082d4283abd3f79a3de1a,2026-09-05T19:31:50Z,,,,False,territory,False,2026-08-28T14:15:46Z,False,False,https://t.me/kampolany/16332,200,media,,True,https://t.me/kampolany/16332,unknown,mo-92644000,"В Татарстане работают центры, где помогают женщинам, оказавшимся перед трудным выбором",context,0,not_editorially_useful,
Казань,needs_review,low,1,1,evt_9eecffe81d530b42e9352240,2026-09-05T19:31:54Z,55.7946485,,49.1115022,False,settlement,False,2026-08-28T13:13:00Z,False,False,https://agryz-rt.ru/news/po-materialam-tatar-inform/v-kazani-otkrylsia-v-globalnyi-molodeznyi-sammit,200,media,,True,https://agryz-rt.ru/news/po-materialam-tatar-inform/v-kazani-otkrylsia-v-globalnyi-molodeznyi-sammit,resolved,mo-92701000,В Казани открылся V Глобальный молодёжный саммит,useful,79,summary_too_short,
Казань,ready,low,1,1,evt_1ed284577ed8d99d713b1619,2026-09-05T19:31:56Z,55.7946485,,49.1115022,False,settlement,True,2026-08-28T12:53:00Z,False,False,https://aksubayevo.ru/news/news/v-kazani-otkrylsia-v-globalnyi-molodeznyi-sammit,200,media,,True,https://aksubayevo.ru/news/news/v-kazani-otkrylsia-v-globalnyi-molodeznyi-sammit,resolved,mo-92701000,В Казани открылся V Глобальный молодёжный саммит,useful,79,,
,needs_review,medium,1,1,evt_95bcf727593273ec62f08b26,2026-09-05T20:55:42Z,,,,False,territory,False,2026-08-28T12:48:18Z,False,False,https://t.me/shahrichally/31308,200,media,,True,https://t.me/shahrichally/31308,reported,mo-92730000,Сильная авария на пересечении проспектов Мәскәү и Автозавод,context,0,not_editorially_useful,
,needs_review,low,1,1,evt_81d15b4c52fa03304704bf18,2026-09-05T19:32:03Z,,,,False,territory,False,2026-08-28T12:40:00Z,False,False,https://pestrecy-rt.ru/news/obschestvo/pozaroopasnyi-sezon-v-lesax-tatarstana-zaversitsia-v-seredine-oktiabria,200,media,,True,https://pestrecy-rt.ru/news/obschestvo/pozaroopasnyi-sezon-v-lesax-tatarstana-zaversitsia-v-seredine-oktiabria,reported,mo-92648000,Пожароопасный сезон в лесах Татарстана завершится в середине октября,context,0,not_editorially_useful,
Большие Метески,ready,medium,1,2,evt_dc4e14e7d46befc2b9fe8dff,2026-09-05T20:55:42Z,55.8848252,,50.0862777,False,settlement,True,2026-08-28T12:31:00Z,False,False,https://tulachi.ru/news/rayon-yaalyklary/oly-mataska-avylynda-soenecle-vakyiga,200,media,,True,https://tulachi.ru/news/rayon-yaalyklary/oly-mataska-avylynda-soenecle-vakyiga,reported,mo-92656413,Открытие здания в селе Олы Мәтәскә,useful,62,,
,needs_review,low,1,1,evt_8e87877964f8ed7aa14adc12,2026-09-05T19:31:50Z,,,,False,territory,False,2026-08-28T12:24:52Z,False,False,https://t.me/kampolany/16328,200,media,,True,https://t.me/kampolany/16328,reported,mo-92644000,Татарстан продолжает восстанавливать объекты в Рубежном и Лисичанске,context,36,not_editorially_useful,
,needs_review,low,1,1,evt_568232ee26379d5faea8eec1,2026-09-05T19:32:01Z,,,,False,territory,False,2026-08-28T12:24:00Z,False,False,https://leninogorsk-rt.ru/news/novostnaya-lenta/na-nacproekty-v-tatarstane-za-sem-mesiacev-napravili-27-mlrd-rublei,200,media,,True,https://leninogorsk-rt.ru/news/novostnaya-lenta/na-nacproekty-v-tatarstane-za-sem-mesiacev-napravili-27-mlrd-rublei,unknown,mo-92636000,На нацпроекты в Татарстане за семь месяцев направили 27 млрд рублей,context,16,not_editorially_useful,
,needs_review,low,1,1,evt_eae06260f1952be4a341f00f,2026-09-05T19:31:57Z,,,,False,territory,False,2026-08-28T12:23:00Z,False,False,https://bavly-tat.ru/news/obschestvo/delegaciia-tatarstana-posetila-podsefnye-goroda-lnr,200,media,,True,https://bavly-tat.ru/news/obschestvo/delegaciia-tatarstana-posetila-podsefnye-goroda-lnr,unknown,mo-92614000,Делегация Татарстана посетила подшефные города ЛНР,context,20,not_editorially_useful,
,needs_review,medium,1,2,evt_cd3015540d8765ebe72d9c70,2026-09-05T20:56:21Z,,,,False,territory,False,2026-08-28T12:20:09Z,False,False,https://t.me/n_chrmshn/18506,200,media,,True,https://t.me/n_chrmshn/18506,reported,mo-92658470,Праздничные мероприятия в Черемшане пройдут 29 августа под усиленным режимом полиции,context,36,not_editorially_useful,
,needs_review,low,1,1,evt_1770e6a779ae32ff52e2fe64,2026-09-05T19:31:52Z,,,,False,territory,False,2026-08-28T12:18:18Z,False,False,https://t.me/n_chrmshn/18503,200,media,,True,https://t.me/n_chrmshn/18503,reported,mo-92658000,Татарстан продолжает восстанавливать объекты в Рубежном и Лисичанске,context,36,not_editorially_useful,
,needs_review,medium,1,2,evt_2e0f24cb23e868bad9e0b5ef,2026-09-05T20:56:22Z,,,,False,territory,False,2026-08-28T12:07:00Z,False,False,https://alki-rt.ru/news/ya%D2%A3alyiklar/zur-ianartyludan-son-axmat-maktabe-acyldy,200,media,,True,https://alki-rt.ru/news/yaңalyiklar/zur-ianartyludan-son-axmat-maktabe-acyldy,reported,mo-92607000,После масштабного обновления открылась Әхмәтская школа,context,67,not_editorially_useful,
,needs_review,low,1,1,evt_214ab65f5bf219644b5287f7,2026-09-05T19:32:01Z,,,,False,territory,False,2026-08-28T12:02:00Z,False,False,https://leninogorsk-rt.ru/news/novostnaya-lenta/tatarstan-prodolzaet-vosstanovlenie-obieektov-v-rubeznom-i-lisicanske,200,media,,True,https://leninogorsk-rt.ru/news/novostnaya-lenta/tatarstan-prodolzaet-vosstanovlenie-obieektov-v-rubeznom-i-lisicanske,unknown,mo-92636000,Татарстан продолжает восстановление объектов в Рубежном и Лисичанске,context,20,not_editorially_useful,
,needs_review,medium,1,2,evt_cbca9d17161a57c7ecf15f48,2026-09-05T20:56:22Z,,,,False,territory,False,2026-08-28T12:01:00Z,False,False,https://nashcheremshan.ru/news/beznen-rayonda/cirmesanne-urap-uzucy-iulnyn-ber-olese-iabyk,200,media,,True,https://nashcheremshan.ru/news/beznen-rayonda/cirmesanne-urap-uzucy-iulnyn-ber-olese-iabyk,reported,mo-92658000,Часть объездной дороги вокруг Чирмешана закрыта на ремонт,context,0,not_editorially_useful,
,needs_review,low,1,1,evt_e99389bd482a4e65a3274d6d,2026-09-05T19:32:01Z,,,,False,territory,False,2026-08-28T11:56:00Z,False,False,https://mamadysh-rt.ru/news/obshchestvo/tatarstan-prodolzaet-vosstanavlivat-socialnye-obieekty-v-rubeznom-i-lisicanske,200,media,,True,https://mamadysh-rt.ru/news/obshchestvo/tatarstan-prodolzaet-vosstanavlivat-socialnye-obieekty-v-rubeznom-i-lisicanske,unknown,mo-92638000,Татарстан продолжает восстанавливать социальные объекты в Рубежном и Лисичанске,context,20,not_editorially_useful,
,needs_review,low,1,1,evt_72212ee4582a042469cbc6a2,2026-09-05T19:32:03Z,,,,False,territory,False,2026-08-28T11:55:00Z,False,False,https://pestrecy-rt.ru/news/v-respublike/na-nacproekty-v-tatarstane-v-2026-godu-napraviat-553-mlrd-rublei,200,media,,True,https://pestrecy-rt.ru/news/v-respublike/na-nacproekty-v-tatarstane-v-2026-godu-napraviat-553-mlrd-rublei,unknown,mo-92648000,"На нацпроекты в Татарстане в 2026 году направят 55,3 млрд рублей",context,16,not_editorially_useful,
,needs_review,low,1,1,evt_883199bd2aee3a9e4643b5a0,2026-09-05T19:31:43Z,,,,False,territory,False,2026-08-28T11:24:01Z,False,False,https://t.me/universityinnopolis/3539,200,media,,True,https://t.me/universityinnopolis/3539,reported,mo-92620109,Подготовили к технологическим олимпиадам 316 школьников из 23 регионов России 🏫,context,36,not_editorially_useful,
,needs_review,medium,1,1,evt_149bdfed454298dc47d05b6d,2026-09-05T20:55:42Z,,,,False,territory,False,2026-08-28T11:23:07Z,False,False,https://t.me/kzn_official/23488,200,official,,True,https://t.me/kzn_official/23488,reported,mo-92701000,Фестиваль татарской культуры «Печән базары» на набережной озера Кабан,context,20,not_editorially_useful,
,needs_review,medium,1,1,evt_7237be459b3bc182113c6792,2026-09-05T20:55:42Z,,,,False,territory,False,2026-08-28T11:23:07Z,False,False,https://t.me/kzn_official/23488,200,official,,True,https://t.me/kzn_official/23488,unknown,mo-92701000,Дискуссия «Город на вырост» в центре семьи «Казан»,context,30,not_editorially_useful,
,needs_review,medium,1,1,evt_8cff60ee475c2fd42db387ba,2026-09-05T20:55:42Z,,,,False,territory,False,2026-08-28T11:23:07Z,False,False,https://t.me/kzn_official/23488,200,official,,True,https://t.me/kzn_official/23488,reported,mo-92701000,Бесплатный проезд на ретро-троллейбусе в День города Казани,context,20,not_editorially_useful,
,needs_review,medium,1,1,evt_b803a049b2e4df28890b41c5,2026-09-05T20:55:42Z,,,,False,territory,False,2026-08-28T11:23:07Z,False,False,https://t.me/kzn_official/23488,200,official,,True,https://t.me/kzn_official/23488,reported,mo-92701000,Заключительная встреча проекта «Парковые герои» в парке им. Тинчурина,context,20,not_editorially_useful,
,needs_review,medium,1,1,evt_b9be7bfd5a7bb0b64b9e09cd,2026-09-05T20:55:42Z,,,,False,territory,False,2026-08-28T11:23:07Z,False,False,https://t.me/kzn_official/23488,200,official,,True,https://t.me/kzn_official/23488,reported,mo-92701000,Возможные перекрытия дорог в центре с 31 августа по 5 сентября,context,20,not_editorially_useful,
,needs_review,medium,1,1,evt_ba61b73e75fefdd9661e3349,2026-09-05T20:55:42Z,,,,False,territory,False,2026-08-28T11:23:07Z,False,False,https://t.me/kzn_official/23488,200,official,,True,https://t.me/kzn_official/23488,reported,mo-92701000,В шести парках и скверах появились инсталляции с фигурами собак,context,20,not_editorially_useful,
,needs_review,medium,1,1,evt_c7c451182654d5fe91228460,2026-09-05T20:55:42Z,,,,False,territory,False,2026-08-28T11:23:07Z,False,False,https://t.me/kzn_official/23488,200,official,,True,https://t.me/kzn_official/23488,reported,mo-92701000,Семейный книжный фестиваль «Тау Фест» в парке «Елмай»,context,20,not_editorially_useful,
Казань,ready,low,1,1,evt_869162d168c0e7932678cea8,2026-09-05T19:31:58Z,55.7946485,,49.1115022,False,settlement,True,2026-08-28T11:10:00Z,False,False,https://chuprale-online.ru/news/obschestvo/ustoicivoe-razvitie-nacinaetsia-s-kadrov-v-kazani-otkrylsia-sammit-molodezi,200,media,,True,https://chuprale-online.ru/news/obschestvo/ustoicivoe-razvitie-nacinaetsia-s-kadrov-v-kazani-otkrylsia-sammit-molodezi,resolved,mo-92701000,Устойчивое развитие начинается с кадров: в Казани открылся саммит молодежи,useful,79,,
,ready,medium,1,2,evt_112ac9d2d47285f50e7abf6e,2026-09-05T20:56:22Z,,,,False,territory,True,2026-08-28T10:15:00Z,False,False,https://baltaci.ru/news/salamatlek/tatarstan-baskalasynda-iana-medicina-uzage-tozela,200,media,,True,https://baltaci.ru/news/salamatlek/tatarstan-baskalasynda-iana-medicina-uzage-tozela,reported,mo-92615151,Проект медцентра в Казани получил положительное заключение экспертизы,useful,97,,
,ready,low,1,1,evt_fbf9956a9e9a342a65b450c2,2026-09-05T19:31:57Z,,,,False,territory,True,2026-08-28T10:03:00Z,False,False,https://bavly-tat.ru/news/v-respublike/v-globalnyi-molodeznyi-sammit-startoval-v-stolice-tatarstana,200,media,,True,https://bavly-tat.ru/news/v-respublike/v-globalnyi-molodeznyi-sammit-startoval-v-stolice-tatarstana,resolved,mo-92614101,В Казани на площадке ЦУМа открылся V Глобальный молодёжный саммит (26–30 августа).,useful,87,,
,needs_review,medium,1,1,evt_b0a87ba0b031cadc14591e1d,2026-09-05T20:57:27Z,,,,False,territory,False,2026-08-28T09:30:00Z,False,False,https://tukai-rt.ru/news/yanjaliklar/tukai-raionynda-iulutkargecne-remontlau-sabaple-iul-xarakatenda-uzgareslar-bulacak,200,media,,True,https://tukai-rt.ru/news/yanjaliklar/tukai-raionynda-iulutkargecne-remontlau-sabaple-iul-xarakatenda-uzgareslar-bulacak,reported,mo-92730000,В Тукаевском районе начнётся капремонт путепровода с временными изменениями движения,context,20,not_editorially_useful,
,needs_review,medium,1,2,evt_d4320e3aff67d9e644e54885,2026-09-05T20:57:27Z,,,,False,territory,False,2026-08-28T08:34:00Z,False,False,https://tukai-rt.ru/news/amgyiat/igezaklar-kotuce-xatyn-kyzlarga-posobie-200-men-sumnan-artyrga-momkin,200,media,,True,https://tukai-rt.ru/news/amgyiat/igezaklar-kotuce-xatyn-kyzlarga-posobie-200-men-sumnan-artyrga-momkin,unknown,mo-92657000,"В 2027 году может вырасти минимальное пособие по беременности и родам для женщин, ожидающих двойню и более",context,0,not_editorially_useful,
Азнакаево,needs_review,low,1,1,evt_b7557eb1da67915252e61441,2026-09-05T19:31:57Z,54.8629555,,53.0792275,False,settlement,False,2026-08-28T08:16:00Z,False,False,https://bavly-tat.ru/news/proisshestviya/naruseniia-vyiavleny-pri-ispolzovanii-sredstv-po-programme-puskinskaia-karta-v-aznakaevo,200,media,,True,https://bavly-tat.ru/news/proisshestviya/naruseniia-vyiavleny-pri-ispolzovanii-sredstv-po-programme-puskinskaia-karta-v-aznakaevo,unknown,mo-92602101,Нарушения выявлены при использовании средств по программе «Пушкинская карта» в Азнакаево,context,20,not_editorially_useful,
,needs_review,low,1,1,evt_22a3f2c263949422856cb79f,2026-09-05T19:32:00Z,,,,False,territory,False,2026-08-28T07:27:00Z,False,False,https://kaibicy.ru/news/proissestviia/v-nurlate-podrostok-na-motocikle-popal-v-avariiu-s-masinoi-est-postradavsie,200,media,,True,https://kaibicy.ru/news/proissestviia/v-nurlate-podrostok-na-motocikle-popal-v-avariiu-s-masinoi-est-postradavsie,unknown,mo-92646101,"В Нурлате подросток на мотоцикле попал в аварию с машиной, есть пострадавшие",context,20,not_editorially_useful,
Туйметкино,ready,low,1,1,evt_3f5bd236d082be5999c8165f,2026-09-05T19:31:52Z,54.7917037,,51.5494779,False,settlement,True,2026-08-28T07:13:03Z,False,False,https://t.me/n_chrmshn/18496,200,media,,True,https://t.me/n_chrmshn/18496,reported,mo-92658462,"К слову о технике, в этом году капитально отремонтировали мост на дороге, ведущей в сторону Нижней Кармалки, раньше проезд по нему на технике был опасен.",useful,87,,
,needs_review,medium,1,2,evt_89cba18b1d85d0c639f4159c,2026-09-05T20:57:27Z,,,,False,territory,False,2026-08-28T07:05:00Z,False,False,https://almet-rt.ru/news/mgyiyat/66335,200,media,,True,https://almet-rt.ru/news/mgyiyat/66335,reported,mo-92608000,Неправильная утилизация ботвы и растительных отходов,context,0,not_editorially_useful,
Мензелинск,ready,low,1,1,evt_508ad5db76e6dc66709559f4,2026-09-05T19:32:02Z,55.7255585,,53.1071815,False,settlement,True,2026-08-28T06:36:00Z,False,False,https://menzela.ru/news/obshchestvo/v-menzelinske-otkryli-obnovlennyi-detskii-sad-altyncec,200,media,,True,https://menzela.ru/news/obshchestvo/v-menzelinske-otkryli-obnovlennyi-detskii-sad-altyncec,resolved,mo-92640101,В Мензелинске открыли обновленный детский сад «Алтынчэч»,useful,87,,
,needs_review,medium,1,1,evt_8898b43bb6a2034ba2359573,2026-09-05T20:57:27Z,,,,False,territory,False,2026-08-28T06:13:00Z,False,False,https://chuprale-online.ru/news/obschestvo/anatolii-mixailov-rasskazal-o-bezopasnosti-detei-na-dorogax-otvetstvennosti-roditelei,200,media,,True,https://chuprale-online.ru/news/obschestvo/anatolii-mixailov-rasskazal-o-bezopasnosti-detei-na-dorogax-otvetstvennosti-roditelei,reported,mo-92617420,В Татарстане проходит профилактическая акция «Внимание — дети!»,context,36,not_editorially_useful,
,ready,low,1,1,evt_a4f6ce16187fe056bfe3c4be,2026-09-05T19:31:57Z,,,,False,territory,True,2026-08-28T06:01:00Z,False,False,https://buinsk-tat.ru/news/vchera-segodnya-zavtra/opyt-rt-po-birzevym-torgam-stroimaterialami-masstabiruiut-na-federalnyi-uroven,200,media,,True,https://buinsk-tat.ru/news/vchera-segodnya-zavtra/opyt-rt-po-birzevym-torgam-stroimaterialami-masstabiruiut-na-federalnyi-uroven,reported,mo-92618000,Опыт Татарстана по внедрению биржевых механизмов в строительстве признан успешным и будет масштабироваться на другие регионы.,useful,70,,
,needs_review,low,1,1,evt_064b8d5fc0c8b04ea4931160,2026-09-05T19:31:55Z,,,,False,territory,False,2026-08-28T05:20:00Z,False,False,https://aktanysh-rt.ru/news/obschestvo/zaversaetsia-priem-zaiavok-dlia-ucastiia-v-federalnoi-programme-svoi-biznes,200,media,,True,https://aktanysh-rt.ru/news/obschestvo/zaversaetsia-priem-zaiavok-dlia-ucastiia-v-federalnoi-programme-svoi-biznes,planned,mo-92605000,Завершается прием заявок для участия в федеральной программе «СВОй бизнес»,context,42,not_editorially_useful,
,needs_review,low,1,1,evt_080cd58aa6a14e8ed6ce5715,2026-09-05T19:31:48Z,,,,False,territory,False,2026-08-28T05:00:59Z,False,False,https://t.me/kaibicy/45745,200,media,,True,https://t.me/kaibicy/45745,planned,mo-92629000,Сильный ветер и до +18 градусов ожидаются в Татарстане 28 августа,context,0,not_editorially_useful,
Лениногорск,needs_review,low,1,1,evt_ca640e5dd77bba1628dbc09d,2026-09-05T19:32:01Z,54.5994324,,52.4469099,False,settlement,False,2026-08-28T03:41:00Z,False,False,https://leninogorsk-rt.ru/news/sobytie-nedeli/30-avgusta-v-leninogorske-budut-perekryty-dorogi,200,media,,True,https://leninogorsk-rt.ru/news/sobytie-nedeli/30-avgusta-v-leninogorske-budut-perekryty-dorogi,reported,mo-92636101,30 августа в Лениногорске будут перекрыты дороги,context,20,not_editorially_useful,
,needs_review,high,0,1,evt_legacy_06fcf01f8bb210897aa5313c,2026-09-04T15:47:33Z,,public-29dbcd06add8ab16,,False,territory,False,2026-08-28T00:00:00Z,True,False,https://media.kpfu.ru/news/forum-rektorov-isesko,200,official,,True,https://media.kpfu.ru/news/forum-rektorov-isesko,unknown,RU-TA,В Казанском университете прошел форум ректоров ИСЕСКО,context,20,missing_primary_evidence|not_editorially_useful,
,needs_review,high,0,1,evt_legacy_255cc51ac6793536f327fe32,2026-09-04T15:47:34Z,,public-5f94f52860c82006,,False,territory,False,2026-08-28T00:00:00Z,True,False,https://16.mchs.gov.ru/deyatelnost/press-centr/novosti/5817924,200,official,,True,https://16.mchs.gov.ru/deyatelnost/press-centr/novosti/5817924,unknown,RU-TA,Праздник для будущих первоклассников,context,0,missing_primary_evidence|not_editorially_useful,
,needs_review,high,0,1,evt_legacy_33f6a0a9b41f23bfb42e29c6,2026-09-04T15:47:33Z,,public-9ba9e7f228bd0872,,False,territory,False,2026-08-28T00:00:00Z,True,False,https://media.kpfu.ru/news/yubileynaya-pronauka-otvechaem-na-samye-populyarnye-voprosy,200,official,,True,https://media.kpfu.ru/news/yubileynaya-pronauka-otvechaem-na-samye-populyarnye-voprosy,unknown,RU-TA,Считанные часы до юбилейной «PROнауки в КФУ»,noise,0,missing_primary_evidence|not_editorially_useful,
,needs_review,high,0,1,evt_legacy_34a78de176e71a48b4dcd74d,2026-09-04T15:47:33Z,,public-1d87d1d9443ae748,,False,territory,False,2026-08-28T00:00:00Z,True,False,https://media.kpfu.ru/news/na-neftegazokhimicheskom-forume-kfu-prezentoval-peredovye-nauchnye-razrabotki-i-vostrebovannye,200,official,,True,https://media.kpfu.ru/news/na-neftegazokhimicheskom-forume-kfu-prezentoval-peredovye-nauchnye-razrabotki-i-vostrebovannye,unknown,mo-92701000,На нефтегазохимическом форуме КФУ презентовал передовые научные разработки,context,20,missing_primary_evidence|not_editorially_useful,
,needs_review,high,0,1,evt_legacy_3b40f7caded2812978fde566,2026-09-04T15:47:33Z,,public-034daf41b4855ce1,,False,territory,False,2026-08-28T00:00:00Z,True,False,https://media.kpfu.ru/news/na-xx-pronauke-v-kfu-obsudyat-rol-ii-v-obschestve-i-zhizni-zhiteley-tatarstana,200,official,,True,https://media.kpfu.ru/news/na-xx-pronauke-v-kfu-obsudyat-rol-ii-v-obschestve-i-zhizni-zhiteley-tatarstana,unknown,RU-TA,На XX «PROнауке в КФУ» обсудят роль ИИ в обществе и жизни жителей Татарстана,noise,0,missing_primary_evidence|not_editorially_useful,
,needs_review,high,0,1,evt_legacy_3e49fdd1b2b6c585f0c2892d,2026-09-04T15:47:33Z,,public-b0bb47238e045332,,False,territory,False,2026-08-28T00:00:00Z,True,False,https://media.kpfu.ru/news/belomorskaya,200,official,,True,https://media.kpfu.ru/news/belomorskaya,unknown,RU-TA,Глава Минобрнауки России Валерий Фальков посетил совместное производство КФУ и ООО «Изварино Фарма»,context,16,missing_primary_evidence|not_editorially_useful,
,needs_review,high,0,1,evt_legacy_4155a526a446c394cd25e983,2026-09-04T15:47:33Z,,public-743ee3f38f242d4e,,False,territory,False,2026-08-28T00:00:00Z,True,False,https://media.kpfu.ru/news/vizit-delegacii-shandunskogo-universiteta,200,official,,True,https://media.kpfu.ru/news/vizit-delegacii-shandunskogo-universiteta,unknown,RU-TA,Совместные образовательные программы с Шаньдунским университетом обсудили в КФУ,context,0,missing_primary_evidence|not_editorially_useful,
,needs_review,high,0,1,evt_legacy_43e8f416b004dcbfa1a04157,2026-09-04T15:47:33Z,,public-62fd925489114940,,False,territory,False,2026-08-28T00:00:00Z,True,False,https://media.kpfu.ru/news/otkrytie-kgms-2026,200,official,,True,https://media.kpfu.ru/news/otkrytie-kgms-2026,unknown,RU-TA,Состоялась торжественная церемония открытия V Глобального молодежного саммита,context,0,missing_primary_evidence|not_editorially_useful,
,needs_review,high,0,1,evt_legacy_4e9fab6e1335cfa004d95096,2026-09-04T15:47:33Z,,public-62449fa670e3471d,,False,territory,False,2026-08-28T00:00:00Z,True,False,https://media.kpfu.ru/news/plenarnoe-zasedanie-4,200,official,,True,https://media.kpfu.ru/news/plenarnoe-zasedanie-4,unknown,RU-TA,Ректор КФУ принял участие в пленарном заседании по инженерному образованию,context,0,missing_primary_evidence|not_editorially_useful,
,needs_review,high,0,1,evt_legacy_4fdbc7fb51fe46d2ffd64d37,2026-09-04T15:47:34Z,,public-5386217ec2feb838,,False,territory,False,2026-08-28T00:00:00Z,True,False,https://16.mchs.gov.ru/deyatelnost/press-centr/novosti/5816719,200,official,,True,https://16.mchs.gov.ru/deyatelnost/press-centr/novosti/5816719,unknown,RU-TA,‎30 августа введён запрет на использование маломерных судов на участке реки Казанки ‎,context,0,missing_primary_evidence|not_editorially_useful,
,needs_review,high,0,1,evt_legacy_98cf39890b63d5a5b5c9e260,2026-09-04T15:47:31Z,,public-2f17a2bc581e2466,,False,territory,False,2026-08-28T00:00:00Z,True,False,https://media.innopolis.university/news/summer-school-results-2026/,200,official,,True,https://innopolis.university/news/summer-school-results-2026/,unknown,mo-92620109,Университет Иннополис подготовил к технологическим олимпиадам 316 школьников из 23 регионов России,context,36,missing_primary_evidence|not_editorially_useful,
,needs_review,high,0,1,evt_legacy_b6a2fee76b35b14ce1aca95f,2026-09-04T15:47:31Z,,public-f73dc0c88cc4c985,,False,territory,False,2026-08-28T00:00:00Z,True,False,https://media.innopolis.university/news/neural-networks-reason/,200,official,,True,https://innopolis.university/news/neural-networks-reason/,unknown,mo-92620109,Учёные Университета Иннополис обнаружили у нейросетей скачок в способности к рассуждению,context,0,missing_primary_evidence|not_editorially_useful,
,needs_review,high,0,1,evt_legacy_bb689982a517b922c4290230,2026-09-04T15:47:33Z,,public-2c9c08e6897c5972,,False,territory,False,2026-08-28T00:00:00Z,True,False,https://media.kpfu.ru/news/globalnaya-premiya-molodykh-liderov,200,official,,True,https://media.kpfu.ru/news/globalnaya-premiya-molodykh-liderov,unknown,RU-TA,Астрофизик КФУ – победитель номинации Глобальной премии молодых лидеров,noise,0,missing_primary_evidence|not_editorially_useful,
,needs_review,high,0,1,evt_legacy_c57d8341e03119bb8a53a22b,2026-09-04T15:47:33Z,,public-1dd9e065a3fa30e1,,False,territory,False,2026-08-28T00:00:00Z,True,False,https://media.kpfu.ru/news/rabochaya-vstrecha-12,200,official,,True,https://media.kpfu.ru/news/rabochaya-vstrecha-12,unknown,mo-92701000,Ленар Сафин принял участие в заседании Оргкомитета Форума ассоциации российско-китайских технических вузов,noise,20,missing_primary_evidence|not_editorially_useful,
,needs_review,high,0,1,evt_legacy_edee259f1aa36b3c074fca24,2026-09-04T15:47:33Z,,public-fc799b63193a3e26,,False,territory,False,2026-08-28T00:00:00Z,True,False,https://media.kpfu.ru/news/vladimir-putin-prisvoil-gosudarstvennye-nagrady-sotrudnikam-kazanskogo-universiteta,200,official,,True,https://media.kpfu.ru/news/vladimir-putin-prisvoil-gosudarstvennye-nagrady-sotrudnikam-kazanskogo-universiteta,unknown,RU-TA,Владимир Путин присвоил государственные награды сотрудникам Казанского университета,noise,0,missing_primary_evidence|not_editorially_useful,
,needs_review,medium,1,2,evt_12fe8c2f193848d76d0ac980,2026-09-05T20:58:11Z,,,,False,territory,False,2026-08-27T21:00:00Z,False,False,https://media.kpfu.ru/news/na-neftegazokhimicheskom-forume-kfu-prezentoval-peredovye-nauchnye-razrabotki-i-vostrebovannye,200,media,,True,http://media.kpfu.ru/news/na-neftegazokhimicheskom-forume-kfu-prezentoval-peredovye-nauchnye-razrabotki-i-vostrebovannye,reported,mo-92701000,Ярмарка вакансий нефтегазохимической отрасли в Казани,context,30,not_editorially_useful,
,needs_review,medium,1,2,evt_298a4dd3f65ff01632e8b9a6,2026-09-05T20:58:11Z,,,,False,territory,False,2026-08-27T21:00:00Z,False,False,https://media.kpfu.ru/news/plenarnoe-zasedanie-4,200,media,,True,http://media.kpfu.ru/news/plenarnoe-zasedanie-4,reported,mo-92701000,Пленарное заседание по инженерному образованию в ИТ-парке им. Башира Рамеева,context,16,not_editorially_useful,
,needs_review,medium,1,2,evt_a73b2eb3a52de963814c5a65,2026-09-05T20:58:11Z,,,,False,territory,False,2026-08-27T21:00:00Z,False,False,https://media.kpfu.ru/news/belomorskaya,200,media,,True,http://media.kpfu.ru/news/belomorskaya,reported,mo-92701000,Посещение совместного производства КФУ и ООО «Изварино Фарма»,context,16,not_editorially_useful,
,needs_review,low,1,1,evt_54f154871e498a4de2f88bd6,2026-09-05T19:32:05Z,,,,False,territory,False,2026-08-27T13:40:00Z,False,False,https://spas-rt.ru/news/obschestvo/bolee-2300-malyx-predpriiatii-tatarstana-vospolzovalis-eksportnoi-podderzkoi,200,media,,True,https://spas-rt.ru/news/obschestvo/bolee-2300-malyx-predpriiatii-tatarstana-vospolzovalis-eksportnoi-podderzkoi,reported,mo-92632000,Более 2300 малых предприятий Татарстана воспользовались экспортной поддержкой,context,0,not_editorially_useful,
,needs_review,medium,1,2,evt_f48cf4ea89238b65afce347e,2026-09-05T20:58:11Z,,,,False,territory,False,2026-08-27T13:12:00Z,False,False,https://sarman-rt.ru/news/rubriki-dlya-gazetyi-na-tatarskom/tatarstanda-zakonsyz-cupleklarne-ham-kanun-bozucylarny-dronnar-iardamenda-acyklyilar,200,media,,True,https://sarman-rt.ru/news/rubriki-dlya-gazetyi-na-tatarskom/tatarstanda-zakonsyz-cupleklarne-ham-kanun-bozucylarny-dronnar-iardamenda-acyklyilar,reported,mo-92653000,В Татарстане с помощью дронов выявляют незаконные свалки и нарушителей,context,59,not_editorially_useful,
,needs_review,low,1,1,evt_c54fd1ff083890be47d02e72,2026-09-05T19:32:06Z,,,,False,territory,False,2026-08-27T13:10:52Z,False,False,https://t.me/kzn_official/23482,200,official,,True,https://t.me/kzn_official/23482,reported,mo-92701000,Спецподача трамваев в День города 🚃,context,36,not_editorially_useful,
"улица Гаврилова, 42А",ready,low,1,1,evt_8e7e60769a3a4291b84c2620,2026-09-05T19:32:07Z,55.8396005,,49.1577299,True,building,True,2026-08-27T13:07:35Z,False,False,https://t.me/avianovsav/6256,200,official,,True,https://t.me/avianovsav/6256,reported,mo-92701000,Среди учреждений дошкольного образования Авиастроительного и Ново-Савиновского районов был объявлен конкурс «Зелёные шажочки» на получение грантов.,useful,87,,
,needs_review,low,1,1,evt_3bfc38a1f967f2695334ac73,2026-09-05T19:31:42Z,,,,False,territory,False,2026-08-27T12:52:00Z,False,False,,,official,URLError,False,https://16.rosstat.gov.ru/news/document/289291,unknown,RU-TA,О средних потребительских ценах на автомобильный бензин и дизельное топливо по Республике Татарстан на 24 августа 2026 года,context,0,not_editorially_useful,source_unreachable_at_audit
,needs_review,low,1,1,evt_7f45816f7da0701ec70c2a74,2026-09-05T19:31:42Z,,,,False,territory,False,2026-08-27T12:50:00Z,False,False,,,official,URLError,False,https://16.rosstat.gov.ru/news/document/289289,unknown,RU-TA,Об уровне и индексах потребительских цен на некоторые виды продовольственных товаров по Республике Татарстан на 24 августа 2026 года,context,0,not_editorially_useful,source_unreachable_at_audit
,needs_review,low,1,1,evt_538d2a7f3698530501f45d08,2026-09-05T19:31:57Z,,,,False,territory,False,2026-08-27T11:54:00Z,False,False,https://buinsk-tat.ru/news/vchera-segodnya-zavtra/buinskii-saxarnyi-zavod-otkryl-sezon-fotoreportaz,200,media,,True,https://buinsk-tat.ru/news/vchera-segodnya-zavtra/buinskii-saxarnyi-zavod-otkryl-sezon-fotoreportaz,reported,mo-92618000,Буинский сахарный завод открыл сезон (фоторепортаж),context,0,not_editorially_useful,
,needs_review,low,1,1,evt_ec5e3dec66b20186b86e5ced,2026-09-05T19:32:07Z,,,,False,territory,False,2026-08-27T11:33:01Z,False,False,https://t.me/avianovsav/6252,200,official,,True,https://t.me/avianovsav/6252,reported,mo-92701000,На совместном заседании рабочей группы Антитеррористической комиссии в Казани по Авиастроительному и Ново-Савиновскому районам и межведомственной комиссии по пр,context,36,not_editorially_useful,
,needs_review,medium,1,1,evt_ae7268ef542ee89f6c3cb8d7,2026-09-05T20:59:10Z,,,,False,territory,False,2026-08-27T11:21:11Z,False,False,https://t.me/n_chrmshn/18490,200,media,,True,https://t.me/n_chrmshn/18490,reported,mo-92658410,Капитальный ремонт 820-метрового участка дороги в Югары Кәминкә,context,0,not_editorially_useful,
,needs_review,medium,1,1,evt_bbc6b802f866bbe4d426da4b,2026-09-05T20:59:10Z,,,,False,territory,False,2026-08-27T11:17:00Z,False,False,https://almet-rt.ru/news/inayat-m-za/66329,200,media,,True,https://almet-rt.ru/news/inayat-m-za/66329,reported,mo-92608000,Әлмәттә кабат аек булмаган хәлдә машина йөрткән өчен 200 сәгатьлек эшкә хөкем итү,context,0,not_editorially_useful,
,needs_review,low,1,1,evt_022c29bfcec2692ecf69a9d6,2026-09-05T19:32:00Z,,,,False,territory,False,2026-08-27T11:12:00Z,False,False,https://kamskoe-ustie.ru/news/ekonomika-i-finansy/bolee-2-300-predprinimatelei-tatarstana-vyveli-biznes-na-eksport-s-gospodderzkoi,200,media,,True,https://kamskoe-ustie.ru/news/ekonomika-i-finansy/bolee-2-300-predprinimatelei-tatarstana-vyveli-biznes-na-eksport-s-gospodderzkoi,reported,mo-92630000,Более 2 300 предпринимателей Татарстана вывели бизнес на экспорт с господдержкой,context,0,not_editorially_useful,
Мензелинск,ready,low,1,1,evt_e1f277ee0647b935045a80f0,2026-09-05T19:32:02Z,55.7255585,,53.1071815,False,settlement,True,2026-08-27T11:06:00Z,False,False,https://menzela.ru/news/tema-dnya/posle-kapitalnogo-remonta-v-menzelinske-otkrylsia-ledovyi-dvorec,200,media,,True,https://menzela.ru/news/tema-dnya/posle-kapitalnogo-remonta-v-menzelinske-otkrylsia-ledovyi-dvorec,resolved,mo-92640101,После капитального ремонта в Мензелинске открылся ледовый дворец,useful,87,,
,needs_review,low,1,1,evt_dd6937aa3a62a558d78215d1,2026-09-05T19:31:54Z,,,,False,territory,False,2026-08-27T10:31:00Z,False,False,https://agryz-rt.ru/news/po-materialam-tatar-inform/kardiolog-rkb-tatarstana-nazval-faktory-riska-pri-kardionagruzkax,200,media,,True,https://agryz-rt.ru/news/po-materialam-tatar-inform/kardiolog-rkb-tatarstana-nazval-faktory-riska-pri-kardionagruzkax,unknown,mo-92601000,Кардиолог РКБ Татарстана назвал факторы риска при кардионагрузках,context,0,not_editorially_useful,
Нижнекамск,needs_review,low,1,1,evt_215460d1acefd066c3678553,2026-09-05T19:32:02Z,55.6412879,,51.8160376,False,settlement,False,2026-08-27T10:25:00Z,False,False,https://nizhnekamsk-rt.ru/news/obschestvo/ucitelskaia-koferenciia-sostoialas-v-niznekamske,200,media,,True,https://nizhnekamsk-rt.ru/news/obschestvo/ucitelskaia-koferenciia-sostoialas-v-niznekamske,reported,mo-92644101,Учительская коференция состоялась в Нижнекамске,context,20,not_editorially_useful,
,ready,low,1,1,evt_1c752f61bca43ebd7be92e2f,2026-09-05T19:32:07Z,,,,False,territory,True,2026-08-27T09:58:13Z,False,False,https://t.me/avianovsav/6244,200,official,,True,https://t.me/avianovsav/6244,resolved,mo-92701000,В гимназии №107 «Открытие» состоялась августовская конференция работников образования.,useful,87,,
,needs_review,low,1,1,evt_be9984bbb69fdf76075d19bf,2026-09-05T19:32:06Z,,,,False,territory,False,2026-08-27T09:53:09Z,False,False,https://t.me/kzn_official/23474,200,official,,True,https://t.me/kzn_official/23474,resolved,mo-92701000,Раис Татарстана Рустам Минниханов и мэр Казани Ильсур Метшин открыли новый спортивный комплекс с ледовой ареной и трибунами на 252 места.,context,67,not_editorially_useful,
,ready,low,1,1,evt_ff1196649d67f756fdc3fbbc,2026-09-05T19:32:02Z,,,,False,territory,True,2026-08-27T08:23:00Z,False,False,https://novoshishminsk.ru/news/novosti-rayona/v-parke-patriot-novosesminska-otkryli-memorialnye-doski-v-cest-boicov-svo,200,media,,True,https://novoshishminsk.ru/news/novosti-rayona/v-parke-patriot-novosesminska-otkryli-memorialnye-doski-v-cest-boicov-svo,resolved,mo-92645432,В парке «Патриот» Новошешминска открыли мемориальные доски в честь бойцов СВО,useful,79,,
,needs_review,medium,1,3,evt_ff87babbbee67cc8ef4115a5,2026-09-05T20:59:10Z,,,,False,territory,False,2026-08-27T08:12:00Z,False,False,https://arskmedia.ru/news/rayon-yaalyklary/arcada-9-kesega-straf-salyndy,200,media,,True,https://arskmedia.ru/news/rayon-yaalyklary/arcada-9-kesega-straf-salyndy,reported,mo-92612000,В Арче прошла профилактическая акция «Тоннель» на дорогах,context,59,not_editorially_useful,
,needs_review,low,1,1,evt_9d3b0c04e03eb74447fa8ff6,2026-09-05T19:31:55Z,,,,False,territory,False,2026-08-27T07:24:00Z,False,False,https://alekseyevsk.ru/news/v-respublike/sledite-za-pulsom-kardiolog-rkb-o-riskax-infarkta-i-insulta,200,media,,True,https://alekseyevsk.ru/news/v-respublike/sledite-za-pulsom-kardiolog-rkb-o-riskax-infarkta-i-insulta,unknown,mo-92606000,Следите за пульсом: кардиолог РКБ о рисках инфаркта и инсульта,context,0,not_editorially_useful,
,needs_review,low,1,1,evt_4de946e12f884a230c8e1803,2026-09-05T19:31:58Z,,,,False,territory,False,2026-08-27T06:31:00Z,False,False,https://chuprale-online.ru/news/obschestvo/v-drozzanovskom-raione-proizoslo-smertelnoe-dtp,200,media,,True,https://chuprale-online.ru/news/obschestvo/v-drozzanovskom-raione-proizoslo-smertelnoe-dtp,unknown,mo-92624000,В Дрожжановском районе произошло смертельное ДТП,context,20,not_editorially_useful,
,ready,low,1,1,evt_6dd3eebcf1c0bfb0764d3e59,2026-09-05T19:31:55Z,,,,False,territory,True,2026-08-27T05:37:00Z,False,False,https://alekseyevsk.ru/news/v-respublike/6-mlrd-rublei-obieem-torgov-stroimaterialami-v-tatarstane-za-god,200,media,,True,https://alekseyevsk.ru/news/v-respublike/6-mlrd-rublei-obieem-torgov-stroimaterialami-v-tatarstane-za-god,reported,mo-92606000,Опыт Татарстана по внедрению биржевых механизмов в строительстве признан успешным и будет масштабироваться на другие регионы.,useful,70,,
,needs_review,low,1,1,evt_65111f1386efbe902009e470,2026-09-05T19:31:55Z,,,,False,territory,False,2026-08-27T05:26:00Z,False,False,https://alekseyevsk.ru/news/obshchestvo/v-tatarstane-idet-nabor-v-takticeskoe-podrazdelenie-stalinskie-sokoly,200,media,,True,https://alekseyevsk.ru/news/obshchestvo/v-tatarstane-idet-nabor-v-takticeskoe-podrazdelenie-stalinskie-sokoly,unknown,mo-92606000,В Татарстане идет набор в тактическое подразделение «Сталинские соколы»,context,0,not_editorially_useful,
,needs_review,low,1,1,evt_fcc7f6f64d7da5d73e681ff4,2026-09-05T19:31:55Z,,,,False,territory,False,2026-08-27T05:10:00Z,False,False,https://aktanysh-rt.ru/news/finans-gramotalylygy/ucebnik-po-finansovoi-gramotnosti-dlia-vuzov-est-teper-v-cifre,200,media,,True,https://aktanysh-rt.ru/news/finans-gramotalylygy/ucebnik-po-finansovoi-gramotnosti-dlia-vuzov-est-teper-v-cifre,unknown,mo-92605000,Учебник по финансовой грамотности для вузов есть теперь «в цифре»,context,0,not_editorially_useful,
Ямаш,needs_review,medium,1,2,evt_3fe6a3e52f00d7c08e530d1c,2026-09-05T20:59:59Z,55.0342202,,52.1842861,False,settlement,False,2026-08-27T05:01:00Z,False,False,https://almet-rt.ru/news/mgyiyat/66326,200,media,,True,https://almet-rt.ru/news/mgyiyat/66326,reported,mo-92608472,Начался второй этап благоустройства родника в деревне Ямаш,context,20,not_editorially_useful,
,needs_review,high,0,1,evt_legacy_489e8d6dda1252ebbd5e72be,2026-09-04T15:47:33Z,,public-fb6cbb73be0779a4,,False,territory,False,2026-08-27T00:00:00Z,True,False,https://media.kpfu.ru/news/astronom-kazanskogo-universiteta-rasskazal-ob-osetrovoy-lune-i-zatmenii,200,official,,True,https://media.kpfu.ru/news/astronom-kazanskogo-universiteta-rasskazal-ob-osetrovoy-lune-i-zatmenii,unknown,RU-TA,Астроном Казанского университета рассказал об Осетровой Луне и затмении,context,0,missing_primary_evidence|not_editorially_useful,
,needs_review,high,0,1,evt_legacy_793af325935f93b2cbabaca5,2026-09-04T15:47:33Z,,public-26384a2510bcc72d,,False,territory,False,2026-08-27T00:00:00Z,True,False,https://media.kpfu.ru/news/kgms-2026,200,official,,True,https://media.kpfu.ru/news/kgms-2026,unknown,RU-TA,«INNOverse50+»: в КФУ стартовала международная программа для работы над актуальными вызовами,context,20,missing_primary_evidence|not_editorially_useful,
,needs_review,high,0,1,evt_legacy_89625e4837446a825b397591,2026-09-04T15:47:33Z,,public-bcafb4646a6e4adc,,False,territory,False,2026-08-27T00:00:00Z,True,False,https://media.kpfu.ru/news/direktor-naberezhnochelninskogo-instituta-kfu-andrey-keller-predstavil-razrabotki,200,official,,True,https://media.kpfu.ru/news/direktor-naberezhnochelninskogo-instituta-kfu-andrey-keller-predstavil-razrabotki,unknown,RU-TA,Директор Набережночелнинского института КФУ представил разработки университетской науки на конференции по автокомпонентной отрасли,context,20,missing_primary_evidence|not_editorially_useful,
,needs_review,high,0,1,evt_legacy_8f18143b54b872ef4be9784c,2026-09-04T15:47:33Z,,public-7abc1ef9682519a6,,False,territory,False,2026-08-27T00:00:00Z,True,False,https://media.kpfu.ru/news/blog-tur,200,official,,True,https://media.kpfu.ru/news/blog-tur,unknown,RU-TA,Блог-тур для зарубежных блогеров и представителей СМИ состоялся в КФУ,context,0,missing_primary_evidence|not_editorially_useful,
,needs_review,high,0,1,evt_legacy_8f7eee4498410d365750957d,2026-09-04T13:14:12Z,,public-1e55c06678456e7e,,False,territory,False,2026-08-27T00:00:00Z,True,False,,,official,URLError,False,https://16.rosstat.gov.ru/news/document/289289,unknown,RU-TA,Об уровне и индексах потребительских цен на некоторые виды продовольственных товаров по Республике Татарстан на 24 августа 2026 года,context,0,missing_primary_evidence|not_editorially_useful,source_unreachable_at_audit
,needs_review,high,0,1,evt_legacy_a0add16007f42e11eb74bf90,2026-09-04T15:47:33Z,,public-405063cfd71b321e,,False,territory,False,2026-08-27T00:00:00Z,True,False,https://media.kpfu.ru/news/rabochaya-vstrecha-11,200,official,,True,https://media.kpfu.ru/news/rabochaya-vstrecha-11,unknown,RU-TA,Ректор КФУ встретился с руководителем Университета Бахрия,context,0,missing_primary_evidence|not_editorially_useful,
,needs_review,high,0,1,evt_legacy_a336b4311c295c44be685566,2026-09-04T15:47:33Z,,public-6be3b7f2399981a7,,False,territory,False,2026-08-27T00:00:00Z,True,False,https://media.kpfu.ru/news/pomogi-sobratsya-v-shkolu-buduschim-pervoklassnikam-vruchili-podarki-v-kfu,200,official,,True,https://media.kpfu.ru/news/pomogi-sobratsya-v-shkolu-buduschim-pervoklassnikam-vruchili-podarki-v-kfu,unknown,RU-TA,«Помоги собраться в школу»: будущим первоклассникам в КФУ вручили подарки,context,36,missing_primary_evidence|not_editorially_useful,
,needs_review,high,0,1,evt_legacy_b4df326a03c1265c8ecefbae,2026-09-04T13:14:12Z,,public-dff6b3cb3666285b,,False,territory,False,2026-08-27T00:00:00Z,True,False,,,official,URLError,False,https://16.rosstat.gov.ru/news/document/289291,unknown,RU-TA,О средних потребительских ценах на автомобильный бензин и дизельное топливо по Республике Татарстан на 24 августа 2026 года,context,0,missing_primary_evidence|not_editorially_useful,source_unreachable_at_audit
,needs_review,high,0,1,evt_legacy_d062e0b15bf51708c8b84bca,2026-09-04T15:47:34Z,,public-e7b9814d69be3009,,False,territory,False,2026-08-27T00:00:00Z,True,False,https://16.mchs.gov.ru/deyatelnost/press-centr/novosti/5817398,200,official,,True,https://16.mchs.gov.ru/deyatelnost/press-centr/novosti/5817398,unknown,RU-TA,Проверки школ Татарстана у самого финиша,context,16,missing_primary_evidence|not_editorially_useful,
,needs_review,high,0,1,evt_legacy_d8415bf8be62355360a61591,2026-09-04T15:47:33Z,,public-84218f179ac1ccb7,,False,territory,False,2026-08-27T00:00:00Z,True,False,https://media.kpfu.ru/news/podpisanie-23,200,official,,True,https://media.kpfu.ru/news/podpisanie-23,unknown,RU-TA,КФУ и Исламский университет в Уганде заключили соглашение о сотрудничестве,context,20,missing_primary_evidence|not_editorially_useful,
,ready,medium,1,1,evt_13d9cef771b71401eeb1a655,2026-09-05T20:59:59Z,,,,False,territory,True,2026-08-26T21:00:00Z,False,False,https://media.kpfu.ru/news/direktor-naberezhnochelninskogo-instituta-kfu-andrey-keller-predstavil-razrabotki,200,media,,True,http://media.kpfu.ru/news/direktor-naberezhnochelninskogo-instituta-kfu-andrey-keller-predstavil-razrabotki,reported,mo-92701000,Научно-практическая конференция по развитию отечественной автокомпонентной отрасли в технопарке «Идея»,useful,87,,
,needs_review,medium,1,2,evt_278e243458eecfdf013486c9,2026-09-05T20:59:59Z,,,,False,territory,False,2026-08-26T21:00:00Z,False,False,https://media.kpfu.ru/news/rabochaya-vstrecha-11,200,media,,True,http://media.kpfu.ru/news/rabochaya-vstrecha-11,reported,mo-92701000,Визит делегации Университета Бахрия в КФУ и встреча с руководством,context,16,not_editorially_useful,
,needs_review,medium,1,1,evt_b6110ec75d09c1a8db181b06,2026-09-05T20:59:59Z,,,,False,territory,False,2026-08-26T21:00:00Z,False,False,https://media.kpfu.ru/news/kgms-2026,200,media,,True,http://media.kpfu.ru/news/kgms-2026,reported,mo-92701000,В КФУ стартовала международная программа «INNOverse50+»,context,36,not_editorially_useful,
,needs_review,medium,1,2,evt_bf170f75d646626991896a12,2026-09-05T21:00:40Z,,,,False,territory,False,2026-08-26T21:00:00Z,False,False,https://media.kpfu.ru/news/pomogi-sobratsya-v-shkolu-buduschim-pervoklassnikam-vruchili-podarki-v-kfu,200,media,,True,http://media.kpfu.ru/news/pomogi-sobratsya-v-shkolu-buduschim-pervoklassnikam-vruchili-podarki-v-kfu,reported,mo-92701000,В КФУ прошла акция «Помоги собраться в школу» для будущих первоклассников,context,36,not_editorially_useful,
,needs_review,medium,1,2,evt_cd149752ee3554d8e92644c1,2026-09-05T21:00:40Z,,,,False,territory,False,2026-08-26T21:00:00Z,False,False,https://media.kpfu.ru/news/podpisanie-23,200,media,,True,http://media.kpfu.ru/news/podpisanie-23,reported,mo-92701000,КФУ и Исламский университет в Уганде подписали меморандум о взаимопонимании,context,30,not_editorially_useful,
,needs_review,low,1,1,evt_7d957b4304bca02aac8035f6,2026-09-05T19:31:43Z,,,,False,territory,False,2026-08-26T15:31:01Z,False,False,https://t.me/universityinnopolis/3535,200,media,,True,https://t.me/universityinnopolis/3535,unknown,RU-TA,Наши студенты получили стипендию Президента РФ,context,16,not_editorially_useful,
,ready,medium,1,1,evt_5b567fb48a5a22370c5b073e,2026-09-05T21:00:40Z,,,,False,territory,True,2026-08-26T11:16:06Z,False,False,https://t.me/avianovsav/6223,200,official,,True,https://t.me/avianovsav/6223,resolved,mo-92701000,После ремонта открылась библиотека №25 «Бердәм»,useful,89,,
,ready,medium,1,3,evt_8ea289587895c47797bae2c5,2026-09-05T21:00:40Z,,,,False,territory,True,2026-08-26T10:53:06Z,False,False,https://t.me/kzn_official/23458,200,official,,True,https://t.me/kzn_official/23458,reported,mo-92701000,Завершен капремонт библиотеки №25 «Бердәм»,useful,72,,
,needs_review,medium,1,2,evt_84f4e9f36ff1326acf2cb02c,2026-09-05T21:01:11Z,,,,False,territory,False,2026-08-26T10:03:25Z,False,False,https://t.me/kvb_kzn/3848,200,official,,True,https://t.me/kvb_kzn/3848,reported,mo-92701000,Ремонт пешеходных переходов в городе,context,59,not_editorially_useful,
,needs_review,low,1,1,evt_3d028c814bf662abc86269c7,2026-09-05T19:31:43Z,,,,False,territory,False,2026-08-26T09:02:14Z,False,False,https://t.me/universityinnopolis/3534,200,media,,True,https://t.me/universityinnopolis/3534,reported,mo-92620109,Запустили единую образовательную платформу для школьников 🤩,context,67,not_editorially_useful,
,needs_review,high,0,1,evt_legacy_23250171b41a20283564e236,2026-09-04T15:47:34Z,,public-a7d9ef8a685566d4,,False,territory,False,2026-08-26T00:00:00Z,True,False,https://16.mchs.gov.ru/deyatelnost/press-centr/novosti/5816653,200,official,,True,https://16.mchs.gov.ru/deyatelnost/press-centr/novosti/5816653,unknown,RU-TA,Профилактические мероприятия Госпожнадзора на избирательных участках,context,0,missing_primary_evidence|not_editorially_useful,
,needs_review,high,0,1,evt_legacy_40075059036da10b78ebe88e,2026-09-04T15:47:33Z,,public-52381a8f8359f688,,False,territory,False,2026-08-26T00:00:00Z,True,False,https://media.kpfu.ru/news/na-pronauke-v-kfu-mikolog-sergey-podkovalnikov-vystupit-s-nauchnym-stendapom,200,official,,True,https://media.kpfu.ru/news/na-pronauke-v-kfu-mikolog-sergey-podkovalnikov-vystupit-s-nauchnym-stendapom,unknown,RU-TA,На «PROнауке в КФУ» Сергей Подковальников выступит с научным стендапом,context,0,missing_primary_evidence|not_editorially_useful,
,needs_review,high,0,1,evt_legacy_485cbe58696600bcdb9f09c9,2026-09-04T15:47:33Z,,public-9ebde68508159089,,False,territory,False,2026-08-26T00:00:00Z,True,False,https://media.kpfu.ru/news/v-kazanskom-federalnom-razvenchali-mify-o-shkolnom-ryukzake,200,official,,True,https://media.kpfu.ru/news/v-kazanskom-federalnom-razvenchali-mify-o-shkolnom-ryukzake,unknown,RU-TA,В Казанском федеральном развенчали мифы о школьном рюкзаке,context,36,missing_primary_evidence|not_editorially_useful,
,needs_review,high,0,1,evt_legacy_60ae4705ab258501e5451482,2026-09-04T15:47:31Z,,public-663640f7ba883568,,False,territory,False,2026-08-26T00:00:00Z,True,False,https://media.innopolis.university/news/iu-school-account/,200,official,,True,https://innopolis.university/news/iu-school-account/,unknown,mo-92620109,Университет Иннополис запустил единую образовательную платформу для школьников,context,16,missing_primary_evidence|not_editorially_useful,
,needs_review,high,0,1,evt_legacy_abf8bca4ab064e76d4a5f7b2,2026-09-04T13:14:24Z,,public-a7db12feab9307e1,,False,territory,False,2026-08-26T00:00:00Z,True,False,https://media.kpfu.ru/news/neftegazokhimicheskiy-forum-0,200,official,,True,https://media.kpfu.ru/news/neftegazokhimicheskiy-forum-0,unknown,mo-92701000,Ленар Сафин встретился с представителями крупнейших нефтесервисных и нефтегазовых компаний Омана и Венесуэлы,context,20,missing_primary_evidence|not_editorially_useful,
,needs_review,high,0,1,evt_legacy_acaacdbfd3eae668ac907e9a,2026-09-04T13:14:24Z,,public-660333e230607b9c,,False,territory,False,2026-08-26T00:00:00Z,True,False,https://media.kpfu.ru/news/v-kazanskom-universitete-startovala-kampaniya-po-zaseleniyu-pervokursnikov,200,official,,True,https://media.kpfu.ru/news/v-kazanskom-universitete-startovala-kampaniya-po-zaseleniyu-pervokursnikov,unknown,RU-TA,Заселение началось: КФУ принимает студентов,context,0,missing_primary_evidence|not_editorially_useful,
,needs_review,high,0,1,evt_legacy_b0ff909667ce66119536d51a,2026-09-04T15:47:33Z,,public-42192375525d3ab2,,False,territory,False,2026-08-26T00:00:00Z,True,False,https://media.kpfu.ru/news/kross-sessiya-2026,200,official,,True,https://media.kpfu.ru/news/kross-sessiya-2026,unknown,RU-TA,В Казанском университете стартовала кросс-вузовская экспертиза,context,20,missing_primary_evidence|not_editorially_useful,
,ready,medium,1,3,evt_2491a0686b6e38349f995dc2,2026-09-05T21:01:11Z,,,,False,territory,True,2026-08-25T21:00:00Z,False,False,https://media.kpfu.ru/news/kross-sessiya-2026,200,media,,True,http://media.kpfu.ru/news/kross-sessiya-2026,reported,mo-92701000,В Казанском университете стартовала кросс-вузовская экспертиза,useful,87,,
,needs_review,medium,1,2,evt_b6cd9d294f564d2101bc6641,2026-09-05T21:01:11Z,,,,False,territory,False,2026-08-25T21:00:00Z,False,False,https://media.kpfu.ru/news/na-pronauke-v-kfu-mikolog-sergey-podkovalnikov-vystupit-s-nauchnym-stendapom,200,media,,True,http://media.kpfu.ru/news/na-pronauke-v-kfu-mikolog-sergey-podkovalnikov-vystupit-s-nauchnym-stendapom,reported,mo-92701000,Научный стендап Сергея Подковальникова в КФУ,context,0,not_editorially_useful,
,needs_review,low,1,1,evt_c51fab63cbaf8d2742bc9989,2026-09-05T19:31:50Z,,,,False,territory,False,2026-08-25T16:27:56Z,False,False,https://t.me/kampolany/16323,200,media,,True,https://t.me/kampolany/16323,unknown,mo-92644000,Что заставило женщину проигнорировать предупреждения? И как мошенники убедили ее передать им 9 млн рублей?,context,16,not_editorially_useful,
,ready,low,1,1,evt_b60e533c317d6e76d0d7ac7c,2026-09-05T19:32:06Z,,,,False,territory,True,2026-08-25T15:01:00Z,False,False,https://t.me/kzn_official/23453,200,official,,True,https://t.me/kzn_official/23453,resolved,mo-92701000,"Ее открыли мэр Казани Ильсур Метшин, Игорь Крутой, Игорь Николаев и 12 финалистов конкурса.",useful,79,,
,ready,low,1,1,evt_d7089e31bd533b1044c0c1fd,2026-09-05T19:32:07Z,,,,False,territory,True,2026-08-25T07:16:01Z,False,False,https://t.me/avianovsav/6210,200,official,,True,https://t.me/avianovsav/6210,reported,mo-92701000,В Авиастроительном районе запустили бесплатный аудиогид по Соцгороду,useful,79,,
,needs_review,high,0,1,evt_legacy_95a828331d0994eddf0c5ba8,2026-09-04T15:47:31Z,,public-3fccb24cf7feb58d,,False,territory,False,2026-08-25T00:00:00Z,True,False,https://media.innopolis.university/news/bacteria-biofilms-2026/,200,official,,True,https://innopolis.university/news/bacteria-biofilms-2026/,unknown,mo-92620109,Учёные Университета Иннополис разработали модель для прогнозирования эволюции бактериальных биоплёнок,context,20,missing_primary_evidence|not_editorially_useful,
,needs_review,high,0,1,evt_legacy_d338a2bfa45d14ee2c402420,2026-09-04T15:47:34Z,,public-31411f979c876da5,,False,territory,False,2026-08-25T00:00:00Z,True,False,https://16.mchs.gov.ru/deyatelnost/press-centr/novosti/5816178,200,official,,True,https://16.mchs.gov.ru/deyatelnost/press-centr/novosti/5816178,unknown,RU-TA,Приглашаем принять участие в фотоконкурсе МЧС России «В узорах народных – характер героев»,context,0,missing_primary_evidence|not_editorially_useful,
,needs_review,low,1,1,evt_0645727ad98ed1fd25329c5e,2026-09-05T19:31:50Z,,,,False,territory,False,2026-08-24T13:09:19Z,False,False,https://t.me/kampolany/16313,200,media,,True,https://t.me/kampolany/16313,reported,mo-92644000,Газ отключили? Разобрали главные причины: от долгов до отсутствия договора на техобслуживание,context,67,not_editorially_useful,
,needs_review,low,1,1,evt_1a596c846c0b831980d49943,2026-09-05T19:32:06Z,,,,False,territory,False,2026-08-24T10:59:01Z,False,False,https://t.me/kzn_official/23425,200,official,,True,https://t.me/kzn_official/23425,reported,mo-92701000,"Специалисты проверяют тепловые сети, готовят котельные, завершают капитальный ремонт домов.",context,16,not_editorially_useful,
,needs_review,medium,1,1,evt_847d2c644a78d4f5d8a58edf,2026-09-05T21:02:03Z,,,,False,territory,False,2026-08-24T09:45:27Z,False,False,https://t.me/universityinnopolis/3532,200,media,,True,https://t.me/universityinnopolis/3532,resolved,RU-TA,Открыт приём заявок на премию по автоматизации складских процессов,context,59,not_editorially_useful,
,needs_review,low,2,2,evt_1fa1a5ec9d6165aedde0c15e,2026-09-05T19:32:07Z,,,,False,territory,False,2026-08-24T08:59:02Z,False,False,https://t.me/avianovsav/6201,200,official,,True,https://t.me/avianovsav/6201,planned,mo-92701000,На этой неделе планируем поездки заранее ⛔️,context,16,not_editorially_useful,
,needs_review,high,0,1,evt_legacy_4937868beb622f4ed1dddd6d,2026-09-04T15:47:31Z,,public-2ec082d8d770afe7,,False,territory,False,2026-08-24T00:00:00Z,True,False,https://media.innopolis.university/news/first-candidate-defense-2026/,200,official,,True,https://innopolis.university/news/first-candidate-defense-2026/,unknown,mo-92620109,В Университете Иннополис прошла первая защита кандидатской диссертации,context,20,missing_primary_evidence|not_editorially_useful,
,needs_review,high,0,1,evt_legacy_6629159df7faa8fe87866a61,2026-09-04T15:47:31Z,,public-e8511146241e5cf8,,False,territory,False,2026-08-24T00:00:00Z,True,False,https://media.innopolis.university/news/warehouse-processes-award-2026/,200,official,,True,https://innopolis.university/news/warehouse-processes-award-2026/,unknown,mo-92620109,"В России объявят лучшие решения по автоматизации складских процессов в логистике, торговле и промышленности",context,0,missing_primary_evidence|not_editorially_useful,
,needs_review,low,1,1,evt_5612a6b88b539001f0298ef6,2026-09-05T19:31:50Z,,,,False,territory,False,2026-08-21T15:12:51Z,False,False,https://t.me/kampolany/16301,200,media,,True,https://t.me/kampolany/16301,unknown,mo-92644000,ТГ и МАКС:,context,0,not_editorially_useful,
"улица Академика Павлова, 6А",ready,medium,1,3,evt_642e4bec1e98117070d84f86,2026-09-05T21:02:03Z,55.8640495,,49.104227565432566,True,building,True,2026-08-21T12:34:01Z,False,False,https://t.me/avianovsav/6197,200,official,,True,https://t.me/avianovsav/6197,resolved,mo-92701000,Открылся пункт выдачи горячего питания на улице Академика Павлова,useful,89,,
,needs_review,low,1,1,evt_774ee9890d126231077545a5,2026-09-05T19:32:06Z,,,,False,territory,False,2026-08-21T08:42:29Z,False,False,https://t.me/kzn_official/23401,200,official,,True,https://t.me/kzn_official/23401,reported,mo-92701000,Новый транспорт на привычных маршрутах 🚎,context,50,not_editorially_useful,
,needs_review,low,1,1,evt_c55002eda924708c7a8a82cf,2026-09-05T19:31:42Z,,,,False,territory,False,2026-08-21T05:55:00Z,False,False,,,official,URLError,False,https://16.rosstat.gov.ru/news/document/288902,unknown,RU-TA,Об уровне и индексах потребительских цен на некоторые виды продовольственных товаров по Республике Татарстан на 17 августа 2026 года,context,0,not_editorially_useful,source_unreachable_at_audit
,needs_review,low,1,1,evt_521dbaaa0c564445a0a3e4d1,2026-09-05T19:31:42Z,,,,False,territory,False,2026-08-21T05:53:00Z,False,False,,,official,URLError,False,https://16.rosstat.gov.ru/news/document/288901,unknown,RU-TA,О средних потребительских ценах на автомобильный бензин и дизельное топливо по Республике Татарстан на 17 августа 2026 года,context,0,not_editorially_useful,source_unreachable_at_audit
,needs_review,high,0,1,evt_legacy_5753549b868d55cda94ad28a,2026-09-04T13:14:12Z,,public-85a6544882c5d25d,,False,territory,False,2026-08-21T00:00:00Z,True,False,,,official,URLError,False,https://16.rosstat.gov.ru/news/document/288901,unknown,RU-TA,О средних потребительских ценах на автомобильный бензин и дизельное топливо по Республике Татарстан на 17 августа 2026 года,context,0,missing_primary_evidence|not_editorially_useful,source_unreachable_at_audit
,needs_review,high,0,1,evt_legacy_d0788e9ea6f611bd02ea64fc,2026-09-04T13:14:12Z,,public-8112cc245665e0a2,,False,territory,False,2026-08-21T00:00:00Z,True,False,,,official,URLError,False,https://16.rosstat.gov.ru/news/document/288902,unknown,RU-TA,Об уровне и индексах потребительских цен на некоторые виды продовольственных товаров по Республике Татарстан на 17 августа 2026 года,context,0,missing_primary_evidence|not_editorially_useful,source_unreachable_at_audit
,ready,low,1,1,evt_2f5b23b2a0cd4eb9508b52f0,2026-09-05T19:32:06Z,,,,False,territory,True,2026-08-20T13:09:34Z,False,False,https://t.me/kzn_official/23393,200,official,,True,https://t.me/kzn_official/23393,resolved,mo-92701000,"📌 В этом году здесь обновили корпус травматологии, установили современный томограф и рентген, в приемном отделении начали замену окон.",useful,87,,
,needs_review,low,1,1,evt_572837ec0b3808387873a3cb,2026-09-05T19:32:06Z,,,,False,territory,False,2026-08-20T10:59:01Z,False,False,https://t.me/kzn_official/23392,200,official,,True,https://t.me/kzn_official/23392,reported,mo-92701000,Первая точка будущей карьеры 🙌,context,36,not_editorially_useful,
,needs_review,low,1,1,evt_ffc0b2f4037dca9ffbad32dd,2026-09-05T19:32:07Z,,,,False,territory,False,2026-08-20T10:47:53Z,False,False,https://t.me/avianovsav/6181,200,official,,True,https://t.me/avianovsav/6181,unknown,mo-92701000,На проспекте Фатыха Амирхана появился крошечный трудоголик – первая в Казани беспилотная газонокосилка.,context,30,not_editorially_useful,
,needs_review,low,1,1,evt_6b58a698c16c9e59135a4aaf,2026-09-05T19:32:06Z,,,,False,territory,False,2026-08-20T09:29:50Z,False,False,https://t.me/kzn_official/23391,200,official,,True,https://t.me/kzn_official/23391,reported,mo-92701000,В помощь молодым педагогам 👩‍🏫,context,36,not_editorially_useful,
,needs_review,low,1,1,evt_8a9a5ea97648542a2b834f48,2026-09-05T19:31:50Z,,,,False,territory,False,2026-08-19T13:49:10Z,False,False,https://t.me/kampolany/16292,200,media,,True,https://t.me/kampolany/16292,unknown,mo-92644000,Один из самых частых вопросов о контракте в Татарстане: можно ли самому выбрать часть и специальность?,context,0,not_editorially_useful,
улица Латышских Стрелков,ready,low,1,1,evt_a58982d77b4e82236bb06b36,2026-09-05T19:32:06Z,55.7610455,,49.1695196,True,street,True,2026-08-19T11:30:01Z,False,False,https://t.me/kvb_kzn/3835,200,official,,True,https://t.me/kvb_kzn/3835,in_progress,mo-92701000,Начали работы по строительству сетей ливневой канализации на улице Латышских Стрелков.,useful,97,,
,needs_review,low,1,1,evt_13c594b3ecfa7f1b1cacf9b5,2026-09-05T19:31:43Z,,,,False,territory,False,2026-08-19T09:09:37Z,False,False,https://t.me/universityinnopolis/3529,200,media,,True,https://t.me/universityinnopolis/3529,unknown,RU-TA,Совместно с Минпромторгом России объявляем конкурсный отбор 13 новых региональных центров промышленной робототехники,context,16,not_editorially_useful,
,ready,low,1,1,evt_b304244717cc16b8e058be11,2026-09-05T19:32:06Z,,,,False,territory,True,2026-08-19T06:48:36Z,False,False,https://t.me/kvb_kzn/3834,200,official,,True,https://t.me/kvb_kzn/3834,unknown,mo-92701000,"Начали с крупной магистрали - проспекта Амирхана, где большой объем работы позволит его оценить в деле.",useful,89,,
"улица Островского, 10",ready,low,1,1,evt_26cfa7c7f12a29c52efbbcfc,2026-09-05T19:32:06Z,55.7894523,,49.11308598957477,True,building,True,2026-08-18T17:34:21Z,False,False,https://t.me/kzn_official/23357,200,official,,True,https://t.me/kzn_official/23357,resolved,mo-92701000,"Здесь отремонтировали сцену, зрительный зал, фойе и гримерки, обновили кровлю и фасад.",useful,89,,
,needs_review,low,1,1,evt_93f91e8e7214b9ebc5858882,2026-09-05T19:32:07Z,,,,False,territory,False,2026-08-18T13:36:56Z,False,False,https://t.me/avianovsav/6152,200,official,,True,https://t.me/avianovsav/6152,reported,mo-92701000,Завершается капитальный ремонт пищеблоков.,context,36,not_editorially_useful,
,ready,low,1,1,evt_eb71ed81c34810eb1e8235ec,2026-09-05T19:31:43Z,,,,False,territory,True,2026-08-18T12:31:01Z,False,False,https://t.me/universityinnopolis/3516,200,media,,True,https://t.me/universityinnopolis/3516,unknown,RU-TA,Обсудили образовательные программы и сотрудничество с Чрезвычайным и Полномочным Послом КНР в Российской Федерации,useful,79,,
,needs_review,low,1,1,evt_a4ebdc267f46bbdcc2e10246,2026-09-05T19:31:42Z,,,,False,territory,False,2026-08-18T10:14:00Z,False,False,,,official,URLError,False,https://16.rosstat.gov.ru/news/document/288734,unknown,RU-TA,Об индексе потребительских цен по Республике Татарстан в июле 2026 года,context,0,not_editorially_useful,source_unreachable_at_audit
улица Набережная Казанки,ready,low,1,1,evt_cd833e92f41bb98460e3bd7d,2026-09-05T19:32:06Z,55.8026215,,49.1230854,True,street,True,2026-08-18T07:33:17Z,False,False,https://t.me/kzn_official/23351,200,official,,True,https://t.me/kzn_official/23351,reported,mo-92701000,В Парке Горького завершается строительство смотровой площадки.,useful,72,,
,ready,medium,1,2,evt_07f2a153337ac9761b13f8f5,2026-09-05T21:02:03Z,,,,False,territory,True,2026-08-18T06:48:00Z,False,False,https://t.me/kzn_official/23350,200,official,,True,https://t.me/kzn_official/23350,reported,mo-92701000,На «Ак Барс Арене» 19 августа пройдет матч «Рубин» — «Спартак»,useful,97,,
,needs_review,high,0,1,evt_legacy_44a7d7eca20121d0969f6cb0,2026-09-04T13:14:12Z,,public-ff80da9d2a544f51,,False,territory,False,2026-08-18T00:00:00Z,True,False,,,official,URLError,False,https://16.rosstat.gov.ru/news/document/288734,unknown,RU-TA,Об индексе потребительских цен по Республике Татарстан в июле 2026 года,context,0,missing_primary_evidence|not_editorially_useful,source_unreachable_at_audit
,needs_review,low,1,1,evt_ca08e7fcd487f817fa56d38c,2026-09-05T19:31:43Z,,,,False,territory,False,2026-08-17T12:15:01Z,False,False,https://t.me/universityinnopolis/3511,200,media,,True,https://t.me/universityinnopolis/3511,reported,RU-TA,Вошли в российско-китайское объединение вузов в области передовых технологий,context,16,not_editorially_useful,
,needs_review,low,1,1,evt_936ec5333144b0c1b0d93b5f,2026-09-05T19:32:06Z,,,,False,territory,False,2026-08-17T10:29:59Z,False,False,https://t.me/kzn_official/23336,200,official,,True,https://t.me/kzn_official/23336,reported,mo-92701000,"Рассказываем о работах, которые реализуются в этом году 👆🏻 «Всего за 6 лет действия нацпроектов мы смогли заново построить сотни объектов и капитально их отремо",context,67,not_editorially_useful,
,needs_review,low,1,1,evt_3baa27f6d6436b1da7f84bb9,2026-09-05T19:31:50Z,,,,False,territory,False,2026-08-16T16:00:12Z,False,False,https://t.me/kampolany/16286,200,media,,True,https://t.me/kampolany/16286,unknown,mo-92644000,Были проверены 396 укрытий. Как Раис Татарстана отреагировал на жалобы жителей и как оценивает состояние помещений: https://www.tatar-inform.ru/news/minnixanov-nedostatkov-ne-naideno-lis-v-40-ukrytiyax-iz-396-proverennyx-6037629,context,0,not_editorially_useful,
,needs_review,low,1,1,evt_297fd82ad506fa6636e3abb4,2026-09-05T19:31:50Z,,,,False,territory,False,2026-08-14T17:53:03Z,False,False,https://t.me/kampolany/16280,200,media,,True,https://t.me/kampolany/16280,unknown,mo-92644000,"В Татарстане всё честно, в отличии от некоторых других регионов",context,20,not_editorially_useful,
,ready,low,1,1,evt_ac8f95d734909b13a8fcec25,2026-09-05T19:32:07Z,,,,False,territory,True,2026-08-14T14:48:53Z,False,False,https://t.me/avianovsav/6149,200,official,,True,https://t.me/avianovsav/6149,resolved,mo-92701000,Открыт прием заявок для участия в Спартакиаде среди работников предприятий и организаций Авиастроительного и Ново-Савиновского районов.,useful,79,,
,needs_review,low,1,1,evt_9b618c71184a77fecc7c7f9e,2026-09-05T19:32:06Z,,,,False,territory,False,2026-08-14T14:28:34Z,False,False,https://t.me/kzn_official/23316,200,official,,True,https://t.me/kzn_official/23316,reported,mo-92701000,Открытие состоится уже 20 августа ✨ «Казани и Татарстану доверили второй раз проводить «Новую волну».,context,16,not_editorially_useful,
Авангардная улица,needs_review,low,1,1,evt_7b948480a2e61471ff598c22,2026-09-05T19:32:06Z,55.7447377,,49.1439372,False,street,False,2026-08-14T10:18:25Z,False,False,https://t.me/kvb_kzn/3821,200,official,,True,https://t.me/kvb_kzn/3821,planned,mo-92701000,Авангардные подтопления подлежат отмене,context,46,not_editorially_useful,
,needs_review,low,1,1,evt_1920cdd20a0cd4b40876650a,2026-09-05T19:31:43Z,,,,False,territory,False,2026-08-13T14:42:44Z,False,False,https://t.me/universityinnopolis/3509,200,media,,True,https://t.me/universityinnopolis/3509,unknown,RU-TA,Получили три патента на ИИ-решения для работы с текстом и зрительным вниманием,context,16,not_editorially_useful,
,needs_review,low,1,1,evt_fbacd40e5f905960cda3ab85,2026-09-05T19:31:42Z,,,,False,territory,False,2026-08-13T09:10:00Z,False,False,https://16.mchs.gov.ru/deyatelnost/press-centr/operativnaya-informaciya/shtormovye-i-ekstrennye-preduprezhdeniya/5809883,200,official,,True,https://16.mchs.gov.ru/deyatelnost/press-centr/operativnaya-informaciya/shtormovye-i-ekstrennye-preduprezhdeniya/5809883,planned,mo-92701000,Внимание! Днем 14 августа 2026 г. на территории Республики Татарстан и в г.Казани местами ожидается сильный ветер порывами 15-17 м/с.,context,0,not_editorially_useful,
,needs_review,low,1,1,evt_64cfe310cbb13cc4b749d777,2026-09-05T19:31:42Z,,,,False,territory,False,2026-08-13T08:16:00Z,False,False,,,official,URLError,False,https://16.rosstat.gov.ru/news/document/288479,unknown,RU-TA,Об уровне и индексах потребительских цен на некоторые виды продовольственных товаров по Республике Татарстан на 10 августа 2026 года,context,0,not_editorially_useful,source_unreachable_at_audit
,needs_review,low,1,1,evt_c5ba6cd8d50e77b34a54fefc,2026-09-05T19:31:42Z,,,,False,territory,False,2026-08-13T08:14:00Z,False,False,,,official,URLError,False,https://16.rosstat.gov.ru/news/document/288478,unknown,RU-TA,О средних потребительских ценах на автомобильный бензин и дизельное топливо по Республике Татарстан на 10 августа 2026 года,context,0,not_editorially_useful,source_unreachable_at_audit
,ready,low,1,1,evt_56408cd9b0788b0f00f91885,2026-09-05T19:32:06Z,,,,False,territory,True,2026-08-13T06:59:01Z,False,False,https://t.me/kzn_official/23277,200,official,,True,https://t.me/kzn_official/23277,resolved,mo-92701000,🔹Пешеходный мост по ул.Шмидта — отремонтировали деформационные швы и обновили покрытие.,useful,97,,
,needs_review,high,0,1,evt_legacy_bbefe032b5fd3ca4c8d46ee6,2026-09-04T13:14:12Z,,public-18a41c2c2f6e1fdb,,False,territory,False,2026-08-13T00:00:00Z,True,False,,,official,URLError,False,https://16.rosstat.gov.ru/news/document/288478,unknown,RU-TA,О средних потребительских ценах на автомобильный бензин и дизельное топливо по Республике Татарстан на 10 августа 2026 года,context,0,missing_primary_evidence|not_editorially_useful,source_unreachable_at_audit
,needs_review,high,0,1,evt_legacy_faeeb32bf91542a3d641b10b,2026-09-04T13:14:12Z,,public-8a19ba6c73371019,,False,territory,False,2026-08-13T00:00:00Z,True,False,,,official,URLError,False,https://16.rosstat.gov.ru/news/document/288479,unknown,RU-TA,Об уровне и индексах потребительских цен на некоторые виды продовольственных товаров по Республике Татарстан на 10 августа 2026 года,context,0,missing_primary_evidence|not_editorially_useful,source_unreachable_at_audit
улица Дементьева,ready,medium,1,7,evt_9f9905716c619ddfa251375a,2026-09-05T21:02:03Z,55.8631709,,49.1085137,True,street,True,2026-08-12T08:42:25Z,False,False,https://t.me/avianovsav/6135,200,official,,True,https://t.me/avianovsav/6135,reported,mo-92701000,Конкурс народного караоке «Голос нашей команды. Голос нашего двора»,useful,72,,
,needs_review,low,1,1,evt_a2b8ece6c16cbcd7ee5013c1,2026-09-05T19:32:06Z,,,,False,territory,False,2026-08-12T08:00:47Z,False,False,https://t.me/kzn_official/23261,200,official,,True,https://t.me/kzn_official/23261,reported,mo-92701000,Завершается строительство Центра стрельбы из лука.,context,50,not_editorially_useful,
,needs_review,low,1,1,evt_c9628d3b0f56be74d25b445c,2026-09-05T19:32:07Z,,,,False,territory,False,2026-08-11T14:40:31Z,False,False,https://t.me/avianovsav/6128,200,official,,True,https://t.me/avianovsav/6128,unknown,mo-92701000,В этом году текущий ремонт проводится в 172 многоквартирных домах наших районов.,context,16,not_editorially_useful,
,needs_review,low,1,1,evt_901567b71932b4018aef59bd,2026-09-05T19:31:43Z,,,,False,territory,False,2026-08-11T14:05:01Z,False,False,https://t.me/universityinnopolis/3508,200,media,,True,https://t.me/universityinnopolis/3508,reported,RU-TA,"ИИ-компаньон, тренажёр продаж и ассистент питания: наши выпускники защитили стартапы как дипломы",context,20,not_editorially_useful,
Оренбургский тракт,ready,low,1,1,evt_2a878abe31860960034204a2,2026-09-05T19:32:06Z,55.7463462,,49.1664308,True,street,True,2026-08-11T12:53:05Z,False,False,https://t.me/kzn_official/23240,200,official,,True,https://t.me/kzn_official/23240,reported,mo-92701000,"Все началось с инициативы местного жителя Ильфата Миннибаева, который засыпал овраг.",useful,89,,
,needs_review,medium,1,2,evt_66e050069e55adfa23b70961,2026-09-05T21:02:48Z,,,,False,territory,False,2026-08-10T14:28:25Z,False,False,https://t.me/avianovsav/6126,200,official,,True,https://t.me/avianovsav/6126,reported,mo-92701000,В Авиастроительном районе не работают светофоры,context,67,not_editorially_useful,
Нижнекамск,needs_review,low,2,2,evt_358bc208faff5672b5e04e99,2026-09-05T19:32:08Z,55.6412879,,51.8160376,False,settlement,False,2026-08-10T07:33:54Z,False,False,https://t.me/avianovsav/6125,200,official,,True,https://t.me/avianovsav/6125,reported,mo-92644101,В Татарстане объявлен траур по погибшим в Нижнекамске в результате атаки БПЛА,context,36,not_editorially_useful,
,needs_review,low,1,1,evt_84717a96c74de9be24584071,2026-09-05T19:31:43Z,,,,False,territory,False,2026-08-07T11:59:05Z,False,False,https://t.me/universityinnopolis/3497,200,media,,True,https://t.me/universityinnopolis/3497,resolved,RU-TA,"Они открыли свои стартапы и работают в ведущих ИТ-компаниях, научных лабораториях и технологических центрах вуза.",context,59,not_editorially_useful,
,needs_review,low,1,1,evt_1dd9cd44dbbaff6a7756211a,2026-09-05T19:31:43Z,,,,False,territory,False,2026-08-07T09:45:26Z,False,False,https://t.me/universityinnopolis/3496,200,media,,True,https://t.me/universityinnopolis/3496,unknown,mo-92638490,Глава «Норникеля» Владимир Потанин рассказал президенту Владимиру Путину о внедрении современных технологий в компании,context,0,not_editorially_useful,
,ready,low,1,1,evt_1c328d1371e9284fe194689a,2026-09-05T19:32:08Z,,,,False,territory,True,2026-08-06T13:14:42Z,False,False,https://t.me/avianovsav/6117,200,official,,True,https://t.me/avianovsav/6117,unknown,mo-92701000,Теперь вы можете поделиться впечатлениями о приеме в Администрации Авиастроительного и Ново-Савиновского районов.,useful,79,,
,needs_review,low,1,1,evt_314e8b98eee64734ee76500b,2026-09-05T19:31:42Z,,,,False,territory,False,2026-08-06T10:07:00Z,False,False,,,official,URLError,False,https://16.rosstat.gov.ru/news/document/288169,unknown,RU-TA,О средних потребительских ценах на автомобильный бензин и дизельное топливо по Республике Татарстан на 3 августа 2026 года,context,0,not_editorially_useful,source_unreachable_at_audit
,needs_review,low,1,1,evt_c3746ed03b0acd2c967c815f,2026-09-05T19:31:42Z,,,,False,territory,False,2026-08-06T10:05:00Z,False,False,,,official,URLError,False,https://16.rosstat.gov.ru/news/document/288168,unknown,RU-TA,Об уровне и индексах потребительских цен на некоторые виды продовольственных товаров по Республике Татарстан на 3 августа 2026 года,context,0,not_editorially_useful,source_unreachable_at_audit
,needs_review,low,1,1,evt_54a1e47479a422ba4974e7b2,2026-09-05T19:31:43Z,,,,False,territory,False,2026-08-06T07:10:18Z,False,False,https://t.me/universityinnopolis/3492,200,media,,True,https://t.me/universityinnopolis/3492,reported,mo-92701000,"Для тех, кто пропустил — запись интенсива по аудиту производств для роботизации",context,36,not_editorially_useful,
,needs_review,high,0,1,evt_legacy_09fe3c5321ae035135509ef0,2026-09-04T13:14:12Z,,public-4032f08eeb8da5a6,,False,territory,False,2026-08-06T00:00:00Z,True,False,,,official,URLError,False,https://16.rosstat.gov.ru/news/document/288168,unknown,RU-TA,Об уровне и индексах потребительских цен на некоторые виды продовольственных товаров по Республике Татарстан на 3 августа 2026 года,context,0,missing_primary_evidence|not_editorially_useful,source_unreachable_at_audit
,needs_review,high,0,1,evt_legacy_993a57446578abc0174fa107,2026-09-04T13:14:12Z,,public-a5fc6524dce9eb98,,False,territory,False,2026-08-06T00:00:00Z,True,False,,,official,URLError,False,https://16.rosstat.gov.ru/news/document/288169,unknown,RU-TA,О средних потребительских ценах на автомобильный бензин и дизельное топливо по Республике Татарстан на 3 августа 2026 года,context,0,missing_primary_evidence|not_editorially_useful,source_unreachable_at_audit
,needs_review,medium,1,1,evt_8c9fb27b8bb7a15e7f048b32,2026-09-05T21:02:48Z,,,,False,territory,False,2026-08-05T14:32:01Z,False,False,https://t.me/kvb_kzn/3806,200,official,,True,https://t.me/kvb_kzn/3806,reported,mo-92701000,Благоустройство входа в Ленинский сад идет в Казани,context,36,not_editorially_useful,
,needs_review,medium,1,1,evt_ab385a674e212a81949fedbc,2026-09-05T21:02:48Z,,,,False,territory,False,2026-08-05T14:32:01Z,False,False,https://t.me/kvb_kzn/3806,200,official,,True,https://t.me/kvb_kzn/3806,reported,mo-92701000,Изменится организация движения на улице Нужина и съезде на улицу Пушкина,context,46,not_editorially_useful,
,needs_review,low,1,1,evt_fe7527735cbc365fbd96afb9,2026-09-05T19:32:06Z,,,,False,territory,False,2026-08-05T11:44:01Z,False,False,https://t.me/kvb_kzn/3799,200,official,,True,https://t.me/kvb_kzn/3799,reported,mo-92701000,Разбираем мифы о благоустройстве,context,0,not_editorially_useful,
,needs_review,low,1,1,evt_dc205c6349ee611742f1ac23,2026-09-05T19:31:43Z,,,,False,territory,False,2026-08-04T14:47:01Z,False,False,https://t.me/universityinnopolis/3490,200,media,,True,https://t.me/universityinnopolis/3490,unknown,RU-TA,Наши сотрудники — герои первого в России киберсериала «ИИ Будущего»,context,20,not_editorially_useful,
,needs_review,low,1,1,evt_d01be14ad7093e107ea8d9b1,2026-09-05T19:31:42Z,,,,False,territory,False,2026-08-04T08:19:00Z,False,False,,,official,URLError,False,https://16.rosstat.gov.ru/news/document/287994,unknown,RU-TA,"Подготовлен комплексный информационный доклад ""Социально-экономическое положение Республики Татарстан"" за январь-июнь 2026 года",context,0,not_editorially_useful,source_unreachable_at_audit
,needs_review,high,0,1,evt_legacy_beda80fc5ef043f3883f5a19,2026-09-04T13:14:12Z,,public-e1f342a9d7618e77,,False,territory,False,2026-08-04T00:00:00Z,True,False,,,official,URLError,False,https://16.rosstat.gov.ru/news/document/287994,unknown,RU-TA,"Подготовлен комплексный информационный доклад ""Социально-экономическое положение Республики Татарстан"" за январь-июнь 2026 года",context,0,missing_primary_evidence|not_editorially_useful,source_unreachable_at_audit
,needs_review,low,1,1,evt_a79a3bff77d11aef63178715,2026-09-05T19:32:08Z,,,,False,territory,False,2026-08-01T06:12:09Z,False,False,https://t.me/avianovsav/6110,200,official,,True,https://t.me/avianovsav/6110,reported,mo-92701000,Выше только облака ✈️,context,16,not_editorially_useful,
Центрально-Мариупольская улица,ready,low,1,1,evt_703f63d2c28dbee171814806,2026-09-05T19:32:08Z,55.8736827,,49.0691378,True,street,True,2026-07-31T15:16:19Z,False,False,https://t.me/avianovsav/6109,200,official,,True,https://t.me/avianovsav/6109,in_progress,mo-92701000,Здесь капитально ремонтируют участок улицы Центрально-Мариупольская.,useful,89,,
,needs_review,low,1,1,evt_0787abe17220ab8006f264f7,2026-09-05T19:31:42Z,,,,False,territory,False,2026-07-30T13:43:00Z,False,False,,,official,URLError,False,https://16.rosstat.gov.ru/news/document/287775,unknown,RU-TA,О средних потребительских ценах на автомобильный бензин и дизельное топливо по Республике Татарстан на 27 июля 2026 года,context,0,not_editorially_useful,source_unreachable_at_audit
,needs_review,low,1,1,evt_8d99127870e4eaf2f82d32ad,2026-09-05T19:31:42Z,,,,False,territory,False,2026-07-30T13:41:00Z,False,False,,,official,URLError,False,https://16.rosstat.gov.ru/news/document/287774,unknown,RU-TA,Об уровне и индексах потребительских цен на некоторые виды продовольственных товаров по Республике Татарстан на 27 июля 2026 года,context,0,not_editorially_useful,source_unreachable_at_audit
,ready,low,1,1,evt_115d31737f9dcaddace04987,2026-09-05T19:32:06Z,,,,False,territory,True,2026-07-30T11:02:56Z,False,False,https://t.me/kvb_kzn/3786,200,official,,True,https://t.me/kvb_kzn/3786,resolved,mo-92701000,Здесь отремонтировали деформационные швы с двух сторон и обновили асфальтовое покрытие на протяжении 45 метров.,useful,97,,
,needs_review,high,0,1,evt_legacy_1922ed1fa00f956f89098703,2026-09-04T13:14:12Z,,public-eeed50220897688e,,False,territory,False,2026-07-30T00:00:00Z,True,False,,,official,URLError,False,https://16.rosstat.gov.ru/news/document/287774,unknown,RU-TA,Об уровне и индексах потребительских цен на некоторые виды продовольственных товаров по Республике Татарстан на 27 июля 2026 года,context,0,missing_primary_evidence|not_editorially_useful,source_unreachable_at_audit
,needs_review,high,0,1,evt_legacy_ca91b676b06cd94eb88a2723,2026-09-04T13:14:12Z,,public-afe536f6b96740ab,,False,territory,False,2026-07-30T00:00:00Z,True,False,,,official,URLError,False,https://16.rosstat.gov.ru/news/document/287775,unknown,RU-TA,О средних потребительских ценах на автомобильный бензин и дизельное топливо по Республике Татарстан на 27 июля 2026 года,context,0,missing_primary_evidence|not_editorially_useful,source_unreachable_at_audit
улица Серова,ready,low,1,1,evt_7a94896bcb4d5f596d83eca5,2026-09-05T19:32:06Z,55.8231435,,49.0758492,True,street,True,2026-07-28T13:32:44Z,False,False,https://t.me/kvb_kzn/3784,200,official,,True,https://t.me/kvb_kzn/3784,planned,mo-92701000,Работы планируют завершить к концу августа.,useful,72,,
,needs_review,low,1,1,evt_e3dcb298af065b41a11b1423,2026-09-05T19:31:42Z,,,,False,territory,False,2026-07-27T06:33:00Z,False,False,,,official,URLError,False,https://16.rosstat.gov.ru/news/document/287514,reported,RU-TA,Динамика промышленного производства в Республике Татарстан в I полугодии 2026 года,context,16,not_editorially_useful,source_unreachable_at_audit
,needs_review,high,0,1,evt_legacy_eb8ef26d84f7583753d903b3,2026-09-04T13:14:12Z,,public-f4eee43d4a3fb6d7,,False,territory,False,2026-07-27T00:00:00Z,True,False,,,official,URLError,False,https://16.rosstat.gov.ru/news/document/287514,unknown,RU-TA,Динамика промышленного производства в Республике Татарстан в I полугодии 2026 года,context,16,missing_primary_evidence|not_editorially_useful,source_unreachable_at_audit
,needs_review,low,1,1,evt_b70071c13feecc6876231f1e,2026-09-05T19:31:42Z,,,,False,territory,False,2026-07-24T11:11:00Z,False,False,,,official,URLError,False,https://16.rosstat.gov.ru/news/document/287494,unknown,RU-TA,Об уровне и индексах потребительских цен на некоторые виды продовольственных товаров по Республике Татарстан на 20 июля 2026 года,context,0,not_editorially_useful,source_unreachable_at_audit
,needs_review,low,1,1,evt_bcf3513c18c4908b38569ccd,2026-09-05T19:31:42Z,,,,False,territory,False,2026-07-24T11:09:00Z,False,False,,,official,URLError,False,https://16.rosstat.gov.ru/news/document/287492,unknown,RU-TA,О средних потребительских ценах на автомобильный бензин и дизельное топливо по Республике Татарстан на 20 июля 2026 года,context,0,not_editorially_useful,source_unreachable_at_audit
,needs_review,low,1,1,evt_4b778913dea8f646d0b838cc,2026-09-05T19:32:06Z,,,,False,territory,False,2026-07-24T05:28:26Z,False,False,https://t.me/kvb_kzn/3768,200,official,,True,https://t.me/kvb_kzn/3768,reported,mo-92701000,"Сегодняшний день для Казани начался с 6,2 мм осадков, что составляет 10% от месячной нормы.",context,0,not_editorially_useful,
,needs_review,high,0,1,evt_legacy_bb1f5c0f25b9555563937700,2026-09-04T13:14:12Z,,public-1f25bb765d7deb18,,False,territory,False,2026-07-24T00:00:00Z,True,False,,,official,URLError,False,https://16.rosstat.gov.ru/news/document/287492,unknown,RU-TA,О средних потребительских ценах на автомобильный бензин и дизельное топливо по Республике Татарстан на 20 июля 2026 года,context,0,missing_primary_evidence|not_editorially_useful,source_unreachable_at_audit
,needs_review,high,0,1,evt_legacy_e0ac4d1f820438a201b08b35,2026-09-04T13:14:12Z,,public-a45fcb75d5111077,,False,territory,False,2026-07-24T00:00:00Z,True,False,,,official,URLError,False,https://16.rosstat.gov.ru/news/document/287494,unknown,RU-TA,Об уровне и индексах потребительских цен на некоторые виды продовольственных товаров по Республике Татарстан на 20 июля 2026 года,context,0,missing_primary_evidence|not_editorially_useful,source_unreachable_at_audit
,needs_review,low,1,1,evt_c8770c463bfdee916c70e88d,2026-09-05T19:32:08Z,,,,False,territory,False,2026-07-23T15:09:06Z,False,False,https://t.me/avianovsav/6085,200,official,,True,https://t.me/avianovsav/6085,reported,mo-92701000,"Минус свалка, плюс к порядку",context,0,not_editorially_useful,
,needs_review,medium,1,1,evt_5f344a45f19fa3f7363c9c18,2026-09-05T21:02:48Z,,,,False,territory,False,2026-07-23T13:08:41Z,False,False,https://t.me/kvb_kzn/3763,200,official,,True,https://t.me/kvb_kzn/3763,in_progress,mo-92701000,В Казани ремонтируют улицы для нового проезда с Мамадышского тракта на проспект Победы,context,67,not_editorially_useful,
,needs_review,medium,1,2,evt_82a4efaeb61c6e82d0f5c2fa,2026-09-05T21:02:48Z,,,,False,territory,False,2026-07-17T11:40:00Z,False,False,https://16.mchs.gov.ru/deyatelnost/press-centr/operativnaya-informaciya/shtormovye-i-ekstrennye-preduprezhdeniya/5795080,200,official,,True,https://16.mchs.gov.ru/deyatelnost/press-centr/operativnaya-informaciya/shtormovye-i-ekstrennye-preduprezhdeniya/5795080,reported,RU-TA,Штормовое предупреждение о сильном дожде и ливне в Татарстане,context,24,not_editorially_useful|stale_open_status,
,needs_review,low,1,1,evt_de77e590adeeef863d8c0e73,2026-09-05T19:31:42Z,,,,False,territory,False,2026-07-16T13:03:00Z,False,False,,,official,URLError,False,https://16.rosstat.gov.ru/news/document/287042,unknown,RU-TA,Об уровне и индексах потребительских цен на некоторые виды продовольственных товаров по Республике Татарстан на 13 июля 2026 года,context,0,not_editorially_useful,source_unreachable_at_audit
,needs_review,high,0,1,evt_legacy_65ebd817b7a1c3c01c85c78d,2026-09-04T13:14:12Z,,public-1a482af0caf6ab58,,False,territory,False,2026-07-16T00:00:00Z,True,False,,,official,URLError,False,https://16.rosstat.gov.ru/news/document/287042,unknown,RU-TA,Об уровне и индексах потребительских цен на некоторые виды продовольственных товаров по Республике Татарстан на 13 июля 2026 года,context,0,missing_primary_evidence|not_editorially_useful,source_unreachable_at_audit
,needs_review,high,0,1,evt_legacy_d1ad7685ec76a73af5899b81,2026-09-04T11:02:20Z,,public-6e31c3d5ea1aca69,,False,territory,False,2026-07-16T00:00:00Z,True,False,,,official,URLError,False,https://16.rosstat.gov.ru/news/document/287040,unknown,RU-TA,О средних потребительских ценах на автомобильный бензин и дизельное топливо по Республике Татарстан на 13 июля 2026 года,context,0,missing_primary_evidence|not_editorially_useful,source_unreachable_at_audit
"Нижнекамск, Парк нефтехимиков",needs_review,high,0,1,evt_legacy_c045f7d0283a4eed9fe93ee3,2026-09-04T10:32:23+00:00,55.6547539,nizhnekamsk-park,51.8131668,False,site,False,2026-05-29T00:00:00Z,True,False,https://tatarstan.ru/index.htm/news/2526198.htm,200,media,,True,https://tatarstan.ru/index.htm/news/2526198.htm,in_progress,mo-92644101,В Нижнекамске началась реконструкция Парка нефтехимиков,useful,62,missing_primary_evidence|stale_open_status,
,needs_review,high,0,1,evt_legacy_ea2d079d108c02e08b1a6cf5,2026-09-04T10:32:23+00:00,,novosheshminsk-school,,False,settlement,False,2026-05-29T00:00:00Z,True,False,https://minstroy.tatarstan.ru/index.htm/news/2526196.htm,200,media,,True,https://minstroy.tatarstan.ru/index.htm/news/2526196.htm,in_progress,mo-92645000,В Новошешминске капитально ремонтируется средняя школа,useful,87,missing_primary_evidence|stale_open_status,
,needs_review,medium,1,1,evt_c2c8fb0cfb0934bbd147f053,2026-09-05T19:18:24Z,,,,False,territory,False,2026-05-24T09:05:00Z,False,False,https://16.mchs.gov.ru/deyatelnost/press-centr/operativnaya-informaciya/shtormovye-i-ekstrennye-preduprezhdeniya/5762204,200,official,,True,https://16.mchs.gov.ru/deyatelnost/press-centr/operativnaya-informaciya/shtormovye-i-ekstrennye-preduprezhdeniya/5762204,reported,RU-TA,Экстренное предупреждение на 25.05.2026,context,0,not_editorially_useful|stale_open_status,
,needs_review,high,0,1,evt_legacy_6bbe7a1f8086c1c7cc9e56cb,2026-09-04T10:32:23+00:00,,bolgar-tourism,,False,settlement,False,2026-05-21T00:00:00Z,True,False,https://tourism.tatarstan.ru/index.htm/news/2524031.htm,200,media,,True,https://tourism.tatarstan.ru/index.htm/news/2524031.htm,resolved,mo-92632101,В Болгарском музее-заповеднике внедрён туристский код,context,20,missing_primary_evidence|not_editorially_useful,
,needs_review,high,0,1,evt_legacy_d4801664b3c7600bea3c9e63,2026-09-04T10:32:23+00:00,,tatarstan-investcouncil,,False,territory,False,2026-05-21T00:00:00Z,True,False,https://tatarstan.ru/index.htm/news/2524079.htm,200,media,,True,https://tatarstan.ru/index.htm/news/2524079.htm,planned,RU-TA,Инвестиционный совет рассмотрел проекты развития Татарстана,context,50,missing_primary_evidence|not_editorially_useful|stale_open_status,
,needs_review,high,0,1,evt_legacy_082d6237d7c75e0ca3a627e2,2026-09-04T10:32:23+00:00,,kuyuki-kindergarten,,False,settlement,False,2026-05-07T00:00:00Z,True,False,https://minstroy.tatarstan.ru/index.htm/news/2519259.htm,200,media,,True,https://minstroy.tatarstan.ru/index.htm/news/2519259.htm,in_progress,mo-92648000,В Куюках продолжается строительство детского сада,useful,70,missing_primary_evidence|stale_open_status,
"423700, Республика Татарстан, г. Мензелинск, ул. Кадомцевых, д. 91",needs_review,high,0,1,evt_legacy_4ac176dad8611c08e1e297c5,2026-09-04T10:32:23+00:00,55.7294608,menzelinsk-kindergarten,53.1068425,False,building,False,2026-05-06T00:00:00Z,True,False,https://minstroy.tatarstan.ru/index.htm/news/2518845.htm,200,media,,True,https://minstroy.tatarstan.ru/index.htm/news/2518845.htm,planned,mo-92640101,В Мензелинске обновят детский сад «Алтынчеч»,context,36,missing_primary_evidence|not_editorially_useful|stale_open_status,
"423450, Республика Татарстан, г. Альметьевск, ул. Тимирязева, д. 39",needs_review,high,0,1,evt_legacy_7b13c4b652ad1f8d78982b23,2026-09-04T10:32:23+00:00,54.9013529,almetyevsk-gymnasium,52.3049048,False,building,False,2026-05-05T00:00:00Z,True,False,https://minstroy.tatarstan.ru/index.htm/news/2518397.htm,200,media,,True,https://minstroy.tatarstan.ru/index.htm/news/2518397.htm,in_progress,mo-92608101,В Альметьевске ремонтируют гимназию №5,useful,79,missing_primary_evidence|stale_open_status,
,needs_review,high,0,1,evt_legacy_36e47920461d33493d626731,2026-09-04T10:32:23+00:00,,buinsk-school,,False,settlement,False,2026-04-28T00:00:00Z,True,False,https://minstroy.tatarstan.ru/index.htm/news/2516488.htm,200,media,,True,https://minstroy.tatarstan.ru/index.htm/news/2516488.htm,in_progress,mo-92618101,Продолжается строительство школы в Буинске,useful,70,missing_primary_evidence|stale_open_status,
"Казань, Приволжский район, ЖК «Станция Юбилейная» / «Станция Спортивная», район улицы Ярышлар и Детского проезда",needs_review,high,0,1,evt_legacy_3af47eaacdd676985ac5d2ce,2026-09-04T10:32:23+00:00,55.6784525,kazan-school,49.1960961,False,site,False,2026-03-17T00:00:00Z,True,False,https://mon.tatarstan.ru/index.htm/news/2502664.htm,200,media,,True,https://mon.tatarstan.ru/index.htm/news/2502664.htm,planned,mo-92701000,Новая школа в ЖК «Станция Юбилейная»,noise,24,missing_primary_evidence|not_editorially_useful|stale_open_status,
,needs_review,high,0,1,evt_legacy_e92a80b8ecca4dae88de9f03,2026-09-04T10:32:23+00:00,,tatarstan-ppp,,False,territory,False,2026-02-19T00:00:00Z,True,False,https://tida.tatarstan.ru/index.htm/news/2499799.htm,200,media,,True,https://tida.tatarstan.ru/index.htm/news/2499799.htm,unknown,RU-TA,АИР Татарстана опубликовало обзор проектов ГЧП,context,50,missing_primary_evidence|not_editorially_useful,
,needs_review,medium,1,1,evt_9ffe4ce9f34fdce8ee411848,2026-09-05T19:18:51Z,,,,False,territory,False,2026-02-13T09:01:00Z,False,False,https://16.mchs.gov.ru/deyatelnost/press-centr/operativnaya-informaciya/shtormovye-i-ekstrennye-preduprezhdeniya/5694614,200,official,,True,https://16.mchs.gov.ru/deyatelnost/press-centr/operativnaya-informaciya/shtormovye-i-ekstrennye-preduprezhdeniya/5694614,reported,RU-TA,Экстренное предупреждение на 14.02.2026 г,context,0,not_editorially_useful|stale_open_status,
,needs_review,high,0,1,evt_legacy_a82bbf0f9956b0d29afd8d8f,2026-09-04T10:32:23+00:00,,chelny-sewer,,False,street,False,2026-02-06T00:00:00Z,True,False,https://minstroy.tatarstan.ru/index.htm/news/2490951.htm,200,media,,True,https://minstroy.tatarstan.ru/index.htm/news/2490951.htm,planned,mo-92730000,Капремонт канализационных сетей в Набережных Челнах,useful,62,missing_primary_evidence|stale_open_status|precision_without_coordinates,
,needs_review,medium,1,1,evt_f516303e1d3bf958b1e40256,2026-09-05T19:19:06Z,,,,False,territory,False,2025-12-27T09:14:00Z,False,False,https://16.mchs.gov.ru/deyatelnost/press-centr/operativnaya-informaciya/shtormovye-i-ekstrennye-preduprezhdeniya/5660392,200,official,,True,https://16.mchs.gov.ru/deyatelnost/press-centr/operativnaya-informaciya/shtormovye-i-ekstrennye-preduprezhdeniya/5660392,reported,RU-TA,Экстренное предупреждение,context,0,not_editorially_useful|stale_open_status,
,needs_review,medium,1,1,evt_403e7170f533cf540a16e4d1,2026-09-05T19:19:24Z,,,,False,territory,False,2025-11-05T16:38:00Z,False,False,https://16.mchs.gov.ru/deyatelnost/press-centr/operativnaya-informaciya/shtormovye-i-ekstrennye-preduprezhdeniya/5627785,200,official,,True,https://16.mchs.gov.ru/deyatelnost/press-centr/operativnaya-informaciya/shtormovye-i-ekstrennye-preduprezhdeniya/5627785,reported,RU-TA,Экстренное предупреждение о тумане,context,0,not_editorially_useful|stale_open_status,
,needs_review,high,0,1,evt_legacy_736f8b3f105be8ed673f3309,2026-09-04T10:32:23+00:00,,innopolis-development,,False,settlement,False,2024-11-26T00:00:00Z,True,False,https://verhniy-uslon.tatarstan.ru/normativno-pravovie-akti.htm?pub_id=4377292,200,media,,True,https://verhniy-uslon.tatarstan.ru/normativno-pravovie-akti.htm?pub_id=4377292,planned,mo-92620109,Иннополис: проекты в прогнозе развития на 2025–2027 годы,context,0,missing_primary_evidence|not_editorially_useful|stale_open_status,
,needs_review,medium,1,1,evt_a45f23430ff14e280b840c95,2026-09-05T19:19:56Z,,,,False,territory,False,2022-12-23T08:53:00Z,False,False,https://16.mchs.gov.ru/deyatelnost/press-centr/operativnaya-informaciya/shtormovye-i-ekstrennye-preduprezhdeniya/4912064,200,official,,True,https://16.mchs.gov.ru/deyatelnost/press-centr/operativnaya-informaciya/shtormovye-i-ekstrennye-preduprezhdeniya/4912064,reported,RU-TA,Предупреждение об интенсивности метеорологических явлений в Татарстане,context,20,not_editorially_useful|stale_open_status,
,needs_review,medium,1,1,evt_e216cd75b569013747969dcc,2026-09-05T19:20:56Z,,,,False,territory,False,2022-11-23T12:35:00Z,False,False,https://16.mchs.gov.ru/deyatelnost/press-centr/operativnaya-informaciya/shtormovye-i-ekstrennye-preduprezhdeniya/4889121,200,official,,True,https://16.mchs.gov.ru/deyatelnost/press-centr/operativnaya-informaciya/shtormovye-i-ekstrennye-preduprezhdeniya/4889121,reported,RU-TA,Штормовое предупреждение о неблагоприятных метеорологических явлениях в Республике Татарстан,context,44,not_editorially_useful|stale_open_status,
,needs_review,low,1,1,evt_1350b47a5f182045c3e746a0,2026-09-04T20:08:36Z,,,,False,territory,False,2021-01-15T07:46:55Z,False,False,https://shahrichalli.ru/news/kich-bgen-irtg/kazan-mglmati-tekhnologiyalr-m-elemt-tekhnikumy-it-cube-balalar-iat-zgend-kibergigiena-m-zur-mglmatlar-beln-eshl-bushlay-kursyna-garizalar-kabul-itlr,200,media,,True,https://shahrichalli.ru/news/kich-bgen-irtg/kazan-mglmati-tekhnologiyalr-m-elemt-tekhnikumy-it-cube-balalar-iat-zgend-kibergigiena-m-zur-mglmatlar-beln-eshl-bushlay-kursyna-garizalar-kabul-itlr,unknown,mo-92730000,Казан мәгълүмати технологияләр һәм элемтә техникумы «IT-Cube» балаларны укырга чакыра,context,0,not_editorially_useful,
